tourney_id,tourney_name,surface,draw_size,tourney_level,indoor,tourney_date,match_num,winner_id,winner_seed,winner_entry,winner_name,winner_hand,winner_ht,winner_ioc,winner_age,winner_rank,winner_rank_points,loser_id,loser_seed,loser_entry,loser_name,loser_hand,loser_ht,loser_ioc,loser_age,loser_rank,loser_rank_points,score,best_of,round,minutes,w_ace,w_df,w_svpt,w_1stIn,w_1stWon,w_2ndWon,w_SvGms,w_bpSaved,w_bpFaced,l_ace,l_df,l_svpt,l_1stIn,l_1stWon,l_2ndWon,l_SvGms,l_bpSaved,l_bpFaced
2009-339,Brisbane,Hard,32,250,O,20090104,1,104547,,,Teymuraz Gabashvili,R,185,GEO,23.619,65,715,104597,,,Ilija Bozoljac,R,193,SRB,23.425,141,495,4-6 6-3 6-4,3,Q1,134,14,4,95,58,42,18,17,4,6,6,5,102,64,38,20,15,5,8
2009-339,Brisbane,Hard,32,250,O,20090104,2,104014,,,Bobby Reynolds,R,183,USA,26.47,82,604,103848,,,Mikhail Elgin,R,183,RUS,27.225,160,379,4-6 6-2 6-3,3,Q1,118,8,3,88,54,40,16,14,3,5,4,6,92,58,35,18,17,4,7
2009-339,Brisbane,Hard,32,250,O,20090104,3,105023,3,,Mischa Zverev,L,191,GER,21.372,80,610,104112,,,Giovanni Lapentti,R,193,ECU,25.944,213,241,6-3 6-4,3,Q1,82,6,2,62,40,31,12,10,1,2,3,4,68,42,26,10,9,2,5
2009-339,Brisbane,Hard,32,250,O,20090104,4,105057,4,,Thomaz Bellucci,L,188,BRA,21.016,85,580,104918,,,Carsten Ball,L,198,AUS,21.544,203,254,6-4 6-3,3,Q1,76,5,3,58,35,28,12,9,1,2,4,2,64,38,22,11,10,3,6
2009-339,Brisbane,Hard,32,250,O,20090104,5,103429,,,Peter Luczak,R,183,AUS,29.347,156,389,105001,5,,Andrey Golubev,R,180,KAZ,21.457,89,555,6-3 6-1,3,Q1,64,3,1,48,29,24,10,8,0,0,2,4,52,30,16,8,7,4,8
2009-339,Brisbane,Hard,32,250,O,20090104,6,104162,6,,Gilles Muller,L,193,LUX,25.659,95,532,104332,,,Colin Ebelthite,R,,AUS,24.104,242,210,6-7(3) 6-4 6-4,3,Q1,142,18,2,115,72,55,22,16,2,3,5,6,108,65,42,18,17,3,7
2009-339,Brisbane,Hard,32,250,O,20090104,7,104010,,,Amer Delic,R,196,BIH,26.516,138,410,104576,7,,Chris Guccione,L,201,AUS,23.433,135,515,6-4 7-5,3,Q1,94,12,1,78,48,38,15,12,1,2,5,3,82,51,34,14,11,2,5
2009-339,Brisbane,Hard,32,250,O,20090104,8,104745,8,,Kevin Anderson,R,203,RSA,22.634,104,510,105436,,,Greg Jones,R,193,AUS,19.926,305,152,7-6(3) 6-4,3,Q1,98,15,2,82,52,42,16,14,1,2,3,4,88,54,35,18,17,2,5
2009-339,Brisbane,Hard,32,250,O,20090104,9,104172,,,Marco Crugnola,R,188,ITA,25.618,189,286,110001,,,Mark Verryth,,,,,,,6-4 6-4,3,Q1,88,4,2,65,42,31,14,10,2,3,3,4,72,45,26,11,10,2,5
2009-339,Brisbane,Hard,32,250,O,20090104,10,104300,,,Luka Gregorc,R,188,SLO,24.89,171,335,104593,,,Jesse Huta Galung,R,,NED,23.247,175,322,6-4 6-4,3,Q1,84,6,3,68,44,32,15,11,2,3,3,5,75,48,28,12,10,2,5
2009-339,Brisbane,Hard,32,250,O,20090104,11,105041,,,Sam Groth,R,193,AUS,21.213,275,182,104417,,,Frank Dancevic,R,185,CAN,24.274,131,440,6-3 7-6(1),3,Q1,92,16,5,76,48,40,14,11,1,2,5,3,84,52,34,12,11,2,5
2009-339,Brisbane,Hard,32,250,O,20090104,12,105062,,,Evgeny Korolev,R,185,KAZ,20.89,113,495,104771,,,Martin Fischer,R,180,AUT,22.459,252,198,6-2 6-1,3,Q1,58,4,1,45,28,23,10,8,0,0,1,3,48,29,14,8,8,4,8
2009-339,Brisbane,Hard,32,250,O,20090104,13,105051,,,Mikhail Kukushkin,R,183,KAZ,21.027,148,395,104595,,,Robert Smeets,L,188,AUS,23.151,208,248,7-5 6-4,3,Q1,96,3,2,72,45,34,14,11,2,3,4,6,82,51,30,12,11,2,6
2009-339,Brisbane,Hard,32,250,O,20090104,14,103602,,,Xavier Malisse,R,185,BEL,28.463,161,375,104028,,,Simon Stadler,L,183,GER,25.462,139,410,6-2 6-1,3,Q1,62,5,1,48,30,24,10,8,0,0,1,2,54,32,16,8,8,4,8
2009-339,Brisbane,Hard,32,250,O,20090104,15,102524,,,Joseph Sirianni,R,178,AUS,33.966,143,485,105154,,,Peter Polansky,R,183,CAN,20.556,211,245,6-2 6-4,3,Q1,78,4,2,58,35,27,12,9,2,3,4,1,64,38,20,10,10,1,5
2009-339,Brisbane,Hard,32,250,O,20090104,16,103554,,,Andrea Stoppini,R,191,ITA,28.849,199,265,104542,,,John Isner,R,208,USA,23.693,144,480,7-5 6-3,3,Q1,92,6,3,75,48,36,15,12,2,3,3,6,84,52,32,14,11,1,4
2009-339,Brisbane,Hard,32,250,O,20090104,17,104547,,,Teymuraz Gabashvili,R,185,GEO,23.619,65,715,105041,,,Sam Groth,R,193,AUS,21.213,275,182,6-2 3-6 6-3,3,Q2,122,10,4,92,55,42,18,17,3,5,4,8,98,60,38,18,15,3,7
2009-339,Brisbane,Hard,32,250,O,20090104,18,104014,,,Bobby Reynolds,R,183,USA,26.47,82,604,104300,,,Luka Gregorc,R,188,SLO,24.89,171,335,6-2 6-4,3,Q2,86,7,2,65,42,32,15,11,1,2,3,5,72,45,26,12,10,1,4
2009-339,Brisbane,Hard,32,250,O,20090104,19,102524,,,Joseph Sirianni,R,178,AUS,33.966,143,485,105023,3,,Mischa Zverev,L,191,GER,21.372,80,610,7-5 6-1,3,Q2,94,5,2,72,45,34,14,11,2,3,4,6,78,48,28,12,11,1,5
2009-339,Brisbane,Hard,32,250,O,20090104,20,103554,,,Andrea Stoppini,R,191,ITA,28.849,199,265,105057,4,,Thomaz Bellucci,L,188,BRA,21.016,85,580,6-3 6-4,3,Q2,88,6,3,68,44,33,15,11,2,3,3,5,75,48,28,12,10,1,4
2009-339,Brisbane,Hard,32,250,O,20090104,21,104162,6,,Gilles Muller,L,193,LUX,25.659,95,532,105051,,,Mikhail Kukushkin,R,183,KAZ,21.027,148,395,7-5 6-7(5) 7-6(4),3,Q2,168,22,5,135,85,65,25,18,3,5,6,10,128,78,52,22,20,4,7
2009-339,Brisbane,Hard,32,250,O,20090104,22,104745,8,,Kevin Anderson,R,203,RSA,22.634,104,510,105062,,,Evgeny Korolev,R,185,KAZ,20.89,113,495,6-4 6-4,3,Q2,96,12,2,78,51,40,16,14,1,2,3,4,84,52,32,15,13,1,4
2009-339,Brisbane,Hard,32,250,O,20090104,23,104010,,,Amer Delic,R,196,BIH,26.516,138,410,104172,,,Marco Crugnola,R,188,ITA,25.618,189,286,6-4 6-3,3,Q2,84,10,2,68,42,33,15,12,1,2,4,2,72,45,28,12,10,1,5
2009-339,Brisbane,Hard,32,250,O,20090104,24,103602,,,Xavier Malisse,R,185,BEL,28.463,161,375,103429,,,Peter Luczak,R,183,AUS,29.347,156,389,6-4 6-4,3,Q2,92,6,2,72,45,34,15,11,1,2,3,5,78,48,28,12,11,1,4
2009-339,Brisbane,Hard,32,250,O,20090104,25,104547,,,Teymuraz Gabashvili,R,185,GEO,23.619,65,715,104745,8,,Kevin Anderson,R,203,RSA,22.634,104,510,6-3 2-6 6-0,3,Q3,114,8,4,85,52,40,16,14,3,5,4,8,92,55,32,15,13,4,8
2009-339,Brisbane,Hard,32,250,O,20090104,26,104014,,,Bobby Reynolds,R,183,USA,26.47,82,604,103602,,,Xavier Malisse,R,185,BEL,28.463,161,375,6-4 6-7(5) 6-3,3,Q3,138,10,3,105,65,48,22,18,4,6,5,8,112,68,44,20,16,3,7
2009-339,Brisbane,Hard,32,250,O,20090104,27,102524,,,Joseph Sirianni,R,178,AUS,33.966,143,485,104162,6,,Gilles Muller,L,193,LUX,25.659,95,532,7-6(5) 7-5,3,Q3,112,6,3,92,58,42,20,17,2,3,4,6,98,62,40,18,17,2,6
2009-339,Brisbane,Hard,32,250,O,20090104,28,104010,,,Amer Delic,R,196,BIH,26.516,138,410,103554,,,Andrea Stoppini,R,191,ITA,28.849,199,265,7-6(5) 6-3,3,Q3,104,14,2,88,54,44,18,15,1,2,3,4,92,58,38,15,13,1,4
2009-451,Doha,Hard,32,250,O,20090105,1,B804,,,Karol Beck,R,180,SVK,26.76,144,606,G531,,,Mohammad Ghareeb,R,,KUW,28.457,468,118,7-5 4-6 6-1,3,Q1,124,2,4,88,59,44,15,15,3,5,6,5,97,55,35,21,14,9,13
2009-451,Doha,Hard,32,250,O,20090105,2,P467,,,Alexander Peya,R,183,AUT,28.526,148,590,CA18,,,Artur Chernov,,,RUS,20.589,629,66,6-1 6-3,3,Q1,52,6,2,45,32,28,4,8,1,2,2,4,59,40,20,7,8,7,12
2009-451,Doha,Hard,32,250,O,20090105,3,M776,,,Michal Mertinak,R,185,SVK,29.238,938,22,R750,3,,Pere Riba,R,183,ESP,20.747,154,554,6-4 6-4,3,Q1,80,4,1,48,27,24,16,10,0,0,3,3,64,33,25,14,10,1,3
2009-451,Doha,Hard,32,250,O,20090105,4,L513,4,,Miguel Angel Lopez Jaen,R,188,ESP,26.103,186,444,A570,,,Ali Ghareeb,,,KUW,22.809,1818,2,6-1 6-1,3,Q1,54,1,0,33,25,20,8,7,0,0,2,4,70,44,22,11,7,15,20
2009-451,Doha,Hard,32,250,O,20090105,5,O207,5,,Lamine Ouahab,R,185,MAR,24.038,191,430,L391,,,Jaroslav Levinsky,R,193,CZE,27.899,,,5-0 RET,3,Q1,21,1,1,22,11,9,5,3,4,4,0,0,13,6,3,1,2,2,4
2009-451,Doha,Hard,32,250,O,20090105,6,K540,6,,Lukasz Kubot,R,191,POL,26.642,205,396,K839,,,Tobias Kamke,R,178,GER,22.628,240,316,6-7(4) 6-2 6-1,3,Q1,134,2,4,100,72,51,12,14,6,8,0,7,80,44,26,14,13,3,9
2009-451,Doha,Hard,32,250,O,20090105,7,BC65,7,,Matthias Bachinger,R,188,GER,21.763,222,352,BE90,,,Ricardas Berankis,R,175,LTU,18.543,454,124,6-4 6-2,3,Q1,65,6,2,58,40,31,8,9,5,6,1,0,58,30,19,11,9,3,7
2009-451,Doha,Hard,32,250,O,20090105,8,P529,8,,Giancarlo Petrazzuolo,R,,ITA,28.413,223,352,SL99,,,Moussa Shanan,,,QAT,,,,6-0 6-0,3,Q1,38,1,2,32,23,18,6,6,0,0,0,6,39,21,7,4,6,3,9
2009-451,Doha,Hard,32,250,O,20090105,9,BC11,,,Sergei Bubka,R,188,UKR,21.903,271,272,H526,,,Gregory Howe,,,,37.164,1309,6,6-2 6-0,3,Q1,47,1,0,57,36,20,14,7,2,3,0,0,35,20,3,6,7,1,7
2009-451,Doha,Hard,32,250,O,20090105,10,C582,,,Marco Chiudinelli,R,185,SUI,27.321,603,74,E196,,,Rainer Eitzinger,R,178,AUT,25.525,278,266,5-7 7-5 6-2,3,Q1,120,5,0,102,68,48,17,16,5,8,0,0,105,83,46,14,16,9,14
2009-451,Doha,Hard,32,250,O,20090105,11,K406,,,Christopher Kas,R,188,GER,28.564,,,L480,,,Marc Lopez,R,175,ESP,26.434,243,310,6-2 6-2,3,Q1,69,2,4,62,38,27,14,8,7,7,2,3,50,26,18,8,8,4,8
2009-451,Doha,Hard,32,250,O,20090105,12,K512,,,Ivo Klec,R,183,SVK,28.104,347,196,CA99,,,Marius Copil,R,191,ROU,18.22,630,66,6-4 7-6(4),3,Q1,89,1,1,82,53,39,19,11,1,1,6,2,68,37,32,16,11,1,2
2009-451,Doha,Hard,32,250,O,20090105,13,P605,,,Jaroslav Pospisil,R,175,CZE,27.904,227,346,MB94,,,Abdullah Maqdes,,,KUW,21.769,,,6-0 6-4,3,Q1,62,4,3,42,28,25,8,8,1,1,1,4,57,40,23,6,8,4,8
2009-451,Doha,Hard,32,250,O,20090105,14,P701,,,Michal Przysiezny,R,185,POL,24.887,607,72,SA81,,,Dmitri Sitak,R,183,RUS,25.843,655,62,6-4 6-2,3,Q1,64,2,3,59,47,32,7,9,4,5,1,5,49,31,20,5,9,0,4
2009-451,Doha,Hard,32,250,O,20090105,15,V339,,,Simone Vagnozzi,R,,ITA,25.604,280,264,MK18,,,Amer Mezri,,,QAT,,,,6-0 6-1,3,Q1,45,1,1,31,22,18,7,6,0,0,2,7,44,26,12,3,7,4,10
2009-451,Doha,Hard,32,250,O,20090105,16,Z072,,,Nenad Zimonjic,R,191,SRB,32.589,,,N642,,,Jaber Nouh,,,QAT,,,,6-1 6-0,3,Q1,32,6,5,37,22,20,8,7,0,0,0,7,29,10,2,6,6,2,7
2009-451,Doha,Hard,32,250,O,20090105,17,B804,,,Karol Beck,R,180,SVK,26.76,144,606,K512,,,Ivo Klec,R,183,SVK,28.104,347,196,2-6 6-3 7-5,3,Q2,125,6,11,99,62,48,15,15,1,4,0,2,86,52,39,15,14,6,9
2009-451,Doha,Hard,32,250,O,20090105,18,P467,,,Alexander Peya,R,183,AUT,28.526,148,590,BC11,,,Sergei Bubka,R,188,UKR,21.903,271,272,7-6(4) 6-4,3,Q2,101,4,1,78,49,34,16,11,4,6,8,1,83,52,31,17,11,7,10
2009-451,Doha,Hard,32,250,O,20090105,19,L513,4,,Miguel Angel Lopez Jaen,R,188,ESP,26.103,186,444,K406,,,Christopher Kas,R,188,GER,28.564,,,7-6(5) 6-1,3,Q2,78,4,7,75,51,39,11,10,4,5,3,0,65,40,26,11,9,2,5
2009-451,Doha,Hard,32,250,O,20090105,20,O207,5,,Lamine Ouahab,R,185,MAR,24.038,191,430,Z072,,,Nenad Zimonjic,R,191,SRB,32.589,,,5-7 6-3 6-3,3,Q2,116,2,4,97,64,43,16,15,6,10,5,6,89,50,34,17,15,3,9
2009-451,Doha,Hard,32,250,O,20090105,21,K540,6,,Lukasz Kubot,R,191,POL,26.642,205,396,V339,,,Simone Vagnozzi,R,,ITA,25.604,280,264,2-6 6-2 7-6(5),3,Q2,143,5,5,105,68,38,19,14,3,8,0,3,94,74,39,13,14,9,14
2009-451,Doha,Hard,32,250,O,20090105,22,P701,,,Michal Przysiezny,R,185,POL,24.887,607,72,BC65,7,,Matthias Bachinger,R,188,GER,21.763,222,352,6-1 6-4,3,Q2,62,5,2,51,33,26,10,9,1,2,2,4,58,39,25,5,8,1,5
2009-451,Doha,Hard,32,250,O,20090105,23,C582,,,Marco Chiudinelli,R,185,SUI,27.321,603,74,P529,8,,Giancarlo Petrazzuolo,R,,ITA,28.413,223,352,6-3 6-1,3,Q2,65,4,1,46,26,19,15,8,2,2,0,5,50,22,14,10,8,5,9
2009-451,Doha,Hard,32,250,O,20090105,24,P605,,,Jaroslav Pospisil,R,175,CZE,27.904,227,346,M776,,,Michal Mertinak,R,185,SVK,29.238,938,22,6-3 6-3,3,Q2,70,9,5,62,33,28,16,9,5,5,4,2,62,38,25,10,9,6,9
2009-451,Doha,Hard,32,250,O,20090105,25,B804,,,Karol Beck,R,180,SVK,26.76,144,606,O207,5,,Lamine Ouahab,R,185,MAR,24.038,191,430,7-5 6-3,3,Q3,83,7,3,68,39,26,16,11,3,6,1,2,55,34,20,7,10,2,7
2009-451,Doha,Hard,32,250,O,20090105,26,P467,,,Alexander Peya,R,183,AUT,28.526,148,590,K540,6,,Lukasz Kubot,R,191,POL,26.642,205,396,6-3 7-6(3),3,Q3,94,4,4,70,51,40,7,10,5,7,0,2,72,49,30,9,11,4,8
2009-451,Doha,Hard,32,250,O,20090105,27,P701,,,Michal Przysiezny,R,185,POL,24.887,607,72,L513,4,,Miguel Angel Lopez Jaen,R,188,ESP,26.103,186,444,0-6 6-3 6-1,3,Q3,104,1,4,67,34,27,12,11,2,6,2,1,81,38,24,18,11,10,15
2009-451,Doha,Hard,32,250,O,20090105,28,C582,,,Marco Chiudinelli,R,185,SUI,27.321,603,74,P605,,,Jaroslav Pospisil,R,175,CZE,27.904,227,346,6-2 6-2,3,Q3,73,4,1,43,29,22,7,8,0,1,0,2,49,22,11,12,8,6,11
2009-891,Chennai,Hard,32,250,O,20090105,1,C723,,,Flavio Cipolla,R,173,ITA,25.213,138,632,SG79,,,Navdeep Singh,R,,IND,22.872,897,26,6-4 6-3,3,Q1,77,2,1,53,41,32,3,9,2,3,4,5,71,47,26,11,10,5,9
2009-891,Chennai,Hard,32,250,O,20090105,2,B678,2,,Michael Berrer,L,193,GER,28.515,134,684,G881,,,Rohan Gide,,,IND,21.875,1119,12,6-1 6-2,3,Q1,59,2,3,37,21,19,13,8,0,0,0,2,54,24,12,13,7,4,8
2009-891,Chennai,Hard,32,250,O,20090105,3,U043,,,Danai Udomchoke,R,173,THA,27.403,152,566,PA97,,,Vijay S P Natarajan,R,178,IND,22.193,1412,4,6-4 6-2,3,Q1,75,0,5,66,41,27,15,9,7,8,7,1,72,33,24,11,9,6,10
2009-891,Chennai,Hard,32,250,O,20090105,4,R548,,,Rajeev Ram,R,193,USA,24.802,204,404,I230,,,Tatsuma Ito,R,180,JPN,20.635,314,222,6-4 6-2,3,Q1,59,7,1,41,30,28,8,9,0,0,0,4,57,38,27,5,9,4,7
2009-891,Chennai,Hard,32,250,O,20090105,5,K596,5,,Alexander Kudryavtsev,R,183,RUS,23.195,218,360,SC63,,,Sunil-Kumar Sipaeya,,,IND,25.758,981,20,6-4 7-5,3,Q1,84,6,4,81,43,33,17,11,5,7,2,6,61,35,23,9,11,1,5
2009-891,Chennai,Hard,32,250,O,20090105,6,B757,,,Rohan Bopanna,R,193,IND,28.841,332,208,K667,6,,Michel Koning,,,NED,24.682,268,276,6-7(3) 7-6(1) 7-6(4),3,Q1,137,20,4,116,63,53,33,18,5,6,16,2,115,69,56,26,18,3,4
2009-891,Chennai,Hard,32,250,O,20090105,7,SB34,7,,Alexander Satschko,R,178,GER,28.148,273,270,Z104,,,Lovro Zovko,R,191,CRO,27.803,642,64,6-2 7-5,3,Q1,87,8,2,63,40,32,9,10,5,6,5,6,72,30,19,19,10,7,11
2009-891,Chennai,Hard,32,250,O,20090105,8,I145,8,,Kyu Tae Im,R,185,KOR,27.997,295,246,SM00,,,Naveen Saai,R,,IND,17.459,,,6-0 6-0,3,Q1,51,1,1,36,27,22,5,6,1,1,0,8,41,23,10,4,6,1,7
2009-891,Chennai,Hard,32,250,O,20090105,9,N558,,,N.Sriram Balaji,R,180,IND,18.804,,,MI62,,,Ronak Manuja,,,IND,17.243,1480,4,6-2 6-2,3,Q1,66,5,3,43,24,20,13,8,1,1,3,3,49,19,14,11,8,2,6
2009-891,Chennai,Hard,32,250,O,20090105,10,G716,,,Rohan Gajjar,,,IND,24.663,770,42,TA75,,,Abhijeet Tiwari,,,IND,18.431,1749,2,6-0 2-6 7-6(2),3,Q1,98,7,2,76,43,29,14,13,1,5,1,5,81,53,33,11,13,8,13
2009-891,Chennai,Hard,32,250,O,20090105,11,M760,,,Oliver Marach,R,185,AUT,28.474,475,114,SC68,,,Ashutosh Singh,,,IND,26.281,875,28,6-3 6-3,3,Q1,88,5,2,47,30,23,12,9,1,2,6,6,90,62,35,11,9,8,12
2009-891,Chennai,Hard,32,250,O,20090105,12,PC36,,,Vignesh Peranamallur,R,173,IND,21.166,994,18,R823,,,Purav Raja,R,183,IND,23.08,892,26,3-6 4-2 RET,3,Q1,56,4,1,32,13,12,14,7,0,1,2,1,52,30,22,11,8,1,2
2009-891,Chennai,Hard,32,250,O,20090105,13,SG33,,,Sanam Singh,R,175,IND,20.986,,,BF55,,,Yuki Bhambri,R,185,IND,16.507,1154,10,4-6 6-4 6-1,3,Q1,122,1,5,80,43,24,22,14,1,6,0,3,75,38,19,16,13,2,9
2009-891,Chennai,Hard,32,250,O,20090105,14,SD69,,,Louk Sorensen,R,175,IRL,23.995,298,240,S913,,,Vinod Sridhar,,,IND,29.916,1435,4,6-0 6-4,3,Q1,55,3,1,43,25,20,13,8,0,0,1,4,51,23,14,10,8,3,7
2009-891,Chennai,Hard,32,250,O,20090105,15,SE73,,,Yuichi Sugita,R,175,JPN,20.298,339,204,CA22,,,Pavol Cervenak,R,191,SVK,21.517,299,240,6-1 6-2,3,Q1,59,1,2,52,29,21,16,8,2,2,2,3,50,23,16,9,7,3,7
2009-891,Chennai,Hard,32,250,O,20090105,16,V502,,,Ranjeet Virali-Murugesan,,,IND,23.266,832,32,RA78,,,Vikram Reddy B,,,IND,18.943,1389,4,7-6(3) 6-2,3,Q1,98,0,5,63,34,29,17,10,3,4,3,1,73,43,27,16,10,3,6
2009-891,Chennai,Hard,32,250,O,20090105,17,C723,,,Flavio Cipolla,R,173,ITA,25.213,138,632,SE73,,,Yuichi Sugita,R,175,JPN,20.298,339,204,6-3 6-4,3,Q2,116,2,7,87,64,37,7,9,11,15,0,2,56,28,14,8,10,0,7
2009-891,Chennai,Hard,32,250,O,20090105,18,B678,2,,Michael Berrer,L,193,GER,28.515,134,684,V502,,,Ranjeet Virali-Murugesan,,,IND,23.266,832,32,6-1 6-1,3,Q2,58,6,3,44,33,27,3,7,0,0,1,3,44,27,12,5,7,1,6
2009-891,Chennai,Hard,32,250,O,20090105,19,U043,,,Danai Udomchoke,R,173,THA,27.403,152,566,SD69,,,Louk Sorensen,R,175,IRL,23.995,298,240,6-4 6-4,3,Q2,79,2,3,51,35,24,9,10,2,5,1,2,73,56,27,9,10,8,13
2009-891,Chennai,Hard,32,250,O,20090105,20,R548,,,Rajeev Ram,R,193,USA,24.802,204,404,M760,,,Oliver Marach,R,185,AUT,28.474,475,114,6-2 6-4,3,Q2,73,8,3,46,26,22,10,9,0,1,2,1,64,31,18,17,9,3,7
2009-891,Chennai,Hard,32,250,O,20090105,21,K596,5,,Alexander Kudryavtsev,R,183,RUS,23.195,218,360,PC36,,,Vignesh Peranamallur,R,173,IND,21.166,994,18,6-1 7-6(5),3,Q2,93,6,4,73,48,33,14,9,9,10,2,1,67,41,27,9,10,3,7
2009-891,Chennai,Hard,32,250,O,20090105,22,SB34,7,,Alexander Satschko,R,178,GER,28.148,273,270,G716,,,Rohan Gajjar,,,IND,24.663,770,42,6-2 6-4,3,Q2,76,1,1,51,26,21,16,9,0,0,0,3,56,27,21,10,9,3,6
2009-891,Chennai,Hard,32,250,O,20090105,23,I145,8,,Kyu Tae Im,R,185,KOR,27.997,295,246,N558,,,N.Sriram Balaji,R,180,IND,18.804,,,6-0 6-7(4) 6-2,3,Q2,111,7,3,79,54,43,12,13,0,1,1,5,77,38,22,18,13,4,10
2009-891,Chennai,Hard,32,250,O,20090105,24,B757,,,Rohan Bopanna,R,193,IND,28.841,332,208,SG33,,,Sanam Singh,R,175,IND,20.986,,,6-3 6-4,3,Q2,83,14,4,61,39,30,9,10,1,3,1,3,64,42,25,9,9,3,7
2009-891,Chennai,Hard,32,250,O,20090105,25,C723,,,Flavio Cipolla,R,173,ITA,25.213,138,632,SB34,7,,Alexander Satschko,R,178,GER,28.148,273,270,6-3 6-1,3,Q3,73,0,2,50,29,23,10,8,4,5,2,3,44,26,16,5,8,1,6
2009-891,Chennai,Hard,32,250,O,20090105,26,B757,,,Rohan Bopanna,R,193,IND,28.841,332,208,B678,2,,Michael Berrer,L,193,GER,28.515,134,684,4-6 6-3 6-4,3,Q3,118,15,0,95,53,41,19,15,4,7,3,4,76,49,35,13,14,2,6
2009-891,Chennai,Hard,32,250,O,20090105,27,U043,,,Danai Udomchoke,R,173,THA,27.403,152,566,I145,8,,Kyu Tae Im,R,185,KOR,27.997,295,246,7-6(5) 6-1,3,Q3,90,4,2,57,37,29,11,9,3,4,4,3,78,51,32,10,10,3,7
2009-891,Chennai,Hard,32,250,O,20090105,28,R548,,,Rajeev Ram,R,193,USA,24.802,204,404,K596,5,,Alexander Kudryavtsev,R,183,RUS,23.195,218,360,6-4 6-7(4) 6-3,3,Q3,145,16,1,114,71,53,24,16,11,11,12,5,120,67,47,26,15,9,11
2009-301,Auckland,Hard,28,250,O,20090112,1,H472,,,Oscar Hernandez,R,180,ESP,30.76,67,1168,P471,,,Francesco Piccari,R,,ITA,29.35,351,194,6-7(9) 6-2 6-3,3,Q1,145,10,4,101,58,37,27,15,8,11,2,2,97,48,30,22,14,5,11
2009-301,Auckland,Hard,28,250,O,20090112,2,R483,,,Bobby Reynolds,R,183,USA,26.491,68,1144,F432,,,Alexander Flock,R,191,GER,25.665,228,340,4-6 6-3 6-4,3,Q1,102,9,3,76,46,41,16,15,2,4,5,2,77,42,31,17,14,2,5
2009-301,Auckland,Hard,28,250,O,20090112,3,N309,4,,Ivan Navarro,R,183,ESP,27.233,72,1108,D729,,,Jonathan Dasnieres de Veigy,L,175,FRA,22.021,337,206,6-3 7-6(3),3,Q1,72,10,1,63,40,35,15,11,0,0,3,2,62,52,36,7,10,1,2
2009-301,Auckland,Hard,28,250,O,20090112,4,MA30,,,Gilles Muller,L,193,LUX,25.681,95,956,M655,5,,Nicolas Massu,R,183,CHI,29.259,84,1010,6-3 6-3,3,Q1,70,8,2,56,25,22,18,9,1,1,4,3,52,33,25,7,9,3,6
2009-301,Auckland,Hard,28,250,O,20090112,5,J214,6,,Diego Junqueira,L,178,ARG,28.041,76,1088,SG78,,,Mikal Statham,R,155,NZL,21.719,904,26,6-1 7-6(1),3,Q1,91,1,3,55,28,21,15,9,1,3,1,5,86,51,30,10,10,13,18
2009-301,Auckland,Hard,28,250,O,20090112,6,S544,7,,Vincent Spadea,R,183,USA,34.486,81,1038,R851,,,Mathieu Rodrigues,R,180,FRA,23.181,336,208,7-5 6-2,3,Q1,82,3,3,67,34,23,21,10,6,7,2,0,60,31,18,16,10,6,10
2009-301,Auckland,Hard,28,250,O,20090112,7,BD20,8,,Thomaz Bellucci,L,188,BRA,21.038,89,978,TA04,,,Finn Tearney,R,183,NZL,18.294,1326,6,6-3 6-0,3,Q1,54,8,0,43,29,24,9,8,0,0,2,4,46,26,15,6,7,1,5
2009-301,Auckland,Hard,28,250,O,20090112,8,BE54,,,Ruben Bemelmans,L,183,BEL,20.997,263,282,A596,,,Pablo Andujar,R,180,ESP,22.971,98,942,6-3 6-2,3,Q1,68,2,2,57,32,23,19,9,7,7,1,3,57,37,25,7,8,4,7
2009-301,Auckland,Hard,28,250,O,20090112,9,B757,,,Rohan Bopanna,R,193,IND,28.86,316,220,T389,,,Adam Thompson,,,NZL,26.461,835,32,6-7(5) 6-3 6-4,3,Q1,92,18,3,94,52,42,25,16,0,0,13,3,98,44,36,31,15,5,7
2009-301,Auckland,Hard,28,250,O,20090112,10,E629,,,Colin Ebelthite,R,,AUS,24.126,253,300,D752,,,Niels Desein,R,191,BEL,21.596,254,298,5-7 6-2 6-2,3,Q1,106,4,3,72,45,39,15,14,2,3,7,8,103,54,36,24,14,8,12
2009-301,Auckland,Hard,28,250,O,20090112,11,G676,,,Daniel Gimeno-Traver,R,183,ESP,23.433,90,976,D763,,,Marcus Daniell,R,188,NZL,19.176,820,34,6-3 6-2,3,Q1,76,1,2,55,26,19,15,9,1,3,1,9,68,38,22,9,8,6,11
2009-301,Auckland,Hard,28,250,O,20090112,12,G940,,,Sam Groth,R,193,AUS,21.235,279,266,BD00,,,Roman Borvanov,R,183,MDA,26.787,393,160,6-3 6-4,3,Q1,59,11,2,49,27,23,18,10,1,1,4,0,50,34,23,12,9,2,4
2009-301,Auckland,Hard,28,250,O,20090112,13,I186,,,John Isner,R,208,USA,23.715,144,608,L523,,,Michael Lammer,R,185,SUI,26.804,266,278,7-6(5) 6-7(5) 6-3,3,Q1,151,13,3,128,97,64,21,17,10,11,7,4,100,49,39,33,16,3,5
2009-301,Auckland,Hard,28,250,O,20090112,14,J284,,,G.D. Jones,R,183,NZL,22.784,665,60,L513,,,Miguel Angel Lopez Jaen,R,188,ESP,26.122,188,444,6-2 6-1,3,Q1,61,8,2,45,31,23,8,7,0,0,1,3,63,41,19,10,8,9,14
2009-301,Auckland,Hard,28,250,O,20090112,15,MB88,,,Matwe Middelkoop,R,191,NED,25.361,259,288,T957,,,Nathan Thompson,,,USA,26.075,357,190,7-6(6) 7-6(5),3,Q1,132,1,8,97,62,44,14,12,2,5,2,4,97,63,40,17,12,8,11
2009-301,Auckland,Hard,28,250,O,20090112,16,PD31,,,Benoit Paire,R,196,FRA,19.682,605,76,P605,,,Jaroslav Pospisil,R,175,CZE,27.923,227,346,4-6 6-1 6-2,3,Q1,99,11,3,95,44,31,27,13,6,8,3,7,70,38,25,11,12,3,8
2009-301,Auckland,Hard,28,250,O,20090112,17,H472,,,Oscar Hernandez,R,180,ESP,30.76,67,1168,J284,,,G.D. Jones,R,183,NZL,22.784,665,60,7-6(3) 6-3,3,Q2,96,4,2,64,38,31,20,11,0,0,3,5,71,49,36,11,10,3,4
2009-301,Auckland,Hard,28,250,O,20090112,18,R483,,,Bobby Reynolds,R,183,USA,26.491,68,1144,G940,,,Sam Groth,R,193,AUS,21.235,279,266,7-5 6-7(2) 6-4,3,Q2,134,21,3,99,64,54,20,17,0,0,24,10,120,65,53,26,17,4,6
2009-301,Auckland,Hard,28,250,O,20090112,19,I186,,,John Isner,R,208,USA,23.715,144,608,N309,4,,Ivan Navarro,R,183,ESP,27.233,72,1108,6-7(4) 6-4 7-5,3,Q2,125,6,5,116,86,64,19,17,4,4,11,0,92,55,45,26,17,2,4
2009-301,Auckland,Hard,28,250,O,20090112,20,MB88,,,Matwe Middelkoop,R,191,NED,25.361,259,288,J214,6,,Diego Junqueira,L,178,ARG,28.041,76,1088,6-1 6-1,3,Q2,51,4,0,34,24,21,7,7,0,0,2,3,50,27,14,7,7,4,9
2009-301,Auckland,Hard,28,250,O,20090112,21,E629,,,Colin Ebelthite,R,,AUS,24.126,253,300,S544,7,,Vincent Spadea,R,183,USA,34.486,81,1038,1-6 7-5 6-1,3,Q2,108,4,6,98,52,34,22,13,11,14,5,5,83,40,24,22,13,3,7
2009-301,Auckland,Hard,28,250,O,20090112,22,BD20,8,,Thomaz Bellucci,L,188,BRA,21.038,89,978,BE54,,,Ruben Bemelmans,L,183,BEL,20.997,263,282,6-1 6-3,3,Q2,61,5,2,52,27,20,16,8,2,2,2,0,48,25,16,9,8,0,4
2009-301,Auckland,Hard,28,250,O,20090112,23,B757,,,Rohan Bopanna,R,193,IND,28.86,316,220,PD31,,,Benoit Paire,R,196,FRA,19.682,605,76,5-7 6-3 6-2,3,Q2,92,11,10,100,47,42,24,15,10,13,6,8,88,40,25,23,14,10,15
2009-301,Auckland,Hard,28,250,O,20090112,24,MA30,,,Gilles Muller,L,193,LUX,25.681,95,956,G676,,,Daniel Gimeno-Traver,R,183,ESP,23.433,90,976,6-4 2-6 6-2,3,Q2,87,6,5,67,41,34,10,13,0,3,3,5,72,42,30,14,13,1,5
2009-301,Auckland,Hard,28,250,O,20090112,25,H472,,,Oscar Hernandez,R,180,ESP,30.76,67,1168,E629,,,Colin Ebelthite,R,,AUS,24.126,253,300,7-5 3-6 6-2,3,Q3,116,10,3,78,43,29,23,14,1,3,4,2,86,60,37,14,15,2,6
2009-301,Auckland,Hard,28,250,O,20090112,26,R483,,,Bobby Reynolds,R,183,USA,26.491,68,1144,MB88,,,Matwe Middelkoop,R,191,NED,25.361,259,288,6-4 6-2,3,Q3,77,8,3,53,25,23,16,9,1,1,5,5,65,40,26,10,9,1,4
2009-301,Auckland,Hard,28,250,O,20090112,27,I186,,,John Isner,R,208,USA,23.715,144,608,BD20,8,,Thomaz Bellucci,L,188,BRA,21.038,89,978,6-3 5-7 7-6(3),3,Q3,114,12,3,93,66,52,16,17,1,3,9,3,85,45,37,24,16,1,3
2009-301,Auckland,Hard,28,250,O,20090112,28,MA30,,,Gilles Muller,L,193,LUX,25.681,95,956,B757,,,Rohan Bopanna,R,193,IND,28.86,316,220,6-3 6-2,3,Q3,57,12,2,50,29,26,12,9,2,2,5,1,45,24,18,8,8,0,3
2009-338,Sydney,Hard,28,250,O,20090112,1,M680,,,Xavier Malisse,R,185,BEL,28.485,201,416,G681,2,,Teymuraz Gabashvili,R,185,GEO,23.641,64,1226,6-2 6-3,3,Q1,67,6,3,55,36,23,9,8,2,4,6,4,54,34,18,6,9,2,8
2009-338,Sydney,Hard,28,250,O,20090112,2,S843,,,Potito Starace,R,188,ITA,27.499,71,1128,K964,,,Brydan Klein,R,188,GBR,19.034,248,304,6-4 4-6 6-2,3,Q1,108,3,1,85,56,34,15,14,4,8,3,2,79,51,29,12,14,3,9
2009-338,Sydney,Hard,28,250,O,20090112,3,MA41,,,Ivo Minar,R,183,CZE,24.646,102,930,D469,4,,Nicolas Devilder,L,173,FRA,28.802,70,1142,6-4 7-5,3,Q1,74,6,1,63,44,29,10,11,1,4,2,0,55,32,22,8,11,2,7
2009-338,Sydney,Hard,28,250,O,20090112,4,CA12,,,Jeremy Chardy,R,188,FRA,21.916,73,1106,J263,,,Woong-Sun Jun,R,191,KOR,22.582,267,276,3-6 7-5 6-4,3,Q1,107,14,4,83,58,45,13,15,1,4,10,6,104,57,40,23,16,10,14
2009-338,Sydney,Hard,28,250,O,20090112,5,H442,6,,Jan Hernych,R,188,CZE,29.52,78,1068,SD56,,,Robert Smeets,L,188,AUS,23.173,196,426,3-6 6-3 6-2,3,Q1,105,3,2,83,50,29,20,13,10,14,8,3,102,54,35,18,13,9,15
2009-338,Sydney,Hard,28,250,O,20090112,6,G512,,,Denis Gremelmayr,L,183,GER,27.409,82,1036,D438,,,Amer Delic,R,196,BIH,26.538,126,728,6-4 7-6(4),3,Q1,72,0,3,75,46,39,15,11,2,2,3,1,65,41,27,18,11,0,1
2009-338,Sydney,Hard,28,250,O,20090112,7,K459,,,Sadik Kadir,R,,AUS,27.463,821,34,L290,8,,Nicolas Lapentti,R,188,ECU,32.416,86,1004,6-3 6-2,3,Q1,75,7,0,75,44,33,15,9,7,7,6,1,46,24,16,10,8,1,4
2009-338,Sydney,Hard,28,250,O,20090112,8,K760,,,Evgeny Korolev,R,185,KAZ,20.912,119,808,G806,9,,Andrey Golubev,R,180,KAZ,21.478,92,966,7-6(6) 3-6 6-4,3,Q1,120,7,3,94,60,47,14,15,4,7,13,2,101,58,40,22,16,1,4
2009-338,Sydney,Hard,28,250,O,20090112,9,A678,,,Kevin Anderson,R,203,RSA,22.656,108,904,G899,,,Steven Goh,,,AUS,20.583,882,28,7-5 6-1,3,Q1,70,2,4,52,38,32,5,9,1,2,4,3,65,40,29,4,10,5,10
2009-338,Sydney,Hard,28,250,O,20090112,10,D499,,,Frank Dancevic,R,185,CAN,24.296,131,698,Z189,,,Grega Zemlja,R,183,SLO,22.289,197,424,6-0 6-2,3,Q1,54,2,1,40,27,21,9,7,3,3,1,2,40,22,10,6,7,1,6
2009-338,Sydney,Hard,28,250,O,20090112,11,I165,,,Denis Istomin,R,185,UZB,22.349,105,910,E180,,,Mikhail Elgin,R,183,RUS,27.247,150,590,6-2 6-3,3,Q1,59,1,1,46,29,20,10,8,3,5,2,2,54,36,21,4,9,1,7
2009-338,Sydney,Hard,28,250,O,20090112,12,J361,,,Greg Jones,R,193,AUS,19.948,433,140,PC29,,,Dane Propoggia,,,AUS,18.721,1025,16,6-2 6-3,3,Q1,80,8,2,65,43,29,11,9,6,7,1,11,51,23,17,8,8,6,10
2009-338,Sydney,Hard,28,250,O,20090112,13,L515,,,Peter Luczak,R,183,AUS,29.369,157,552,C487,,,Arnaud Clement,R,173,FRA,31.072,88,980,6-2 6-4,3,Q1,77,7,1,54,38,31,7,9,1,1,1,1,53,23,18,13,9,3,6
2009-338,Sydney,Hard,28,250,O,20090112,14,ME82,,,Adrian Mannarino,L,180,FRA,20.539,129,726,K448,,,Robert Kendrick,R,191,USA,29.161,96,956,6-2 6-4,3,Q1,55,4,2,47,27,22,14,9,0,0,4,3,52,38,28,2,9,0,3
2009-338,Sydney,Hard,28,250,O,20090112,15,M590,,,Alberto Martin,R,175,ESP,30.398,99,940,MI09,,,Brendan Mckenzie,R,,AUS,18.593,630,66,6-2 6-1,3,Q1,63,2,1,40,25,20,9,7,1,2,1,5,55,30,13,10,8,4,10
2009-338,Sydney,Hard,28,250,O,20090112,16,R750,,,Pere Riba,R,183,ESP,20.767,156,554,V205,,,Dusan Vemic,R,188,SRB,32.572,238,324,6-2 6-4,3,Q1,80,3,4,60,31,27,16,9,2,2,3,2,55,39,25,6,9,2,5
2009-338,Sydney,Hard,28,250,O,20090112,17,S843,,,Potito Starace,R,188,ITA,27.499,71,1128,I165,,,Denis Istomin,R,185,UZB,22.349,105,910,7-6(6) 6-2,3,Q2,90,3,2,71,52,36,9,10,4,6,3,1,80,54,32,12,10,10,14
2009-338,Sydney,Hard,28,250,O,20090112,18,CA12,,,Jeremy Chardy,R,188,FRA,21.916,73,1106,J361,,,Greg Jones,R,193,AUS,19.948,433,140,6-4 7-6(3),3,Q2,94,9,2,75,44,36,15,11,4,5,9,3,81,55,37,13,11,4,6
2009-338,Sydney,Hard,28,250,O,20090112,19,L515,,,Peter Luczak,R,183,AUS,29.369,157,552,H442,6,,Jan Hernych,R,188,CZE,29.52,78,1068,6-1 6-3,3,Q2,51,7,0,39,27,23,9,8,0,0,1,1,50,31,15,11,8,3,7
2009-338,Sydney,Hard,28,250,O,20090112,20,G512,,,Denis Gremelmayr,L,183,GER,27.409,82,1036,A678,,,Kevin Anderson,R,203,RSA,22.656,108,904,6-7(4) 7-6(6) 6-4,3,Q2,152,5,6,107,64,49,25,17,3,5,11,11,121,76,60,19,17,6,9
2009-338,Sydney,Hard,28,250,O,20090112,21,D499,,,Frank Dancevic,R,185,CAN,24.296,131,698,K760,,,Evgeny Korolev,R,185,KAZ,20.912,119,808,6-3 6-2,3,Q2,62,7,0,34,23,22,10,8,0,0,2,5,72,42,27,12,9,10,14
2009-338,Sydney,Hard,28,250,O,20090112,22,M680,,,Xavier Malisse,R,185,BEL,28.485,201,416,ME82,,,Adrian Mannarino,L,180,FRA,20.539,129,726,6-3 6-1,3,Q2,50,3,1,49,31,23,11,8,4,5,0,1,35,21,11,4,8,1,6
2009-338,Sydney,Hard,28,250,O,20090112,23,M590,,,Alberto Martin,R,175,ESP,30.398,99,940,K459,,,Sadik Kadir,R,,AUS,27.463,821,34,6-2 6-2,3,Q2,65,3,0,57,43,30,8,8,2,2,1,2,51,26,21,7,8,2,6
2009-338,Sydney,Hard,28,250,O,20090112,24,MA41,,,Ivo Minar,R,183,CZE,24.646,102,930,R750,,,Pere Riba,R,183,ESP,20.767,156,554,6-2 6-4,3,Q2,55,4,0,46,31,23,13,9,1,2,4,5,56,26,19,10,9,4,8
2009-338,Sydney,Hard,28,250,O,20090112,25,G512,,,Denis Gremelmayr,L,183,GER,27.409,82,1036,S843,,,Potito Starace,R,188,ITA,27.499,71,1128,6-2 6-4,3,Q3,64,2,2,60,45,32,10,9,3,3,2,3,57,38,23,7,9,4,7
2009-338,Sydney,Hard,28,250,O,20090112,26,CA12,,,Jeremy Chardy,R,188,FRA,21.916,73,1106,MA41,,,Ivo Minar,R,183,CZE,24.646,102,930,6-3 3-6 7-6(2),3,Q3,128,7,4,102,60,43,26,15,10,12,4,2,106,68,51,18,15,7,9
2009-338,Sydney,Hard,28,250,O,20090112,27,D499,,,Frank Dancevic,R,185,CAN,24.296,131,698,M590,,,Alberto Martin,R,175,ESP,30.398,99,940,6-4 6-3,3,Q3,66,7,0,47,33,26,9,10,0,2,1,4,51,29,16,10,9,2,6
2009-338,Sydney,Hard,28,250,O,20090112,28,M680,,,Xavier Malisse,R,185,BEL,28.485,201,416,L515,,,Peter Luczak,R,183,AUS,29.369,157,552,6-2 6-4,3,Q3,68,8,0,45,33,30,6,9,0,0,1,2,57,37,23,8,9,7,10
2009-580,Australian Open,Hard,128,G,O,20090119,1,MB88,,,Matwe Middelkoop,R,191,NED,25.38,259,288,C634,1,,Paul Capdeville,R,191,CHI,25.802,95,960,6-3 2-6 6-4,3,Q1,125,5,1,85,60,35,16,13,4,7,6,1,98,61,38,21,14,12,16
2009-580,Australian Open,Hard,128,G,O,20090119,2,BA86,,,Andreas Beck,L,191,GER,22.954,103,926,MI09,,,Brendan Mckenzie,R,,AUS,18.612,632,66,6-1 6-2,3,Q1,53,1,2,30,17,14,7,8,2,3,0,2,28,11,4,7,6,1,5
2009-580,Australian Open,Hard,128,G,O,20090119,3,SC56,,,Dudi Sela,R,175,ISR,23.795,106,908,P605,,,Jaroslav Pospisil,R,175,CZE,27.943,227,346,6-3 6-0,3,Q1,54,2,3,46,28,20,8,7,3,4,2,5,49,34,15,4,8,5,11
2009-580,Australian Open,Hard,128,G,O,20090119,4,P436,,,Bjorn Phau,R,175,GER,29.295,110,883,SD56,,,Robert Smeets,L,188,AUS,23.192,197,426,6-3 6-3,3,Q1,53,5,1,43,27,23,13,9,0,0,7,1,48,26,21,9,9,1,4
2009-580,Australian Open,Hard,128,G,O,20090119,5,S673,,,Joseph Sirianni,R,178,AUS,34.007,258,294,SC47,5,,Go Soeda,R,178,JPN,24.372,111,870,3-6 6-3 8-6,3,Q1,154,7,5,117,60,46,22,16,8,12,10,3,96,54,37,19,16,3,8
2009-580,Australian Open,Hard,128,G,O,20090119,6,O264,,,Josselin Ouanna,R,193,FRA,22.768,161,538,K358,6,,Kevin Kim,R,180,USA,30.486,112,866,7-6(5) 2-6 6-3,3,Q1,117,9,3,101,72,46,15,14,9,12,12,4,93,51,41,18,15,5,8
2009-580,Australian Open,Hard,128,G,O,20090119,7,L480,,,Marc Lopez,R,175,ESP,26.472,246,310,L311,7,,Hyung-Taik Lee,R,180,KOR,33.046,113,864,6-4 1-6 6-3,3,Q1,105,4,2,90,61,43,10,13,5,9,2,0,71,48,34,11,13,2,6
2009-580,Australian Open,Hard,128,G,O,20090119,8,O234,,,Wayne Odesnik,L,180,USA,23.162,115,862,G551,,,Santiago Gonzalez,R,191,MEX,25.903,230,334,6-0 6-2,3,Q1,55,2,0,39,28,22,8,7,0,0,1,7,51,24,14,6,7,3,8
2009-580,Australian Open,Hard,128,G,O,20090119,9,V251,9,,Santiago Ventura,R,183,ESP,29.04,117,814,H704,,,Jesse Huta Galung,R,,NED,23.288,175,478,7-5 6-3,3,Q1,96,5,1,70,41,29,15,4,6,8,2,4,62,30,21,13,5,5,9
2009-580,Australian Open,Hard,128,G,O,20090119,10,K760,,,Evgeny Korolev,R,185,KAZ,20.931,118,808,N390,,,Frederik Nielsen,R,188,DEN,25.399,257,294,6-4 6-1,3,Q1,57,3,2,60,36,25,14,9,1,2,1,4,43,25,18,3,8,0,4
2009-580,Australian Open,Hard,128,G,O,20090119,11,G822,,,Riccardo Ghedin,R,185,ITA,23.124,256,297,G511,11,,Simon Greul,R,185,GER,27.77,122,788,2-6 6-4 6-4,3,Q1,120,4,2,105,65,37,22,14,4,8,7,3,94,52,35,20,14,6,10
2009-580,Australian Open,Hard,128,G,O,20090119,12,D438,,,Amer Delic,R,196,BIH,26.557,127,728,ME17,,,Matteo Marrai,,,ITA,22.174,289,254,7-6(6) 6-2,3,Q1,73,7,0,59,42,28,13,10,1,3,3,2,73,54,28,10,10,2,6
2009-580,Australian Open,Hard,128,G,O,20090119,13,SD69,,,Louk Sorensen,R,175,IRL,24.033,300,240,C856,13,,Victor Crivoi,R,185,ROU,26.656,128,726,4-6 7-6(3) 6-3,3,Q1,139,6,3,99,59,38,26,15,4,7,2,4,99,67,40,18,16,3,7
2009-580,Australian Open,Hard,128,G,O,20090119,14,D499,,,Frank Dancevic,R,185,CAN,24.315,131,710,K667,,,Michel Koning,,,NED,24.72,269,276,6-3 6-3,3,Q1,59,7,1,45,30,27,9,9,0,0,10,6,70,34,26,12,9,7,10
2009-580,Australian Open,Hard,128,G,O,20090119,15,B678,,,Michael Berrer,L,193,GER,28.553,134,684,K839,,,Tobias Kamke,R,178,GER,22.667,244,316,3-6 6-4 6-4,3,Q1,125,3,3,98,67,47,20,15,5,7,5,3,92,52,37,22,14,4,6
2009-580,Australian Open,Hard,128,G,O,20090119,16,S842,,,Andrea Stoppini,R,191,ITA,28.89,220,354,B752,16,,Stephane Bohli,R,185,SUI,25.489,136,676,6-1 6-3,3,Q1,58,5,1,45,31,27,4,8,3,4,1,5,54,34,21,4,8,5,10
2009-580,Australian Open,Hard,128,G,O,20090119,17,K834,,,Blaz Kavcic,R,188,SLO,21.878,286,256,BA57,17,,Ilija Bozoljac,R,193,SRB,23.466,137,668,6-1 6-3,3,Q1,68,2,3,56,35,24,12,2,4,5,1,1,53,36,17,6,7,5,10
2009-580,Australian Open,Hard,128,G,O,20090119,18,C723,,,Flavio Cipolla,R,173,ITA,25.251,138,664,O253,,,Dawid Olejniczak,R,,POL,25.889,243,320,6-0 6-1,3,Q1,49,0,4,40,24,19,7,6,0,1,1,1,43,23,7,5,7,7,14
2009-580,Australian Open,Hard,128,G,O,20090119,19,B804,19,,Karol Beck,R,180,SVK,26.798,140,638,G527,,,Luka Gregorc,R,188,SLO,24.931,217,364,6-4 6-1,3,Q1,69,4,2,49,29,19,13,9,1,3,0,3,60,28,17,12,8,5,10
2009-580,Australian Open,Hard,128,G,O,20090119,20,P488,20,,Olivier Patience,R,180,FRA,28.821,141,628,P701,,,Michal Przysiezny,R,185,POL,24.925,569,84,6-3 6-4,3,Q1,77,2,2,69,43,32,16,10,6,6,7,2,56,33,22,13,9,3,5
2009-580,Australian Open,Hard,128,G,O,20090119,21,L523,,,Michael Lammer,R,185,SUI,26.823,267,278,P467,21,,Alexander Peya,R,183,AUT,28.564,142,622,6-3 6-2,3,Q1,69,1,3,59,35,21,13,9,4,6,0,2,48,30,13,8,8,2,7
2009-580,Australian Open,Hard,128,G,O,20090119,22,MB84,22,,Mathieu Montcourt,R,183,FRA,23.88,145,605,L513,,,Miguel Angel Lopez Jaen,R,188,ESP,26.141,190,444,6-7(6) 6-2 8-6,3,Q1,175,8,6,115,78,54,18,17,10,14,5,8,143,95,57,20,17,12,19
2009-580,Australian Open,Hard,128,G,O,20090119,23,S944,23,,Simon Stadler,L,183,GER,25.503,146,602,F344,,,Jean-Christophe Faurel,R,175,FRA,27.874,292,250,6-3 6-3,3,Q1,73,1,3,55,35,22,11,9,0,2,3,4,60,22,11,19,9,6,11
2009-580,Australian Open,Hard,128,G,O,20090119,24,B929,,,Alex Bogdanovic,L,183,GBR,24.663,185,451,K926,24,,Mikhail Kukushkin,R,183,KAZ,21.068,149,594,6-2 4-6 6-4,3,Q1,123,3,4,89,58,39,17,14,5,8,0,2,90,50,26,23,14,6,11
2009-580,Australian Open,Hard,128,G,O,20090119,25,E180,25,,Mikhail Elgin,R,183,RUS,27.266,151,590,J263,,,Woong-Sun Jun,R,191,KOR,22.601,268,276,2-6 7-6(5) 6-2,3,Q1,121,7,0,83,55,41,14,14,3,6,12,4,104,60,42,19,14,10,13
2009-580,Australian Open,Hard,128,G,O,20090119,26,BC72,26,,Daniel Brands,R,196,GER,21.511,152,582,R628,,,Laurent Recouderc,R,,AND,24.528,174,482,4-6 6-4 12-10,3,Q1,166,4,14,150,87,67,25,9,5,9,7,4,135,88,58,24,11,10,15
2009-580,Australian Open,Hard,128,G,O,20090119,27,U043,27,,Danai Udomchoke,R,173,THA,27.441,153,578,P642,,,Boris Pashanski,R,178,SRB,26.212,172,492,6-1 6-3,3,Q1,66,4,2,45,27,18,11,8,0,2,0,3,60,36,19,6,8,8,14
2009-580,Australian Open,Hard,128,G,O,20090119,28,D616,28,,Somdev Devvarman,R,180,IND,23.932,155,562,A487,,,Prakash Amritraj,R,188,IND,25.3,209,392,6-4 3-6 6-4,3,Q1,125,2,2,92,65,46,13,14,3,5,6,3,96,68,44,16,15,9,12
2009-580,Australian Open,Hard,128,G,O,20090119,29,Z189,,,Grega Zemlja,R,183,SLO,22.308,198,424,E254,29,,Brendan Evans,R,188,USA,22.784,156,556,6-3 6-1,3,Q1,58,4,1,54,36,28,8,8,5,6,2,2,49,29,19,3,8,4,9
2009-580,Australian Open,Hard,128,G,O,20090119,30,BC65,,,Matthias Bachinger,R,188,GER,21.802,222,352,R750,30,,Pere Riba,R,183,ESP,20.786,157,554,5-7 6-3 6-4,3,Q1,116,4,1,105,60,37,29,16,2,5,8,5,85,46,31,20,15,7,11
2009-580,Australian Open,Hard,128,G,O,20090119,31,L515,31,,Peter Luczak,R,183,AUS,29.388,158,552,C967,,,Andrew Coelho,L,180,AUS,21.3,332,210,6-3 4-6 6-3,3,Q1,110,5,7,86,60,48,13,14,4,5,8,3,84,47,31,22,14,5,8
2009-580,Australian Open,Hard,128,G,O,20090119,32,D424,32,,Rik De Voest,R,180,RSA,28.624,160,538,B503,,,George Bastl,R,183,SUI,33.804,234,332,6-3 7-6(3),3,Q1,117,4,3,80,56,36,9,11,2,6,2,2,65,41,22,10,10,1,6
2009-580,Australian Open,Hard,128,G,O,20090119,33,A356,,,Thierry Ascione,R,188,FRA,28.005,188,448,J361,,,Greg Jones,R,193,AUS,19.967,433,140,6-7(1) 6-4 6-3,3,Q1,147,5,5,94,55,40,23,10,2,4,13,4,102,56,38,24,11,8,12
2009-580,Australian Open,Hard,128,G,O,20090119,34,CA22,,,Pavol Cervenak,R,191,SVK,21.555,301,240,G744,,,Josh Goodall,R,188,GBR,23.258,204,414,7-6(5) 3-6 6-4,3,Q1,135,18,3,94,57,44,23,15,6,8,8,2,110,63,45,29,16,8,10
2009-580,Australian Open,Hard,128,G,O,20090119,35,C582,,,Marco Chiudinelli,R,185,SUI,27.359,564,86,J290,,,Scoville Jenkins,R,188,USA,22.324,215,370,6-3 6-1,3,Q1,73,3,2,56,45,33,4,8,6,7,2,2,54,34,15,9,8,3,8
2009-580,Australian Open,Hard,128,G,O,20090119,36,C968,,,Marco Crugnola,R,188,ITA,25.659,225,348,I094,,,Victor Ionita,R,185,ROU,25.695,275,270,6-1 6-3,3,Q1,73,2,2,66,41,25,16,8,7,8,0,1,53,29,14,11,8,2,7
2009-580,Australian Open,Hard,128,G,O,20090119,37,D351,,,Sebastien De Chaunac,R,183,FRA,31.285,253,300,L657,,,Gary Lugassy,L,,FRA,26.418,273,272,6-3 6-4,3,Q1,82,7,0,59,39,25,11,4,4,7,1,3,54,31,21,5,5,1,6
2009-580,Australian Open,Hard,128,G,O,20090119,38,D752,,,Niels Desein,R,191,BEL,21.615,255,298,V205,,,Dusan Vemic,R,188,SRB,32.591,239,324,6-1 7-6(6),3,Q1,80,1,6,62,36,30,15,3,2,2,5,3,64,38,27,11,9,2,5
2009-580,Australian Open,Hard,128,G,O,20090119,39,D487,,,Lukas Dlouhy,R,185,CZE,25.782,169,497,F337,,,Zack Fleishman,R,188,USA,28.843,844,30,6-3 6-0,3,Q1,40,9,7,50,32,27,9,8,5,5,2,3,39,21,13,5,7,0,4
2009-580,Australian Open,Hard,128,G,O,20090119,40,D801,,,Alexandr Dolgopolov,R,180,UKR,20.2,312,224,K771,,,Marsel Ilhan,R,191,TUR,21.61,212,372,6-3 6-3,3,Q1,55,6,1,57,33,21,16,9,3,4,0,3,56,34,21,8,9,1,5
2009-580,Australian Open,Hard,128,G,O,20090119,41,D385,,,Benedikt Dorsch,R,178,GER,28.025,173,492,F432,,,Alexander Flock,R,191,GER,25.684,228,340,6-3 6-4,3,Q1,79,4,1,65,42,33,14,10,6,6,3,5,57,31,23,12,9,6,8
2009-580,Australian Open,Hard,128,G,O,20090119,42,E690,,,Matthew Ebden,R,188,AUS,21.15,333,210,P529,,,Giancarlo Petrazzuolo,R,,ITA,28.452,223,352,6-3 6-3,3,Q1,37,3,4,56,30,22,11,9,5,8,3,5,54,33,16,5,9,4,10
2009-580,Australian Open,Hard,128,G,O,20090119,43,H377,,,Dominik Hrbaty,R,180,SVK,31.042,251,302,Y070,,,Michael Yani,R,185,USA,28.052,219,354,6-1 6-4,3,Q1,76,1,1,68,41,27,16,9,2,3,3,4,64,34,22,11,8,11,15
2009-580,Australian Open,Hard,128,G,O,20090119,44,I145,,,Kyu Tae Im,R,185,KOR,28.036,297,246,F580,,,Martin Fischer,R,180,AUT,22.5,213,372,4-6 6-3 6-4,3,Q1,129,0,6,93,50,34,23,14,9,12,2,2,99,58,36,20,15,9,14
2009-580,Australian Open,Hard,128,G,O,20090119,45,K436,,,Dieter Kindlmann,R,183,GER,26.631,229,337,L836,,,Nick Lindahl,R,183,AUS,20.471,330,212,6-2 6-1,3,Q1,62,3,7,58,41,30,6,8,7,8,5,6,55,31,15,9,7,8,13
2009-580,Australian Open,Hard,128,G,O,20090119,46,K540,,,Lukasz Kubot,R,191,POL,26.68,207,396,R613,,,Edouard Roger-Vasselin,R,185,FRA,25.144,171,492,3-6 6-3 6-1,3,Q1,108,3,3,81,51,37,16,12,7,8,6,2,74,55,37,8,13,1,5
2009-580,Australian Open,Hard,128,G,O,20090119,47,K596,,,Alexander Kudryavtsev,R,183,RUS,23.233,218,360,SE83,,,Alexander Slabinsky,R,185,GBR,22.875,335,209,6-4 6-0,3,Q1,71,4,5,63,27,18,18,8,7,9,2,2,49,23,12,8,8,8,14
2009-580,Australian Open,Hard,128,G,O,20090119,48,L430,,,Giovanni Lapentti,R,193,ECU,25.985,216,366,ME05,,,Marinko Matosevic,R,193,AUS,23.45,296,248,7-5 7-6(6),3,Q1,117,5,0,80,54,39,13,12,4,6,9,3,99,59,34,21,12,6,9
2009-580,Australian Open,Hard,128,G,O,20090119,49,L386,,,Jean-Rene Lisnard,R,173,MON,29.32,238,325,A366,,,Diego Alvarez,,0,ARG,28.873,264,282,6-1 6-2,3,Q1,57,4,5,52,33,27,8,8,0,0,4,3,47,32,19,4,7,4,8
2009-580,Australian Open,Hard,128,G,O,20090119,50,M680,,,Xavier Malisse,R,185,BEL,28.504,195,428,R548,,,Rajeev Ram,R,193,USA,24.841,202,416,7-6(3) 7-6(4),3,Q1,108,8,3,78,41,34,24,12,0,1,5,1,86,58,40,16,12,4,5
2009-580,Australian Open,Hard,128,G,O,20090119,51,MB02,,,Florian Mayer,R,191,GER,25.292,450,127,BC11,,,Sergei Bubka,R,188,UKR,21.941,272,272,6-0 6-3,3,Q1,71,0,0,39,30,22,6,7,4,5,1,3,67,30,14,14,8,9,15
2009-580,Australian Open,Hard,128,G,O,20090119,52,MH30,,,John Millman,R,183,AUS,19.6,561,88,ME89,,,Illya Marchenko,R,185,UKR,21.366,231,334,4-6 6-0 6-4,3,Q1,128,0,3,84,43,28,14,13,6,12,0,8,79,42,20,13,13,3,12
2009-580,Australian Open,Hard,128,G,O,20090119,53,N437,,,Gianluca Naso,R,193,ITA,22.037,233,332,W503,,,James Ward,R,188,GBR,21.944,282,264,7-5 6-4,3,Q1,87,4,2,57,33,29,11,11,0,2,7,11,75,38,27,14,11,6,10
2009-580,Australian Open,Hard,128,G,O,20090119,54,O207,,,Lamine Ouahab,R,185,MAR,24.077,193,430,G753,,,David Guez,R,185,FRA,26.116,224,352,6-3 4-6 6-3,3,Q1,123,4,2,88,54,34,18,14,2,6,2,3,91,55,29,18,14,3,9
2009-580,Australian Open,Hard,128,G,O,20090119,55,P646,,,Carlos Poch-Gradin,L,185,ESP,26.196,252,302,I230,,,Tatsuma Ito,R,180,JPN,20.674,315,222,6-2 7-6(2),3,Q1,88,1,1,66,42,30,12,10,0,1,1,6,70,38,24,16,10,3,6
2009-580,Australian Open,Hard,128,G,O,20090119,56,PB22,,,Peter Polansky,R,183,CAN,20.597,210,380,E196,,,Rainer Eitzinger,R,178,AUT,25.563,278,266,6-1 7-6(4),3,Q1,71,6,3,60,37,31,14,10,0,1,2,2,66,49,34,5,9,9,12
2009-580,Australian Open,Hard,128,G,O,20090119,57,P487,,,Eric Prodon,R,180,FRA,27.565,166,510,N349,,,Conor Niland,R,185,IRL,27.335,285,256,6-1 6-3,3,Q1,61,3,2,60,35,24,14,8,4,5,0,2,54,41,19,6,8,6,11
2009-580,Australian Open,Hard,128,G,O,20090119,58,R364,,,Bjorn Rehnquist,R,175,SWE,31.039,191,442,L503,,,Paolo Lorenzi,R,183,ITA,27.097,208,396,6-1 6-4,3,Q1,88,0,0,55,36,22,12,9,4,6,0,1,51,33,15,7,8,3,8
2009-580,Australian Open,Hard,128,G,O,20090119,59,SB34,,,Alexander Satschko,R,178,GER,28.186,274,270,R977,,,Matt Reid,R,183,AUS,18.511,890,26,6-4 6-4,3,Q1,78,4,7,62,34,25,15,10,6,7,0,5,58,38,27,5,10,3,6
2009-580,Australian Open,Hard,128,G,O,20090119,60,SD78,,,Alexandre Sidorenko,R,185,FRA,20.92,186,450,T971,,,Andrew Thomas,R,,AUS,18.888,1077,14,6-1 6-2,3,Q1,47,6,3,48,27,23,11,8,4,4,2,4,40,25,16,4,7,3,7
2009-580,Australian Open,Hard,128,G,O,20090119,61,S799,,,Pavel Snobel,L,191,CZE,28.893,164,514,BE54,,,Ruben Bemelmans,L,183,BEL,21.016,263,282,6-2 7-6(3),3,Q1,72,5,6,66,44,35,10,10,1,2,3,7,72,38,29,11,10,2,5
2009-580,Australian Open,Hard,128,G,O,20090119,62,SG87,,,Ryan Sweeting,R,196,USA,21.52,206,399,S809,,,Yuri Schukin,R,185,KAZ,29.569,184,452,4-6 6-3 6-2,3,Q1,119,8,7,95,64,40,15,14,5,9,3,5,83,59,36,10,13,10,16
2009-580,Australian Open,Hard,128,G,O,20090119,63,V339,,,Simone Vagnozzi,R,,ITA,25.643,281,264,PC29,,,Dane Propoggia,,,AUS,18.741,1026,16,7-6(4) 6-3,3,Q1,84,0,1,70,59,41,7,11,2,3,5,6,77,51,36,10,10,4,6
2009-580,Australian Open,Hard,128,G,O,20090119,64,V564,,,Antonio Veic,R,180,CRO,20.92,271,274,V642,,,Mark Verryth,R,201,AUS,17.717,1455,4,7-6(5) 6-1,3,Q1,78,2,3,62,32,28,18,10,3,3,1,6,62,35,27,11,9,1,3
2009-580,Australian Open,Hard,128,G,O,20090119,65,BA86,,,Andreas Beck,L,191,GER,22.954,103,926,I145,,,Kyu Tae Im,R,185,KOR,28.036,297,246,3-6 7-6(3) 6-3,3,Q2,169,4,4,99,59,43,18,14,6,9,3,2,130,87,47,27,16,8,12
2009-580,Australian Open,Hard,128,G,O,20090119,66,SC56,,,Dudi Sela,R,175,ISR,23.795,106,908,L430,,,Giovanni Lapentti,R,193,ECU,25.985,216,366,6-3 6-4,3,Q2,77,3,1,60,43,35,9,10,4,5,1,1,60,43,23,9,9,6,9
2009-580,Australian Open,Hard,128,G,O,20090119,67,P436,,,Bjorn Phau,R,175,GER,29.295,110,883,C968,,,Marco Crugnola,R,188,ITA,25.659,225,348,7-5 6-2,3,Q2,67,2,2,57,35,27,14,10,4,5,0,2,54,37,23,8,10,3,7
2009-580,Australian Open,Hard,128,G,O,20090119,68,O234,,,Wayne Odesnik,L,180,USA,23.162,115,862,L386,,,Jean-Rene Lisnard,R,173,MON,29.32,238,325,7-5 6-2,3,Q2,92,4,3,61,40,28,13,10,3,5,5,7,74,39,24,12,10,7,12
2009-580,Australian Open,Hard,128,G,O,20090119,69,V251,9,,Santiago Ventura,R,183,ESP,29.04,117,814,D801,,,Alexandr Dolgopolov,R,180,UKR,20.2,312,224,2-6 7-6(1) 6-3,3,Q2,114,1,4,85,50,33,19,14,2,6,3,1,88,52,36,16,15,2,6
2009-580,Australian Open,Hard,128,G,O,20090119,70,K760,,,Evgeny Korolev,R,185,KAZ,20.931,118,808,SD78,,,Alexandre Sidorenko,R,185,FRA,20.92,186,450,3-6 6-4 6-0,3,Q2,83,2,4,67,34,27,20,12,1,2,4,4,78,41,29,16,13,1,5
2009-580,Australian Open,Hard,128,G,O,20090119,71,D438,,,Amer Delic,R,196,BIH,26.557,127,728,D487,,,Lukas Dlouhy,R,185,CZE,25.782,169,497,6-3 7-5,3,Q2,73,8,3,69,39,28,18,11,5,6,8,4,83,50,31,16,10,3,6
2009-580,Australian Open,Hard,128,G,O,20090119,72,D499,,,Frank Dancevic,R,185,CAN,24.315,131,710,V339,,,Simone Vagnozzi,R,,ITA,25.643,281,264,6-1 6-4,3,Q2,73,8,2,62,38,28,11,9,4,5,0,6,63,46,24,6,8,1,5
2009-580,Australian Open,Hard,128,G,O,20090119,73,B678,,,Michael Berrer,L,193,GER,28.553,134,684,E690,,,Matthew Ebden,R,188,AUS,21.15,333,210,6-4 3-6 6-1,3,Q2,105,1,2,74,44,32,15,13,2,5,5,2,80,42,30,16,13,3,8
2009-580,Australian Open,Hard,128,G,O,20090119,74,C723,,,Flavio Cipolla,R,173,ITA,25.251,138,664,P487,,,Eric Prodon,R,180,FRA,27.565,166,510,6-0 6-4,3,Q2,72,2,2,59,40,30,12,8,3,3,0,2,57,28,16,11,8,6,10
2009-580,Australian Open,Hard,128,G,O,20090119,75,C582,,,Marco Chiudinelli,R,185,SUI,27.359,564,86,B804,19,,Karol Beck,R,180,SVK,26.798,140,638,6-2 7-6(6),3,Q2,88,0,0,60,39,28,17,10,1,2,4,2,59,37,28,8,10,2,5
2009-580,Australian Open,Hard,128,G,O,20090119,76,P488,20,,Olivier Patience,R,180,FRA,28.821,141,628,P646,,,Carlos Poch-Gradin,L,185,ESP,26.196,252,302,6-7(6) 6-4 6-4,3,Q2,141,4,1,123,81,55,22,16,5,6,2,3,105,67,45,22,16,5,8
2009-580,Australian Open,Hard,128,G,O,20090119,77,O207,,,Lamine Ouahab,R,185,MAR,24.077,193,430,MB84,22,,Mathieu Montcourt,R,183,FRA,23.88,145,605,4-6 7-6(1) 9-7,3,Q2,174,0,1,117,73,47,21,20,6,13,4,3,107,73,44,16,18,6,12
2009-580,Australian Open,Hard,128,G,O,20090119,78,S944,23,,Simon Stadler,L,183,GER,25.503,146,602,S799,,,Pavel Snobel,L,191,CZE,28.893,164,514,6-2 6-1,3,Q2,61,0,2,37,25,17,9,7,0,1,0,2,68,40,20,9,8,7,13
2009-580,Australian Open,Hard,128,G,O,20090119,79,D385,,,Benedikt Dorsch,R,178,GER,28.025,173,492,E180,25,,Mikhail Elgin,R,183,RUS,27.266,151,590,6-1 6-0,3,Q2,55,2,1,43,26,22,8,7,1,1,0,5,44,25,12,5,6,4,9
2009-580,Australian Open,Hard,128,G,O,20090119,80,K436,,,Dieter Kindlmann,R,183,GER,26.631,229,337,BC72,26,,Daniel Brands,R,196,GER,21.511,152,582,6-2 6-7(5) 6-3,3,Q2,106,5,5,100,61,45,24,15,2,2,9,4,88,59,40,15,14,6,9
2009-580,Australian Open,Hard,128,G,O,20090119,81,U043,27,,Danai Udomchoke,R,173,THA,27.441,153,578,CA22,,,Pavol Cervenak,R,191,SVK,21.555,301,240,3-6 6-2 6-1,3,Q2,91,3,5,73,46,34,16,12,1,2,5,2,70,28,22,22,12,5,9
2009-580,Australian Open,Hard,128,G,O,20090119,82,K540,,,Lukasz Kubot,R,191,POL,26.68,207,396,D616,28,,Somdev Devvarman,R,180,IND,23.932,155,562,4-6 6-4 7-5,3,Q2,172,2,3,100,74,50,13,16,8,12,6,6,111,62,40,25,16,10,15
2009-580,Australian Open,Hard,128,G,O,20090119,83,L515,31,,Peter Luczak,R,183,AUS,29.388,158,552,A356,,,Thierry Ascione,R,188,FRA,28.005,188,448,4-6 6-2 6-4,3,Q2,94,6,2,46,36,27,4,15,0,1,4,2,51,31,19,10,13,2,4
2009-580,Australian Open,Hard,128,G,O,20090119,84,R364,,,Bjorn Rehnquist,R,175,SWE,31.039,191,442,D424,32,,Rik De Voest,R,180,RSA,28.624,160,538,6-4 2-6 6-4,3,Q2,132,2,1,84,53,33,20,14,6,9,2,1,87,61,43,12,14,7,10
2009-580,Australian Open,Hard,128,G,O,20090119,85,BC65,,,Matthias Bachinger,R,188,GER,21.802,222,352,SB34,,,Alexander Satschko,R,178,GER,28.186,274,270,6-3 6-2,3,Q2,75,6,1,62,44,32,11,9,7,7,1,1,57,37,19,11,8,7,10
2009-580,Australian Open,Hard,128,G,O,20090119,86,D351,,,Sebastien De Chaunac,R,183,FRA,31.285,253,300,B929,,,Alex Bogdanovic,L,183,GBR,24.663,185,451,6-3 6-2,3,Q2,59,7,0,43,31,27,9,9,0,0,1,2,46,29,19,5,8,2,5
2009-580,Australian Open,Hard,128,G,O,20090119,87,H377,,,Dominik Hrbaty,R,180,SVK,31.042,251,302,G822,,,Riccardo Ghedin,R,185,ITA,23.124,256,297,6-4 6-1,3,Q2,53,2,0,46,31,23,10,9,0,1,0,1,43,27,15,5,8,0,4
2009-580,Australian Open,Hard,128,G,O,20090119,88,K596,,,Alexander Kudryavtsev,R,183,RUS,23.233,218,360,MB88,,,Matwe Middelkoop,R,191,NED,25.38,259,288,6-3 2-6 6-2,3,Q2,90,2,5,82,49,37,17,13,7,9,1,4,73,45,32,12,12,2,5
2009-580,Australian Open,Hard,128,G,O,20090119,89,L480,,,Marc Lopez,R,175,ESP,26.472,246,310,D752,,,Niels Desein,R,191,BEL,21.615,255,298,6-3 6-2,3,Q2,72,1,0,49,29,25,12,9,3,3,4,4,61,30,23,11,8,9,12
2009-580,Australian Open,Hard,128,G,O,20090119,90,M680,,,Xavier Malisse,R,185,BEL,28.504,195,428,L523,,,Michael Lammer,R,185,SUI,26.823,267,278,6-2 6-2,3,Q2,76,0,1,40,28,23,9,8,0,0,0,1,56,36,16,10,8,7,11
2009-580,Australian Open,Hard,128,G,O,20090119,91,MB02,,,Florian Mayer,R,191,GER,25.292,450,127,K834,,,Blaz Kavcic,R,188,SLO,21.878,286,256,7-6(6) 6-0,3,Q2,89,3,0,63,41,29,11,9,1,2,1,2,76,47,24,14,9,4,8
2009-580,Australian Open,Hard,128,G,O,20090119,92,N437,,,Gianluca Naso,R,193,ITA,22.037,233,332,S673,,,Joseph Sirianni,R,178,AUS,34.007,258,294,6-4 4-6 6-2,3,Q2,113,3,4,31,22,18,3,15,3,4,1,2,38,20,13,8,13,1,3
2009-580,Australian Open,Hard,128,G,O,20090119,93,PB22,,,Peter Polansky,R,183,CAN,20.597,210,380,SD69,,,Louk Sorensen,R,175,IRL,24.033,300,240,4-6 6-1 6-3,3,Q2,107,2,2,79,54,39,13,13,1,3,1,3,81,52,31,14,13,4,9
2009-580,Australian Open,Hard,128,G,O,20090119,94,S842,,,Andrea Stoppini,R,191,ITA,28.89,220,354,V564,,,Antonio Veic,R,180,CRO,20.92,271,274,6-1 6-1,3,Q2,62,1,3,43,28,21,9,7,4,4,1,6,76,47,24,10,7,16,21
2009-580,Australian Open,Hard,128,G,O,20090119,95,SG87,,,Ryan Sweeting,R,196,USA,21.52,206,399,O264,,,Josselin Ouanna,R,193,FRA,22.768,161,538,6-2 5-7 6-4,3,Q2,110,5,6,87,60,48,13,15,4,6,8,2,96,58,38,18,15,8,12
2009-580,Australian Open,Hard,128,G,O,20090119,96,Z189,,,Grega Zemlja,R,183,SLO,22.308,198,424,MH30,,,John Millman,R,183,AUS,19.6,561,88,6-3 6-4,3,Q2,62,1,0,46,36,25,4,9,0,2,7,1,90,65,35,11,10,9,14
2009-580,Australian Open,Hard,128,G,O,20090119,97,BA86,,,Andreas Beck,L,191,GER,22.954,103,926,K540,,,Lukasz Kubot,R,191,POL,26.68,207,396,6-4 6-3,3,Q3,92,5,4,65,42,31,9,10,1,3,2,4,62,41,23,9,9,6,10
2009-580,Australian Open,Hard,128,G,O,20090119,98,SC56,,,Dudi Sela,R,175,ISR,23.795,106,908,Z189,,,Grega Zemlja,R,183,SLO,22.308,198,424,6-0 2-6 8-6,3,Q3,118,0,2,84,54,33,16,14,4,8,1,4,106,70,42,15,14,6,12
2009-580,Australian Open,Hard,128,G,O,20090119,99,P436,,,Bjorn Phau,R,175,GER,29.295,110,883,BC65,,,Matthias Bachinger,R,188,GER,21.802,222,352,4-6 7-6(2) 6-1,3,Q3,118,0,5,97,46,32,27,15,2,6,0,3,100,57,33,20,14,10,15
2009-580,Australian Open,Hard,128,G,O,20090119,100,O234,,,Wayne Odesnik,L,180,USA,23.162,115,862,L515,31,,Peter Luczak,R,183,AUS,29.388,158,552,1-6 6-2 6-3,3,Q3,107,3,0,69,49,33,13,12,2,4,8,1,75,47,33,14,12,5,8
2009-580,Australian Open,Hard,128,G,O,20090119,101,D351,,,Sebastien De Chaunac,R,183,FRA,31.285,253,300,V251,9,,Santiago Ventura,R,183,ESP,29.04,117,814,6-4 6-1,3,Q3,84,2,3,67,31,19,22,9,4,6,2,4,51,25,15,9,8,3,8
2009-580,Australian Open,Hard,128,G,O,20090119,102,K760,,,Evgeny Korolev,R,185,KAZ,20.931,118,808,U043,27,,Danai Udomchoke,R,173,THA,27.441,153,578,6-3 7-5,3,Q3,66,3,2,61,43,31,10,10,4,5,1,4,59,37,23,11,11,2,6
2009-580,Australian Open,Hard,128,G,O,20090119,103,MB02,,,Florian Mayer,R,191,GER,25.292,450,127,D438,,,Amer Delic,R,196,BIH,26.557,127,728,6-0 6-7(3) 6-0,3,Q3,87,1,0,73,52,39,13,12,0,0,8,0,79,52,32,13,12,5,11
2009-580,Australian Open,Hard,128,G,O,20090119,104,M680,,,Xavier Malisse,R,185,BEL,28.504,195,428,D499,,,Frank Dancevic,R,185,CAN,24.315,131,710,3-6 7-5 6-1,3,Q3,171,6,1,70,42,31,18,14,0,3,7,2,92,57,36,14,14,4,9
2009-580,Australian Open,Hard,128,G,O,20090119,105,B678,,,Michael Berrer,L,193,GER,28.553,134,684,D385,,,Benedikt Dorsch,R,178,GER,28.025,173,492,6-1 6-2,3,Q3,67,3,3,54,34,25,10,7,3,3,0,3,54,31,17,8,8,3,8
2009-580,Australian Open,Hard,128,G,O,20090119,106,C723,,,Flavio Cipolla,R,173,ITA,25.251,138,664,K596,,,Alexander Kudryavtsev,R,183,RUS,23.233,218,360,6-3 6-3,3,Q3,84,0,8,80,59,36,8,9,10,13,3,5,55,27,11,13,9,2,8
2009-580,Australian Open,Hard,128,G,O,20090119,107,PB22,,,Peter Polansky,R,183,CAN,20.597,210,380,P488,20,,Olivier Patience,R,180,FRA,28.821,141,628,2-6 6-4 6-2,3,Q3,120,3,3,95,62,39,17,13,7,10,0,4,91,57,36,17,13,10,14
2009-580,Australian Open,Hard,128,G,O,20090119,108,S842,,,Andrea Stoppini,R,191,ITA,28.89,220,354,S944,23,,Simon Stadler,L,183,GER,25.503,146,602,7-6(4) 1-6 6-3,3,Q3,138,2,2,114,70,44,22,14,11,14,3,1,98,69,44,18,14,6,8
2009-580,Australian Open,Hard,128,G,O,20090119,109,H377,,,Dominik Hrbaty,R,180,SVK,31.042,251,302,C582,,,Marco Chiudinelli,R,185,SUI,27.359,564,86,6-1 6-3,3,Q3,59,0,2,45,29,20,7,8,2,4,1,0,52,31,10,11,8,4,10
2009-580,Australian Open,Hard,128,G,O,20090119,110,K436,,,Dieter Kindlmann,R,183,GER,26.631,229,337,N437,,,Gianluca Naso,R,193,ITA,22.037,233,332,6-1 4-6 6-2,3,Q3,104,0,1,76,53,34,14,12,4,7,5,4,94,48,33,10,13,8,15
2009-580,Australian Open,Hard,128,G,O,20090119,111,O207,,,Lamine Ouahab,R,185,MAR,24.077,193,430,SG87,,,Ryan Sweeting,R,196,USA,21.52,206,399,6-4 3-6 8-6,3,Q3,130,2,5,106,63,42,19,16,5,9,3,1,107,68,46,17,17,7,12
2009-580,Australian Open,Hard,128,G,O,20090119,112,R364,,,Bjorn Rehnquist,R,175,SWE,31.039,191,442,L480,,,Marc Lopez,R,175,ESP,26.472,246,310,6-1 6-7(3) 8-6,3,Q3,198,5,2,104,67,41,20,16,4,8,0,1,133,90,46,22,17,8,16
2009-2276,Zagreb,Hard,32,250,I,20090202,1,T315,,,Dmitry Tursunov,R,185,RUS,26.144,30,1892,D776,,,Thiemo de Bakker,R,193,NED,20.372,240,308,7-5 7-6(1),3,Q1,79,9,2,62,30,29,25,12,3,3,10,1,77,44,34,17,12,0,1
2009-2276,Zagreb,Hard,32,250,I,20090202,2,P467,2,,Alexander Peya,R,183,AUT,28.602,140,614,V495,,,Luca Vanni,R,198,ITA,23.666,345,193,6-0 6-0,3,Q1,41,1,0,24,16,16,8,6,0,0,0,2,41,27,8,5,6,3,9
2009-2276,Zagreb,Hard,32,250,I,20090202,3,H704,3,,Jesse Huta Galung,R,,NED,23.326,174,470,P567,,,Filip Prpic,R,173,SWE,26.691,346,192,7-5 2-6 7-5,3,Q1,137,10,3,111,52,37,31,16,10,13,9,3,85,48,34,23,16,2,5
2009-2276,Zagreb,Hard,32,250,I,20090202,4,K310,4,,Stefan Koubek,L,175,AUT,32.085,217,352,F586,,,Thomas Fabbiano,R,173,ITA,19.691,364,182,6-3 6-1,3,Q1,62,1,3,50,23,16,14,8,3,5,0,3,48,26,12,5,8,6,12
2009-2276,Zagreb,Hard,32,250,I,20090202,5,K771,5,,Marsel Ilhan,R,191,TUR,21.648,210,372,T264,,,Marko Tkalec,R,178,SLO,31.882,449,124,7-6(1) 7-6(2),3,Q1,110,9,1,85,48,37,20,12,7,10,12,6,91,42,31,23,12,6,9
2009-2276,Zagreb,Hard,32,250,I,20090202,6,F580,6,,Martin Fischer,R,180,AUT,22.538,219,352,K839,,,Tobias Kamke,R,178,GER,22.705,237,316,6-2 6-1,3,Q1,75,3,1,54,27,22,14,8,4,5,1,6,60,33,20,8,7,3,8
2009-2276,Zagreb,Hard,32,250,I,20090202,7,BC65,7,,Matthias Bachinger,R,188,GER,21.84,206,379,D856,,,Silvio Dadic,R,,CRO,18.24,1856,2,6-3 6-2,3,Q1,60,2,1,49,28,17,12,8,2,4,5,4,66,36,22,8,9,7,13
2009-2276,Zagreb,Hard,32,250,I,20090202,8,L797,,,Lukas Lacko,R,188,SVK,21.251,352,190,C968,8,,Marco Crugnola,R,188,ITA,25.697,216,356,7-6(7) 6-2,3,Q1,91,8,2,74,48,33,15,10,3,4,7,7,85,39,26,21,10,8,11
2009-2276,Zagreb,Hard,32,250,I,20090202,9,B503,,,George Bastl,R,183,SUI,33.843,230,332,CA22,,,Pavol Cervenak,R,191,SVK,21.593,293,248,6-3 6-2,3,Q1,68,5,1,48,34,28,9,9,2,2,2,4,56,31,21,8,8,3,6
2009-2276,Zagreb,Hard,32,250,I,20090202,10,BD05,,,Luka Belic,R,,CRO,20.304,655,60,D361,,,Massimo Dell'Acqua,R,193,ITA,29.41,419,146,6-1 6-1,3,Q1,39,2,1,33,16,14,14,7,0,0,2,5,42,26,13,3,7,1,6
2009-2276,Zagreb,Hard,32,250,I,20090202,11,D646,,,Ivan Dodig,R,183,CRO,24.085,425,144,MB88,,,Matwe Middelkoop,R,191,NED,25.418,257,280,6-3 7-6(8),3,Q1,101,11,2,68,37,32,14,11,3,5,1,5,89,55,37,13,10,9,12
2009-2276,Zagreb,Hard,32,250,I,20090202,12,E196,,,Rainer Eitzinger,R,178,AUT,25.602,272,264,T240,,,Ivaylo Traykov,R,188,BUL,30.13,424,144,6-2 6-2,3,Q1,67,2,1,41,29,24,8,8,0,0,4,11,58,27,21,9,8,3,7
2009-2276,Zagreb,Hard,32,250,I,20090202,13,H377,,,Dominik Hrbaty,R,180,SVK,31.08,209,372,L386,,,Jean-Rene Lisnard,R,173,MON,29.358,246,299,0-6 6-1 6-2,3,Q1,77,4,1,62,43,28,6,10,5,9,3,0,67,32,16,17,11,10,16
2009-2276,Zagreb,Hard,32,250,I,20090202,14,SI06,,,Antonio Sancic,R,180,CRO,20.194,473,114,V205,,,Dusan Vemic,R,188,SRB,32.63,239,308,6-7(11) 6-2 6-3,3,Q1,136,7,1,96,54,42,25,14,5,6,6,4,98,57,40,21,15,3,8
2009-2276,Zagreb,Hard,32,250,I,20090202,15,SF76,,,Franko Skugor,R,196,CRO,21.372,414,148,MF90,,,Kristijan Mesaros,R,188,CRO,20.589,498,104,6-3 7-6(5),3,Q1,97,2,3,76,36,30,20,11,3,4,1,2,71,52,38,7,10,2,4
2009-2276,Zagreb,Hard,32,250,I,20090202,16,T762,,,Josko Topic,,,CRO,25.155,1657,2,J259,,,Andis Juska,R,,LAT,23.702,301,240,6-3 6-7(2) 7-6(5),3,Q1,130,9,5,111,71,56,22,17,6,7,4,5,101,65,47,25,16,3,5
2009-2276,Zagreb,Hard,32,250,I,20090202,17,T315,,,Dmitry Tursunov,R,185,RUS,26.144,30,1892,BD05,,,Luka Belic,R,,CRO,20.304,655,60,6-2 7-6(5),3,Q2,77,6,3,58,38,29,10,10,2,4,7,2,68,33,24,13,10,5,9
2009-2276,Zagreb,Hard,32,250,I,20090202,18,P467,2,,Alexander Peya,R,183,AUT,28.602,140,614,SF76,,,Franko Skugor,R,196,CRO,21.372,414,148,6-0 6-4,3,Q2,69,2,2,50,31,28,8,8,2,2,1,1,58,36,20,9,8,3,7
2009-2276,Zagreb,Hard,32,250,I,20090202,19,H704,3,,Jesse Huta Galung,R,,NED,23.326,174,470,SI06,,,Antonio Sancic,R,180,CRO,20.194,473,114,6-4 7-6(4),3,Q2,84,3,3,61,32,26,18,11,0,2,9,2,74,44,35,12,11,2,5
2009-2276,Zagreb,Hard,32,250,I,20090202,20,D646,,,Ivan Dodig,R,183,CRO,24.085,425,144,K310,4,,Stefan Koubek,L,175,AUT,32.085,217,352,3-6 6-4 7-6(1),3,Q2,133,9,2,96,52,39,26,16,1,3,3,1,90,47,39,23,15,2,3
2009-2276,Zagreb,Hard,32,250,I,20090202,21,H377,,,Dominik Hrbaty,R,180,SVK,31.08,209,372,K771,5,,Marsel Ilhan,R,191,TUR,21.648,210,372,7-5 6-2,3,Q2,92,5,2,68,38,27,13,10,2,4,6,5,88,50,28,16,10,9,14
2009-2276,Zagreb,Hard,32,250,I,20090202,22,F580,6,,Martin Fischer,R,180,AUT,22.538,219,352,E196,,,Rainer Eitzinger,R,178,AUT,25.602,272,264,6-3 7-5,3,Q2,80,1,2,68,45,30,13,11,1,4,1,2,60,34,20,13,10,0,5
2009-2276,Zagreb,Hard,32,250,I,20090202,23,B503,,,George Bastl,R,183,SUI,33.843,230,332,BC65,7,,Matthias Bachinger,R,188,GER,21.84,206,379,6-0 6-1,3,Q2,54,3,2,43,26,20,10,7,1,1,1,6,39,18,10,6,6,5,10
2009-2276,Zagreb,Hard,32,250,I,20090202,24,L797,,,Lukas Lacko,R,188,SVK,21.251,352,190,T762,,,Josko Topic,,,CRO,25.155,1657,2,6-4 6-2,3,Q2,60,6,1,57,40,34,7,9,6,6,6,3,55,37,28,4,9,1,4
2009-2276,Zagreb,Hard,32,250,I,20090202,25,T315,,,Dmitry Tursunov,R,185,RUS,26.144,30,1892,B503,,,George Bastl,R,183,SUI,33.843,230,332,6-2 7-6(3),3,Q3,84,8,3,69,42,28,18,10,6,8,8,0,66,39,24,14,10,3,7
2009-2276,Zagreb,Hard,32,250,I,20090202,26,H377,,,Dominik Hrbaty,R,180,SVK,31.08,209,372,P467,2,,Alexander Peya,R,183,AUT,28.602,140,614,7-6(2) 6-4,3,Q3,88,2,3,64,45,34,11,11,0,2,9,2,73,40,25,17,11,3,6
2009-2276,Zagreb,Hard,32,250,I,20090202,27,L797,,,Lukas Lacko,R,188,SVK,21.251,352,190,H704,3,,Jesse Huta Galung,R,,NED,23.326,174,470,6-7(7) 6-4 6-0,3,Q3,107,12,4,104,58,48,25,14,6,6,10,5,78,48,37,14,14,3,7
2009-2276,Zagreb,Hard,32,250,I,20090202,28,D646,,,Ivan Dodig,R,183,CRO,24.085,425,144,F580,6,,Martin Fischer,R,180,AUT,22.538,219,352,6-1 7-5,3,Q3,76,11,2,58,33,28,15,10,2,2,2,0,54,34,19,13,9,5,8
2009-5012,Johannesburg,Hard,32,250,O,20090202,1,D351,,,Sebastien De Chaunac,R,183,FRA,31.324,225,338,I245,,,Grant Ive,R,,RSA,17.958,1657,2,6-3 6-7(4) 6-3,3,Q2,139,10,7,103,51,41,27,16,6,9,2,9,101,56,40,16,14,11,16
2009-5012,Johannesburg,Hard,32,250,O,20090202,2,W421,,,Fritz Wolmarans,R,,RSA,22.91,,,T957,2,,Nathan Thompson,,,USA,26.133,351,190,6-4 6-3,3,Q2,72,3,3,53,35,29,11,10,0,0,5,3,51,27,23,11,9,2,4
2009-5012,Johannesburg,Hard,32,250,O,20090202,3,MF71,3,,Denys Molchanov,R,188,UKR,21.719,442,131,BC35,,,Eric Butorac,L,191,USA,27.702,,,6-2 7-6(3),3,Q2,61,1,2,59,31,24,20,10,2,3,0,4,64,39,24,14,10,2,5
2009-5012,Johannesburg,Hard,32,250,O,20090202,4,C582,,,Marco Chiudinelli,R,185,SUI,27.398,505,100,A741,,,Jean Andersen,,,RSA,20.63,,,6-0 6-1,3,Q2,53,0,2,46,27,21,11,7,1,1,0,4,47,32,16,3,6,4,9
2009-5012,Johannesburg,Hard,32,250,O,20090202,5,SK41,,,Nicolaas Scholtz,R,,RSA,17.993,1657,2,M759,5,,Wesley Moodie,R,196,RSA,29.969,907,24,2-6 6-3 RET,3,Q2,69,4,2,64,31,21,18,9,2,4,10,5,50,31,26,7,8,3,4
2009-5012,Johannesburg,Hard,32,250,O,20090202,6,A438,,,Andrew Anderson,R,193,RSA,25.823,1564,2,J337,6,,Benjamin Janse van Rensburg,,,RSA,26.04,1197,8,3-6 6-3 7-6(1),3,Q2,131,2,1,96,65,42,22,15,2,5,2,5,104,62,42,21,15,5,8
2009-5012,Johannesburg,Hard,32,250,O,20090202,7,H635,,,Ross Hutchins,R,191,GBR,23.945,,,CC07,7,,Hendrik Coertzen,,,RSA,18.478,1228,8,6-4 3-6 7-6(2),3,Q2,134,1,2,86,56,40,19,15,1,4,6,8,121,68,45,28,16,11,14
2009-5012,Johannesburg,Hard,32,250,O,20090202,8,T749,8,,Horia Tecau,R,193,ROU,24.038,1288,6,N637,,,Mbonisi Ndimande,,,ZWE,17.684,1564,2,6-2 6-2,3,Q2,68,3,6,47,25,25,10,8,1,1,0,4,54,36,26,2,8,8,12
2009-5012,Johannesburg,Hard,32,250,O,20090202,9,D351,,,Sebastien De Chaunac,R,183,FRA,31.324,225,338,SK41,,,Nicolaas Scholtz,R,,RSA,17.993,1657,2,6-2 6-3,3,Q3,69,9,1,49,21,18,20,9,2,2,3,3,54,26,17,11,8,5,8
2009-5012,Johannesburg,Hard,32,250,O,20090202,10,H635,,,Ross Hutchins,R,191,GBR,23.945,,,MF71,3,,Denys Molchanov,R,188,UKR,21.719,442,131,7-5 6-1,3,Q3,80,3,3,57,32,23,15,10,0,1,6,5,66,30,19,16,9,9,13
2009-5012,Johannesburg,Hard,32,250,O,20090202,11,C582,,,Marco Chiudinelli,R,185,SUI,27.398,505,100,T749,8,,Horia Tecau,R,193,ROU,24.038,1288,6,6-3 7-6(2),3,Q3,93,7,1,61,39,32,14,11,2,3,8,15,73,32,26,16,10,5,7
2009-5012,Johannesburg,Hard,32,250,O,20090202,12,A438,,,Andrew Anderson,R,193,RSA,25.823,1564,2,W421,,,Fritz Wolmarans,R,,RSA,22.91,,,6-4 3-6 7-6(4),3,Q3,154,3,8,92,58,41,18,15,2,5,9,9,114,76,59,12,16,11,14
2009-8996,Vina del Mar,Clay,28,250,O,20090202,1,C445,,,Frantisek Cermak,R,193,CZE,32.219,903,24,PB37,,,Hans Podlipnik-Castillo,R,183,CHI,21.068,435,134,6-4 7-6(7),3,Q1,107,1,3,68,42,29,12,11,1,3,0,6,85,56,38,7,11,6,9
2009-8996,Vina del Mar,Clay,28,250,O,20090202,2,D330,,,Alessio Di Mauro,L,185,ITA,31.485,228,335,V552,,,David Veliz-Lepe,,,CHI,23.644,1219,8,6-4 6-4,3,Q1,80,2,2,63,36,27,14,10,4,6,2,3,54,31,19,9,10,3,7
2009-8996,Vina del Mar,Clay,28,250,O,20090202,3,N437,,,Gianluca Naso,R,193,ITA,22.075,223,346,M776,,,Michal Mertinak,R,185,SVK,29.314,937,22,5-7 7-6(3) 7-6(3),3,Q1,159,13,4,132,76,64,25,18,14,16,3,3,107,69,55,23,18,0,1
2009-8996,Vina del Mar,Clay,28,250,O,20090202,4,O317,,,Francisco Olivares,,,CHI,21.081,1564,2,N583,,,Victor Nunez,R,173,CHI,17.695,1232,8,6-1 6-3,3,Q1,77,1,1,70,47,32,9,8,4,6,0,1,59,38,17,8,8,3,9
2009-8996,Vina del Mar,Clay,28,250,O,20090202,5,P713,,,Miquel Perez Puigdomenech,,,ESP,24.142,970,20,MI17,,,Victor Morales,R,,CHI,17.969,1308,6,6-4 6-2,3,Q1,83,1,3,51,25,16,15,9,2,5,1,6,79,50,27,9,9,14,20
2009-8996,Vina del Mar,Clay,28,250,O,20090202,6,TA17,,,Angel Torres,,,CHI,18.946,1356,6,LA18,,,Ignacio Lehyt,,,CHI,17.125,1532,4,6-4 7-6(3),3,Q1,97,0,7,87,59,34,9,11,11,17,0,5,62,28,8,17,11,3,10
2009-8996,Vina del Mar,Clay,28,250,O,20090202,7,U105,,,Ricardo Urzua-Rivera,R,,CHI,19.978,1080,14,GA90,,,Emiliano Garcia-Blanksman,,,ARG,21.558,1811,2,6-2 6-2,3,Q1,88,0,2,51,28,22,16,8,1,1,2,2,70,39,23,11,8,5,9
2009-8996,Vina del Mar,Clay,28,250,O,20090202,8,Z073,,,Mariano Zabaleta,R,183,ARG,30.93,1383,5,G414,,,Adrian Garcia,R,175,CHI,30.694,426,142,7-5 3-6 6-2,3,Q1,132,7,8,80,46,34,17,14,2,5,3,7,119,74,46,21,15,8,13
2009-8996,Vina del Mar,Clay,28,250,O,20090202,9,G585,,,Maximo Gonzalez,R,173,ARG,25.541,113,809,U105,,,Ricardo Urzua-Rivera,R,,CHI,19.978,1080,14,6-2 6-1,3,Q2,54,0,1,43,31,27,5,8,0,0,1,3,42,26,15,4,7,0,4
2009-8996,Vina del Mar,Clay,28,250,O,20090202,10,C882,,,Pablo Cuevas,R,180,URU,23.088,171,475,O317,,,Francisco Olivares,,,CHI,21.081,1564,2,6-1 6-1,3,Q2,38,1,0,30,16,15,13,7,0,0,0,2,33,26,11,1,7,0,5
2009-8996,Vina del Mar,Clay,28,250,O,20090202,11,Z073,,,Mariano Zabaleta,R,183,ARG,30.93,1383,5,H502,3,,Diego Hartfield,R,185,ARG,28.005,172,473,0-6 6-4 7-6(4),3,Q2,143,6,6,104,50,35,23,14,8,14,3,4,86,60,41,11,14,2,6
2009-8996,Vina del Mar,Clay,28,250,O,20090202,12,P642,,,Boris Pashanski,R,178,SRB,26.251,166,496,P713,,,Miquel Perez Puigdomenech,,,ESP,24.142,970,20,6-1 6-0,3,Q2,53,0,1,44,23,17,14,7,3,3,1,3,36,23,11,2,6,2,7
2009-8996,Vina del Mar,Clay,28,250,O,20090202,13,B764,,,Juan Pablo Brzezicki,R,178,ARG,26.812,194,416,TA17,,,Angel Torres,,,CHI,18.946,1356,6,6-2 6-0,3,Q2,45,0,0,38,25,19,10,7,0,0,1,3,45,32,13,6,7,4,9
2009-8996,Vina del Mar,Clay,28,250,O,20090202,14,D479,,,Sebastian Decoud,L,180,ARG,27.376,173,472,N437,,,Gianluca Naso,R,193,ITA,22.075,223,346,2-6 7-6(5) 6-4,3,Q2,158,6,1,115,85,58,12,15,8,12,7,3,99,64,47,17,15,5,8
2009-8996,Vina del Mar,Clay,28,250,O,20090202,15,M915,7,,Daniel Munoz de la Nava,L,175,ESP,27.012,177,464,C445,,,Frantisek Cermak,R,193,CZE,32.219,903,24,6-0 6-3,3,Q2,56,3,3,51,31,24,13,8,3,3,7,4,42,31,17,3,7,3,7
2009-8996,Vina del Mar,Clay,28,250,O,20090202,16,M984,8,,David Marrero,R,183,ESP,28.821,241,306,D330,,,Alessio Di Mauro,L,185,ITA,31.485,228,335,6-2 6-4,3,Q2,87,3,4,53,24,20,16,9,0,1,2,6,71,39,25,12,9,7,11
2009-8996,Vina del Mar,Clay,28,250,O,20090202,17,G585,,,Maximo Gonzalez,R,173,ARG,25.541,113,809,M915,7,,Daniel Munoz de la Nava,L,175,ESP,27.012,177,464,7-5 6-7(4) 6-3,3,Q3,156,6,3,112,82,56,13,17,4,9,7,6,109,46,33,28,16,5,12
2009-8996,Vina del Mar,Clay,28,250,O,20090202,18,C882,,,Pablo Cuevas,R,180,URU,23.088,171,475,M984,8,,David Marrero,R,183,ESP,28.821,241,306,3-6 6-4 6-3,3,Q3,104,8,1,86,64,41,11,14,0,4,5,2,86,60,37,11,14,4,9
2009-8996,Vina del Mar,Clay,28,250,O,20090202,19,P642,,,Boris Pashanski,R,178,SRB,26.251,166,496,D479,,,Sebastian Decoud,L,180,ARG,27.376,173,472,6-4 6-4,3,Q3,104,3,0,63,45,32,11,10,4,5,3,3,75,51,35,8,10,5,8
2009-8996,Vina del Mar,Clay,28,250,O,20090202,20,B764,,,Juan Pablo Brzezicki,R,178,ARG,26.812,194,416,Z073,,,Mariano Zabaleta,R,183,ARG,30.93,1383,5,6-3 6-0,3,Q3,57,1,1,43,34,24,5,8,1,3,1,2,37,21,8,4,7,1,7
2009-407,Rotterdam,Hard,32,500,I,20090209,1,G436,,,Marc Gicquel,R,188,FRA,31.866,55,1308,MB88,,,Matwe Middelkoop,R,191,NED,25.437,256,280,6-2 4-6 7-6(2),3,Q1,149,15,5,94,48,36,25,15,5,9,3,12,132,70,46,24,15,9,14
2009-407,Rotterdam,Hard,32,500,I,20090209,2,G681,2,,Teymuraz Gabashvili,R,185,GEO,23.718,59,1216,G725,,,Santiago Giraldo,R,188,COL,21.205,146,599,7-6(5) 3-6 6-1,3,Q1,113,7,10,94,44,38,21,14,5,8,9,1,90,54,38,19,14,7,11
2009-407,Rotterdam,Hard,32,500,I,20090209,3,C487,,,Arnaud Clement,R,173,FRA,31.149,81,1033,U043,,,Danai Udomchoke,R,173,THA,27.499,166,509,6-0 7-5,3,Q1,73,5,2,48,28,22,11,9,2,3,1,5,60,22,13,15,9,5,10
2009-407,Rotterdam,Hard,32,500,I,20090209,4,SC77,4,,Sergiy Stakhovsky,R,193,UKR,23.094,80,1036,E764,,,Justin Eleveld,,,NED,16.709,1661,2,6-3 6-3,3,Q1,59,6,2,57,36,25,14,9,9,10,3,6,60,26,19,11,9,8,12
2009-407,Rotterdam,Hard,32,500,I,20090209,5,R628,,,Laurent Recouderc,R,,AND,24.586,189,425,R397,5,,Olivier Rochus,R,168,BEL,28.06,117,808,6-1 6-3,3,Q1,58,2,4,47,24,18,13,8,1,2,2,8,49,23,13,8,8,2,7
2009-407,Rotterdam,Hard,32,500,I,20090209,6,K760,,,Evgeny Korolev,R,185,KAZ,20.988,112,828,C993,,,Ignacio Coll-Riudavets,,,ESP,21.432,503,102,6-2 6-1,3,Q1,60,6,3,48,26,20,12,8,1,2,1,5,54,25,9,15,7,4,9
2009-407,Rotterdam,Hard,32,500,I,20090209,7,B752,,,Stephane Bohli,R,185,SUI,25.547,154,548,B896,7,,Benjamin Becker,R,178,GER,27.652,123,771,6-1 6-4,3,Q1,57,4,0,48,29,20,14,9,0,1,5,5,45,24,15,8,8,2,6
2009-407,Rotterdam,Hard,32,500,I,20090209,8,O264,,,Josselin Ouanna,R,193,FRA,22.825,160,530,MB84,8,,Mathieu Montcourt,R,183,FRA,23.937,143,604,6-2 6-4,3,Q1,65,4,0,53,29,23,13,9,2,3,3,4,55,29,17,13,9,4,8
2009-407,Rotterdam,Hard,32,500,I,20090209,9,R628,,,Laurent Recouderc,R,,AND,24.586,189,425,G436,,,Marc Gicquel,R,188,FRA,31.866,55,1308,6-2 6-3,3,Q2,64,8,0,48,30,26,11,9,0,0,5,8,60,26,20,14,8,9,12
2009-407,Rotterdam,Hard,32,500,I,20090209,10,B752,,,Stephane Bohli,R,185,SUI,25.547,154,548,G681,2,,Teymuraz Gabashvili,R,185,GEO,23.718,59,1216,4-6 6-3 6-1,3,Q2,116,8,5,76,42,34,20,13,2,3,4,12,83,39,30,16,13,4,8
2009-407,Rotterdam,Hard,32,500,I,20090209,11,C487,,,Arnaud Clement,R,173,FRA,31.149,81,1033,O264,,,Josselin Ouanna,R,193,FRA,22.825,160,530,7-6(2) 6-2,3,Q2,86,7,2,57,32,27,18,10,1,1,6,5,73,40,30,14,10,8,10
2009-407,Rotterdam,Hard,32,500,I,20090209,12,K760,,,Evgeny Korolev,R,185,KAZ,20.988,112,828,SC77,4,,Sergiy Stakhovsky,R,193,UKR,23.094,80,1036,6-3 4-6 7-6(6),3,Q2,117,8,7,96,49,43,25,15,7,8,18,2,100,63,44,23,16,2,4
2009-424,San Jose,Hard,32,250,I,20090209,1,K448,1,,Robert Kendrick,R,191,USA,29.238,98,918,M614,,,Cecil Mamiit,R,173,PHI,32.621,423,145,3-6 7-6(5) 6-2,3,Q1,117,11,5,91,45,36,21,14,4,7,2,1,94,46,29,30,15,2,6
2009-424,San Jose,Hard,32,250,I,20090209,2,D316,,,Ramon Delgado,R,183,PAR,32.238,277,264,SC47,2,,Go Soeda,R,178,JPN,24.43,110,844,6-3 6-3,3,Q1,68,9,4,57,31,24,15,9,5,5,1,1,58,24,18,15,9,2,5
2009-424,San Jose,Hard,32,250,I,20090209,3,Y124,3,,Donald Young,L,183,USA,19.551,133,689,LB20,,,John Lamble,R,183,USA,16.862,,,6-4 6-0,3,Q1,49,2,3,42,28,21,7,8,1,3,0,5,41,30,9,4,8,1,7
2009-424,San Jose,Hard,32,250,I,20090209,4,D616,4,,Somdev Devvarman,R,180,IND,23.989,155,546,KB05,,,Filip Krajinovic,R,185,SRB,16.953,528,94,4-6 6-3 6-1,3,Q1,103,11,1,73,52,38,10,13,6,9,1,4,87,52,29,16,13,8,14
2009-424,San Jose,Hard,32,250,I,20090209,5,N291,,,Frederic Niemeyer,R,191,CAN,32.797,379,175,M680,5,,Xavier Malisse,R,185,BEL,28.561,171,488,6-3 6-2,3,Q1,55,12,0,53,32,25,14,9,5,5,5,1,44,29,20,8,8,4,7
2009-424,San Jose,Hard,32,250,I,20090209,6,M708,,,Ricardo Mello,L,175,BRA,28.137,174,474,BD00,,,Roman Borvanov,R,183,MDA,26.864,476,113,6-4 6-4,3,Q1,76,3,0,68,51,38,10,10,6,6,4,5,60,34,26,13,10,4,6
2009-424,San Jose,Hard,32,250,I,20090209,7,N334,,,Eric Nunez,R,188,USA,26.839,392,162,PB22,7,,Peter Polansky,R,183,CAN,20.654,205,391,7-6(7) 7-6(3),3,Q1,108,1,2,84,50,37,22,12,3,5,7,2,86,50,38,22,12,2,4
2009-424,San Jose,Hard,32,250,I,20090209,8,S842,,,Andrea Stoppini,R,191,ITA,28.947,209,381,W413,,,Chris Wettengel,,,USA,26.817,1897,2,6-2 6-3,3,Q1,55,6,2,44,25,23,14,9,0,0,1,1,48,34,21,5,8,0,3
2009-424,San Jose,Hard,32,250,I,20090209,9,F344,,,Jean-Christophe Faurel,R,175,FRA,27.932,320,214,Y100,,,Robert Yim,L,,USA,23.956,,,6-3 6-4,3,Q1,79,7,5,73,40,31,16,10,4,5,7,4,65,35,24,14,9,2,5
2009-424,San Jose,Hard,32,250,I,20090209,10,J263,,,Woong-Sun Jun,R,191,KOR,22.658,267,270,C768,,,Lester Cook,R,180,USA,24.797,353,190,7-5 6-3,3,Q1,83,11,2,61,40,34,11,11,1,1,3,2,80,56,39,9,10,9,11
2009-424,San Jose,Hard,32,250,I,20090209,11,K737,,,Alex Kuznetsov,R,183,USA,22.012,344,196,R616,,,Travis Rettenmaier,R,188,USA,25.514,520,97,6-3 6-3,3,Q1,71,5,1,52,38,29,9,9,4,4,4,5,66,38,27,11,9,6,9
2009-424,San Jose,Hard,32,250,I,20090209,12,L430,,,Giovanni Lapentti,R,193,ECU,26.042,216,366,MF57,,,Michael McClune,R,188,USA,19.469,486,109,3-6 7-6(6) 6-3,3,Q1,129,7,2,88,52,41,19,14,5,7,7,5,106,62,42,25,16,3,6
2009-424,San Jose,Hard,32,250,I,20090209,13,M836,,,Dominik Meffert,R,196,GER,27.838,266,272,Y070,,,Michael Yani,R,185,USA,28.11,234,320,6-2 6-4,3,Q1,81,9,3,55,36,27,10,9,5,6,8,2,67,45,24,10,9,7,11
2009-424,San Jose,Hard,32,250,I,20090209,14,R632,,,Michael Ryderstedt,L,188,SWE,24.244,368,180,G527,,,Luka Gregorc,R,188,SLO,24.988,215,370,6-2 6-3,3,Q1,62,6,3,53,32,27,12,9,2,2,8,4,48,22,18,9,8,0,3
2009-424,San Jose,Hard,32,250,I,20090209,15,SF62,,,Tim Smyczek,R,175,USA,21.114,324,213,K457,,,Hiroki Kondo,R,178,JPN,26.264,481,112,6-2 6-1,3,Q1,56,1,0,46,34,25,8,8,0,1,0,1,49,24,14,6,7,5,10
2009-424,San Jose,Hard,32,250,I,20090209,16,W359,,,Todd Widom,R,,USA,25.799,270,269,SD23,,,Artem Sitak,R,185,NZL,23.003,394,162,6-4 6-0,3,Q1,61,1,0,48,30,24,11,8,3,3,2,6,46,29,15,9,8,1,5
2009-424,San Jose,Hard,32,250,I,20090209,17,K737,,,Alex Kuznetsov,R,183,USA,22.012,344,196,K448,1,,Robert Kendrick,R,191,USA,29.238,98,918,7-6(7) 6-1,3,Q2,71,12,0,55,34,31,15,10,0,0,12,1,83,49,37,12,9,9,11
2009-424,San Jose,Hard,32,250,I,20090209,18,R632,,,Michael Ryderstedt,L,188,SWE,24.244,368,180,Y124,3,,Donald Young,L,183,USA,19.551,133,689,6-3 6-2,3,Q2,69,8,2,60,40,30,10,9,6,7,5,3,60,41,23,6,8,6,10
2009-424,San Jose,Hard,32,250,I,20090209,19,W359,,,Todd Widom,R,,USA,25.799,270,269,D616,4,,Somdev Devvarman,R,180,IND,23.989,155,546,6-3 7-6(4),3,Q2,97,0,0,65,42,32,17,10,4,4,7,1,69,42,32,11,11,1,3
2009-424,San Jose,Hard,32,250,I,20090209,20,M708,,,Ricardo Mello,L,175,BRA,28.137,174,474,L430,,,Giovanni Lapentti,R,193,ECU,26.042,216,366,6-2 7-6(4),3,Q2,97,4,1,61,32,26,20,10,3,3,8,3,72,39,29,15,10,6,8
2009-424,San Jose,Hard,32,250,I,20090209,21,S842,,,Andrea Stoppini,R,191,ITA,28.947,209,381,SF62,,,Tim Smyczek,R,175,USA,21.114,324,213,6-2 6-1,3,Q2,69,1,1,54,31,22,11,8,1,3,0,1,61,40,18,6,7,9,15
2009-424,San Jose,Hard,32,250,I,20090209,22,D316,,,Ramon Delgado,R,183,PAR,32.238,277,264,J263,,,Woong-Sun Jun,R,191,KOR,22.658,267,270,6-3 6-4,3,Q2,70,2,2,51,38,32,9,10,1,1,5,3,67,46,32,6,9,6,8
2009-424,San Jose,Hard,32,250,I,20090209,23,M836,,,Dominik Meffert,R,196,GER,27.838,266,272,N291,,,Frederic Niemeyer,R,191,CAN,32.797,379,175,6-3 6-3,3,Q2,68,3,2,51,37,29,8,9,0,0,8,3,54,33,22,9,9,0,3
2009-424,San Jose,Hard,32,250,I,20090209,24,N334,,,Eric Nunez,R,188,USA,26.839,392,162,F344,,,Jean-Christophe Faurel,R,175,FRA,27.932,320,214,7-6(3) 6-4,3,Q2,87,9,2,62,37,27,17,11,0,1,7,6,73,28,22,21,11,3,5
2009-424,San Jose,Hard,32,250,I,20090209,25,R632,,,Michael Ryderstedt,L,188,SWE,24.244,368,180,M708,,,Ricardo Mello,L,175,BRA,28.137,174,474,6-3 6-7(6) 6-3,3,Q3,126,13,4,104,60,47,21,16,5,8,5,5,98,67,42,12,14,9,14
2009-424,San Jose,Hard,32,250,I,20090209,26,S842,,,Andrea Stoppini,R,191,ITA,28.947,209,381,D316,,,Ramon Delgado,R,183,PAR,32.238,277,264,6-2 7-5,3,Q3,69,7,0,57,43,33,10,10,0,0,5,2,62,43,24,13,10,5,8
2009-424,San Jose,Hard,32,250,I,20090209,27,M836,,,Dominik Meffert,R,196,GER,27.838,266,272,K737,,,Alex Kuznetsov,R,183,USA,22.012,344,196,7-5 7-6(1),3,Q3,90,5,2,70,52,41,11,12,1,2,9,3,67,50,36,10,12,1,3
2009-424,San Jose,Hard,32,250,I,20090209,28,W359,,,Todd Widom,R,,USA,25.799,270,269,N334,,,Eric Nunez,R,188,USA,26.839,392,162,7-5 4-6 6-1,3,Q3,130,9,1,96,70,45,15,15,4,6,8,1,91,55,39,16,14,5,9
2009-533,Costa do Sauipe,Clay,32,250,O,20090209,1,P642,7,,Boris Pashanski,R,178,SRB,26.27,169,496,N437,,,Gianluca Naso,R,193,ITA,22.094,224,346,6-3 3-6 6-2,3,Q1,107,5,3,72,46,33,17,13,0,1,11,3,77,50,34,15,13,2,5
2009-533,Costa do Sauipe,Clay,32,250,O,20090209,2,M915,8,,Daniel Munoz de la Nava,L,175,ESP,27.031,181,464,M919,,,Marcelo Melo,R,201,BRA,25.383,,,6-3 6-1,3,Q1,58,2,4,50,28,23,9,8,3,4,3,0,49,24,15,8,8,3,8
2009-533,Costa do Sauipe,Clay,32,250,O,20090209,3,SG56,,,Daniel Dutra da Silva,L,,BRA,20.6,263,274,P372,,,Mariano Puerta,L,180,ARG,30.393,187,435,3-6 6-1 2-1 RET,3,Q1,94,7,4,67,36,26,15,9,6,7,2,4,51,31,19,12,10,1,4
2009-533,Costa do Sauipe,Clay,32,250,O,20090209,4,K540,,,Lukasz Kubot,R,191,POL,26.738,197,410,R843,,,Vitor Requiao,,,BRA,20.627,1080,14,6-1 6-2,3,Q1,76,1,3,45,21,19,15,8,1,1,2,6,46,23,15,8,7,2,6
2009-533,Costa do Sauipe,Clay,32,250,O,20090209,5,L513,,,Miguel Angel Lopez Jaen,R,188,ESP,26.198,182,461,F610,,,Pedro Feitosa,R,178,BRA,20.534,1001,18,6-1 6-0,3,Q1,63,4,0,42,27,17,12,6,3,3,2,9,43,23,9,6,7,1,7
2009-533,Costa do Sauipe,Clay,32,250,O,20090209,6,M760,,,Oliver Marach,R,185,AUT,28.569,474,114,F776,,,Thomas Jun Facchini Takemoto,R,,BRA,16.235,,,6-1 6-2,3,Q1,64,2,3,40,20,14,10,7,0,2,2,7,57,22,11,9,8,7,14
2009-533,Costa do Sauipe,Clay,32,250,O,20090209,7,M984,,,David Marrero,R,183,ESP,28.841,241,306,MF06,,,Marcelo Michelucci,,,BRA,20.868,,,6-1 6-2,3,Q1,46,3,2,40,20,16,14,8,0,1,0,3,40,27,11,4,7,1,6
2009-533,Costa do Sauipe,Clay,32,250,O,20090209,8,PC09,,,Jose Pereira,R,180,BRA,18.04,1008,18,D844,,,Gabriel Dias,,,BRA,17.64,1807,2,6-4 7-6(5),3,Q1,112,3,4,64,38,28,14,11,1,4,2,3,85,55,34,12,11,7,11
2009-533,Costa do Sauipe,Clay,32,250,O,20090209,9,SG64,,,Joao Souza,R,193,BRA,20.706,202,400,SC73,,,Rogerio Dutra Silva,R,178,BRA,25.013,236,318,4-6 6-1 7-6(3),3,Q1,141,5,4,86,54,45,18,15,1,2,3,3,91,49,35,22,14,0,2
2009-533,Costa do Sauipe,Clay,32,250,O,20090209,10,Z198,,,Caio Zampieri,R,183,BRA,22.708,255,280,S604,,,Andre Sa,R,185,BRA,31.765,,,6-2 6-4,3,Q1,76,3,3,49,29,24,12,9,5,6,1,6,63,33,22,10,9,3,7
2009-533,Costa do Sauipe,Clay,32,250,O,20090209,11,L513,,,Miguel Angel Lopez Jaen,R,188,ESP,26.198,182,461,R388,1,,Sergio Roitman,R,185,ARG,29.739,104,880,6-4 6-1,3,Q2,62,5,2,54,37,28,8,9,1,2,3,0,41,24,16,7,8,1,5
2009-533,Costa do Sauipe,Clay,32,250,O,20090209,12,Z198,,,Caio Zampieri,R,183,BRA,22.708,255,280,MD56,2,,Leonardo Mayer,R,191,ARG,21.741,114,825,3-6 7-6(3) 6-4,3,Q2,138,1,3,86,55,38,18,15,1,4,8,5,99,59,46,20,16,6,9
2009-533,Costa do Sauipe,Clay,32,250,O,20090209,13,R383,3,,Ruben Ramirez Hidalgo,R,183,ESP,31.094,127,726,M760,,,Oliver Marach,R,185,AUT,28.569,474,114,6-3 3-1 RET,3,Q2,69,2,1,48,24,16,15,7,1,2,2,2,36,15,10,7,6,2,5
2009-533,Costa do Sauipe,Clay,32,250,O,20090209,14,M984,,,David Marrero,R,183,ESP,28.841,241,306,V251,4,,Santiago Ventura,R,183,ESP,29.098,131,694,6-4 1-6 6-4,3,Q2,127,4,4,90,54,36,19,14,6,10,11,3,83,40,31,21,13,5,8
2009-533,Costa do Sauipe,Clay,32,250,O,20090209,15,SG56,,,Daniel Dutra da Silva,L,,BRA,20.6,263,274,P488,5,,Olivier Patience,R,180,FRA,28.879,141,632,3-6 7-6(5) 7-6(6),3,Q2,174,7,0,114,64,41,23,16,7,12,8,6,122,67,49,22,17,5,9
2009-533,Costa do Sauipe,Clay,32,250,O,20090209,16,MA49,,,Rui Machado,R,178,POR,24.835,151,562,PC09,,,Jose Pereira,R,180,BRA,18.04,1008,18,6-2 6-2,3,Q2,76,3,2,51,27,21,14,8,5,6,4,1,66,51,24,7,8,9,14
2009-533,Costa do Sauipe,Clay,32,250,O,20090209,17,K540,,,Lukasz Kubot,R,191,POL,26.738,197,410,P642,7,,Boris Pashanski,R,178,SRB,26.27,169,496,6-3 3-6 6-3,3,Q2,149,10,6,96,64,48,18,14,5,6,5,2,97,60,42,20,13,7,9
2009-533,Costa do Sauipe,Clay,32,250,O,20090209,18,SG64,,,Joao Souza,R,193,BRA,20.706,202,400,M915,8,,Daniel Munoz de la Nava,L,175,ESP,27.031,181,464,6-3 7-5,3,Q2,88,6,2,55,29,26,14,10,1,2,3,1,64,36,21,17,11,4,8
2009-533,Costa do Sauipe,Clay,32,250,O,20090209,19,K540,,,Lukasz Kubot,R,191,POL,26.738,197,410,R383,3,,Ruben Ramirez Hidalgo,R,183,ESP,31.094,127,726,4-6 6-4 6-3,3,Q3,146,6,3,89,57,33,19,15,6,11,4,9,82,42,30,13,14,6,12
2009-533,Costa do Sauipe,Clay,32,250,O,20090209,20,MA49,,,Rui Machado,R,178,POR,24.835,151,562,M984,,,David Marrero,R,183,ESP,28.841,241,306,6-4 6-1,3,Q3,80,3,1,54,40,29,10,9,4,4,0,3,52,23,15,15,8,3,6
2009-533,Costa do Sauipe,Clay,32,250,O,20090209,21,SG56,,,Daniel Dutra da Silva,L,,BRA,20.6,263,274,L513,,,Miguel Angel Lopez Jaen,R,188,ESP,26.198,182,461,5-7 7-6(6) 6-3,3,Q3,188,4,3,108,63,41,24,17,6,11,7,4,115,69,52,17,16,8,13
2009-533,Costa do Sauipe,Clay,32,250,O,20090209,22,Z198,,,Caio Zampieri,R,183,BRA,22.708,255,280,SG64,,,Joao Souza,R,193,BRA,20.706,202,400,3-6 7-6(5) 7-6(8),3,Q3,202,2,3,128,81,52,17,17,8,14,11,9,130,75,53,23,16,9,13
2009-402,Memphis,Hard,32,500,I,20090216,1,G511,,,Simon Greul,R,185,GER,27.847,122,746,MA30,1,,Gilles Muller,L,193,LUX,25.777,80,1032,6-4 6-1,3,Q1,57,5,4,43,29,27,6,8,3,3,10,5,55,33,21,8,9,4,8
2009-402,Memphis,Hard,32,500,I,20090216,2,SC56,,,Dudi Sela,R,175,ISR,23.871,86,953,D499,,,Frank Dancevic,R,185,CAN,24.392,128,724,7-6(4) 6-3,3,Q1,78,7,0,64,33,27,24,11,1,1,10,3,66,37,29,16,10,2,3
2009-402,Memphis,Hard,32,500,I,20090216,3,G621,,,Chris Guccione,L,201,AUS,23.551,129,713,K371,3,,Roko Karanusic,R,183,CRO,26.45,120,773,7-6(5) 1-6 6-3,3,Q1,86,10,1,90,53,40,22,14,3,5,7,3,83,57,45,17,14,1,2
2009-402,Memphis,Hard,32,500,I,20090216,4,L799,,,Jesse Levine,L,175,CAN,21.342,135,663,G512,4,,Denis Gremelmayr,L,183,GER,27.504,89,942,7-5 2-0 RET,3,Q1,49,8,3,46,29,24,8,7,3,4,2,3,40,25,16,7,7,3,6
2009-402,Memphis,Hard,32,500,I,20090216,5,K448,5,,Robert Kendrick,R,191,USA,29.257,92,918,V418,,,Jorge Vazquez-Catoira,,,ESP,23.357,,,6-3 6-4,3,Q1,68,8,3,51,28,26,12,10,1,2,7,6,70,35,28,9,9,6,9
2009-402,Memphis,Hard,32,500,I,20090216,6,I186,,,John Isner,R,208,USA,23.811,137,635,O234,6,,Wayne Odesnik,L,180,USA,23.239,94,914,6-3 7-6(4),3,Q1,98,16,1,87,62,47,10,11,5,6,7,3,66,38,28,15,10,1,3
2009-402,Memphis,Hard,32,500,I,20090216,7,K358,,,Kevin Kim,R,180,USA,30.563,105,848,SI78,,,Blake Strode,R,188,USA,21.61,1203,8,6-4 6-3,3,Q1,84,2,1,53,31,26,11,9,1,2,7,4,87,61,41,6,10,11,15
2009-402,Memphis,Hard,32,500,I,20090216,8,D438,,,Amer Delic,R,196,BIH,26.634,146,595,K760,8,,Evgeny Korolev,R,185,KAZ,21.008,104,848,7-6(3) 7-5,3,Q1,79,15,0,72,47,39,14,12,3,4,4,5,77,39,30,20,12,0,2
2009-402,Memphis,Hard,32,500,I,20090216,9,SC56,,,Dudi Sela,R,175,ISR,23.871,86,953,K448,5,,Robert Kendrick,R,191,USA,29.257,92,918,6-4 6-4,3,Q2,85,2,3,66,37,22,19,10,4,6,5,3,88,53,32,14,10,4,8
2009-402,Memphis,Hard,32,500,I,20090216,10,K358,,,Kevin Kim,R,180,USA,30.563,105,848,L799,,,Jesse Levine,L,175,CAN,21.342,135,663,7-6(4) 7-5,3,Q2,104,9,1,82,51,36,14,12,7,10,8,6,91,49,30,21,12,9,13
2009-402,Memphis,Hard,32,500,I,20090216,11,G511,,,Simon Greul,R,185,GER,27.847,122,746,I186,,,John Isner,R,208,USA,23.811,137,635,6-7(9) 7-6(4) 6-4,3,Q2,137,17,4,112,62,50,31,17,4,4,27,4,108,74,60,18,17,1,2
2009-402,Memphis,Hard,32,500,I,20090216,12,G621,,,Chris Guccione,L,201,AUS,23.551,129,713,D438,,,Amer Delic,R,196,BIH,26.634,146,595,6-3 6-3,3,Q2,51,8,1,53,32,28,11,9,1,1,5,5,46,25,18,8,9,1,4
2009-496,Marseille,Hard,32,250,I,20090216,1,I165,1,,Denis Istomin,R,185,UZB,22.445,98,893,E678,,,Jonathan Eysseric,L,180,FRA,18.727,376,175,6-3 6-1,3,Q1,57,0,2,48,33,26,6,8,1,2,0,1,48,27,12,8,8,1,6
2009-496,Marseille,Hard,32,250,I,20090216,2,N233,,,Dick Norman,L,203,BEL,37.966,323,212,ME82,2,,Adrian Mannarino,L,180,FRA,20.635,131,696,7-5 7-5,3,Q1,105,8,5,78,43,31,17,12,9,11,2,5,83,47,29,17,12,5,9
2009-496,Marseille,Hard,32,250,I,20090216,3,D351,,,Sebastien De Chaunac,R,183,FRA,31.362,202,395,G725,3,,Santiago Giraldo,R,188,COL,21.224,143,599,5-7 6-4 7-6(4),3,Q1,160,14,3,120,61,49,24,17,5,9,5,3,99,49,42,22,17,1,5
2009-496,Marseille,Hard,32,250,I,20090216,4,D424,,,Rik De Voest,R,180,RSA,28.701,171,480,H830,,,Romain Hardy,,,FRA,22.409,1034,16,6-1 6-1,3,Q1,47,1,1,35,26,21,5,7,1,2,0,2,48,28,10,6,7,7,13
2009-496,Marseille,Hard,32,250,I,20090216,5,H704,5,,Jesse Huta Galung,R,,NED,23.365,177,460,PD31,,,Benoit Paire,R,196,FRA,19.778,588,80,6-4 4-6 6-4,3,Q1,108,5,3,85,51,38,20,15,4,6,11,2,101,54,37,25,15,8,11
2009-496,Marseille,Hard,32,250,I,20090216,6,R628,,,Laurent Recouderc,R,,AND,24.605,190,427,K667,,,Michel Koning,,,NED,24.797,263,274,3-6 6-2 6-3,3,Q1,106,5,4,77,30,24,26,13,2,4,15,7,90,47,33,22,13,10,14
2009-496,Marseille,Hard,32,250,I,20090216,7,G753,,,David Guez,R,185,FRA,26.193,262,276,F444,7,,Alejandro Falla,L,185,COL,25.259,194,418,5-7 7-6(5) 6-4,3,Q1,152,4,2,117,57,39,32,17,7,12,3,2,108,52,37,26,17,3,8
2009-496,Marseille,Hard,32,250,I,20090216,8,A356,8,,Thierry Ascione,R,188,FRA,28.082,200,404,R588,,,Nicolas Renavand,,,FRA,26.648,383,166,6-1 7-6(1),3,Q1,86,2,6,65,36,26,14,9,1,3,6,0,64,44,24,8,10,5,10
2009-496,Marseille,Hard,32,250,I,20090216,9,B503,,,George Bastl,R,183,SUI,33.881,227,332,D729,,,Jonathan Dasnieres de Veigy,L,175,FRA,22.116,337,202,7-5 6-2,3,Q1,89,6,0,60,39,32,12,10,1,1,7,4,67,39,29,10,10,4,7
2009-496,Marseille,Hard,32,250,I,20090216,10,B977,,,Richard Bloomfield,R,185,GBR,25.81,318,213,D361,,,Massimo Dell'Acqua,R,193,ITA,29.448,421,146,6-3 6-4,3,Q1,57,15,2,46,30,29,11,10,0,0,5,4,54,34,26,9,9,0,2
2009-496,Marseille,Hard,32,250,I,20090216,11,H435,,,Jerome Haehnel,R,185,FRA,28.594,938,22,W394,,,Ludovic Walter,,,FRA,26.119,521,98,6-1 6-4,3,Q1,61,1,1,52,32,24,15,9,2,2,2,0,50,31,21,7,8,3,6
2009-496,Marseille,Hard,32,250,I,20090216,12,J397,,,Jerzy Janowicz,R,203,POL,18.261,346,195,Y117,,,Pierrick Ysern,,,FRA,24.315,596,78,6-4 4-6 6-3,3,Q1,89,3,5,72,49,38,13,14,8,11,6,2,78,41,29,21,15,2,7
2009-496,Marseille,Hard,32,250,I,20090216,13,ME89,,,Illya Marchenko,R,185,UKR,21.443,229,327,C993,,,Ignacio Coll-Riudavets,,,ESP,21.451,505,102,6-4 6-1,3,Q1,65,1,2,48,26,21,11,8,0,1,2,2,51,31,16,8,9,1,6
2009-496,Marseille,Hard,32,250,I,20090216,14,ME86,,,Pierre Metenier,,,FRA,25.342,411,154,R851,,,Mathieu Rodrigues,R,180,FRA,23.277,378,174,6-4 6-1,3,Q1,82,1,0,38,34,25,3,8,0,1,2,3,75,42,22,15,9,5,10
2009-496,Marseille,Hard,32,250,I,20090216,15,MB88,,,Matwe Middelkoop,R,191,NED,25.457,259,280,J164,,,Julien Jeanpierre,R,188,FRA,28.939,490,108,7-5 6-2,3,Q1,65,3,0,49,31,27,14,10,0,0,0,3,74,39,23,17,10,5,8
2009-496,Marseille,Hard,32,250,I,20090216,16,V571,,,Andoni Vivanco-Guzman,,,ESP,18.341,648,62,L698,,,Karlis Lejnieks,R,,LAT,20.923,471,115,6-3 7-6(4),3,Q1,94,2,1,76,46,38,16,11,4,4,16,4,83,52,40,12,10,8,9
2009-496,Marseille,Hard,32,250,I,20090216,17,B503,,,George Bastl,R,183,SUI,33.881,227,332,I165,1,,Denis Istomin,R,185,UZB,22.445,98,893,6-3 6-7(6) 7-5,3,Q2,180,10,0,124,80,57,21,17,7,8,5,0,96,62,47,18,16,3,6
2009-496,Marseille,Hard,32,250,I,20090216,18,D424,,,Rik De Voest,R,180,RSA,28.701,171,480,H435,,,Jerome Haehnel,R,185,FRA,28.594,938,22,6-2 6-3,3,Q2,55,10,2,49,28,23,14,9,0,0,1,4,50,29,22,8,8,2,5
2009-496,Marseille,Hard,32,250,I,20090216,19,J397,,,Jerzy Janowicz,R,203,POL,18.261,346,195,H704,5,,Jesse Huta Galung,R,,NED,23.365,177,460,3-6 6-0 6-3,3,Q2,85,10,1,66,41,31,16,12,0,1,5,5,69,33,26,16,12,3,7
2009-496,Marseille,Hard,32,250,I,20090216,20,R628,,,Laurent Recouderc,R,,AND,24.605,190,427,ME86,,,Pierre Metenier,,,FRA,25.342,411,154,6-1 7-6(3),3,Q2,90,3,3,66,22,14,27,10,0,4,0,0,60,48,19,6,9,4,10
2009-496,Marseille,Hard,32,250,I,20090216,21,ME89,,,Illya Marchenko,R,185,UKR,21.443,229,327,A356,8,,Thierry Ascione,R,188,FRA,28.082,200,404,6-7(7) 6-4 6-4,3,Q2,145,7,6,99,57,45,22,16,7,10,8,4,96,61,44,19,16,2,7
2009-496,Marseille,Hard,32,250,I,20090216,22,B977,,,Richard Bloomfield,R,185,GBR,25.81,318,213,G753,,,David Guez,R,185,FRA,26.193,262,276,6-3 6-4,3,Q2,79,8,1,53,32,27,11,9,2,2,1,2,63,32,18,17,10,5,8
2009-496,Marseille,Hard,32,250,I,20090216,23,MB88,,,Matwe Middelkoop,R,191,NED,25.457,259,280,D351,,,Sebastien De Chaunac,R,183,FRA,31.362,202,395,6-4 6-7(6) 6-3,3,Q2,153,8,4,100,60,48,22,16,1,2,10,4,105,62,47,19,15,5,8
2009-496,Marseille,Hard,32,250,I,20090216,24,N233,,,Dick Norman,L,203,BEL,37.966,323,212,V571,,,Andoni Vivanco-Guzman,,,ESP,18.341,648,62,6-2 6-4,3,Q2,61,13,3,47,31,28,10,9,1,1,5,1,52,34,24,8,9,4,7
2009-496,Marseille,Hard,32,250,I,20090216,25,ME89,,,Illya Marchenko,R,185,UKR,21.443,229,327,D424,,,Rik De Voest,R,180,RSA,28.701,171,480,6-2 7-5,3,Q3,86,3,4,57,29,22,17,10,0,1,4,1,66,40,25,11,10,8,12
2009-496,Marseille,Hard,32,250,I,20090216,26,R628,,,Laurent Recouderc,R,,AND,24.605,190,427,N233,,,Dick Norman,L,203,BEL,37.966,323,212,7-6(5) 3-6 6-3,3,Q3,135,5,2,96,51,40,31,15,7,8,16,7,92,51,42,23,15,2,3
2009-496,Marseille,Hard,32,250,I,20090216,27,B977,,,Richard Bloomfield,R,185,GBR,25.81,318,213,B503,,,George Bastl,R,183,SUI,33.881,227,332,6-3 6-4,3,Q3,75,8,0,47,32,28,12,10,0,0,5,1,58,41,29,8,9,2,4
2009-496,Marseille,Hard,32,250,I,20090216,28,J397,,,Jerzy Janowicz,R,203,POL,18.261,346,195,MB88,,,Matwe Middelkoop,R,191,NED,25.457,259,280,6-4 6-2,3,Q3,62,11,1,42,32,25,7,9,0,1,5,3,77,52,30,10,9,2,6
2009-506,Buenos Aires,Clay,32,250,O,20090216,1,CC66,,,Andrea Collarini,L,183,ARG,17.046,1656,2,R388,,,Sergio Roitman,R,185,ARG,29.758,101,866,W/O,3,Q1,,,,,,,,,,,,,,,,,,,
2009-506,Buenos Aires,Clay,32,250,O,20090216,2,G585,,,Maximo Gonzalez,R,173,ARG,25.58,108,841,A366,,,Diego Alvarez,,0,ARG,28.95,282,253,6-1 6-4,3,Q1,70,1,0,45,27,25,11,9,0,0,1,5,57,30,21,11,8,5,8
2009-506,Buenos Aires,Clay,32,250,O,20090216,3,K551,4,,Daniel Koellerer,R,180,AUT,25.503,118,782,SG64,,,Joao Souza,R,193,BRA,20.726,201,400,6-4 6-1,3,Q1,90,2,3,53,31,20,13,9,3,6,1,6,54,28,14,8,8,6,12
2009-506,Buenos Aires,Clay,32,250,O,20090216,4,R383,5,,Ruben Ramirez Hidalgo,R,183,ESP,31.113,126,726,E212,,,Bruno Echagaray,R,183,MEX,25.78,356,187,6-2 3-6 6-4,3,Q1,143,3,8,94,44,33,23,14,4,8,1,2,89,56,35,16,13,6,11
2009-506,Buenos Aires,Clay,32,250,O,20090216,5,V251,6,,Santiago Ventura,R,183,ESP,29.117,132,694,PC11,,,Guido Pella,L,183,ARG,18.754,513,100,7-6(2) 6-0,3,Q1,89,2,2,63,27,20,17,9,6,9,1,4,60,28,14,12,9,3,9
2009-506,Buenos Aires,Clay,32,250,O,20090216,6,Z073,,,Mariano Zabaleta,R,183,ARG,30.968,1385,5,P488,7,,Olivier Patience,R,180,FRA,28.898,140,602,6-3 6-4,3,Q1,79,7,2,55,33,23,13,9,1,2,2,0,62,38,21,13,10,2,6
2009-506,Buenos Aires,Clay,32,250,O,20090216,7,C882,,,Pablo Cuevas,R,180,URU,23.127,144,597,D479,,,Sebastian Decoud,L,180,ARG,27.414,174,471,2-6 7-5 6-3,3,Q1,120,11,3,85,60,42,13,14,5,8,7,0,82,62,43,9,15,5,9
2009-506,Buenos Aires,Clay,32,250,O,20090216,8,A674,,,Juan-Pablo Amado,R,0,ARG,22.877,261,277,F392,,,Marcel Felder,R,,URU,24.608,314,216,6-3 4-6 6-1,3,Q1,144,1,6,85,52,38,16,13,6,8,1,2,80,56,31,15,13,3,8
2009-506,Buenos Aires,Clay,32,250,O,20090216,9,B764,,,Juan Pablo Brzezicki,R,178,ARG,26.85,189,428,N437,,,Gianluca Naso,R,193,ITA,22.114,222,346,7-6(3) 6-1,3,Q1,85,1,1,60,40,31,11,9,1,2,4,0,63,32,17,17,10,2,6
2009-506,Buenos Aires,Clay,32,250,O,20090216,10,SG56,,,Daniel Dutra da Silva,L,,BRA,20.619,253,286,P372,,,Mariano Puerta,L,180,ARG,30.412,186,435,6-2 6-3,3,Q1,83,5,1,54,25,15,16,8,3,5,1,3,55,31,16,8,9,2,8
2009-506,Buenos Aires,Clay,32,250,O,20090216,11,F433,,,Franco Ferreiro,R,188,BRA,24.63,192,424,F434,,,Alejandro Fabbri,,,ARG,26.308,366,181,6-3 4-6 7-6(4),3,Q1,173,2,3,114,75,48,20,16,4,8,5,8,119,63,43,26,15,13,17
2009-506,Buenos Aires,Clay,32,250,O,20090216,12,H693,,,Ricardo Hocevar,R,180,BRA,23.775,161,507,L513,,,Miguel Angel Lopez Jaen,R,188,ESP,26.218,181,455,7-5 6-7(5) 7-6(5),3,Q1,194,12,7,116,66,50,25,18,4,8,11,3,139,91,61,25,18,10,15
2009-506,Buenos Aires,Clay,32,250,O,20090216,13,M915,,,Daniel Munoz de la Nava,L,175,ESP,27.05,182,454,P642,,,Boris Pashanski,R,178,SRB,26.289,172,479,6-2 7-5,3,Q1,77,5,2,61,32,26,16,10,2,3,2,5,51,26,16,12,10,2,6
2009-506,Buenos Aires,Clay,32,250,O,20090216,14,N348,,,Lionel Noviski,,,ARG,25.903,440,134,A502,,,Juan-Martin Aranguren,R,,ARG,25.363,289,248,6-4 2-6 6-1,3,Q1,134,4,5,80,49,31,12,12,6,11,0,10,92,56,33,11,13,6,13
2009-506,Buenos Aires,Clay,32,250,O,20090216,15,Z198,,,Caio Zampieri,R,183,BRA,22.727,251,292,M984,,,David Marrero,R,183,ESP,28.86,240,306,4-6 6-4 6-2,3,Q1,109,7,1,66,38,27,20,14,1,4,3,5,86,54,34,15,14,1,6
2009-506,Buenos Aires,Clay,32,250,O,20090216,16,Z184,,,Horacio Zeballos,L,188,ARG,23.808,155,545,TA29,,,Marco Trungelliti,R,178,ARG,19.044,616,70,6-4 6-4,3,Q1,93,6,4,58,35,26,13,10,0,1,2,7,70,24,18,22,10,0,3
2009-506,Buenos Aires,Clay,32,250,O,20090216,17,G585,,,Maximo Gonzalez,R,173,ARG,25.58,108,841,B764,,,Juan Pablo Brzezicki,R,178,ARG,26.85,189,428,6-0 3-6 7-6(6),3,Q2,139,2,2,100,62,38,19,14,8,13,2,4,87,58,34,14,13,6,12
2009-506,Buenos Aires,Clay,32,250,O,20090216,18,K551,4,,Daniel Koellerer,R,180,AUT,25.503,118,782,H693,,,Ricardo Hocevar,R,180,BRA,23.775,161,507,4-6 6-2 6-4,3,Q2,165,2,2,90,64,39,16,14,8,11,11,4,81,50,39,9,14,3,8
2009-506,Buenos Aires,Clay,32,250,O,20090216,19,Z198,,,Caio Zampieri,R,183,BRA,22.727,251,292,R383,5,,Ruben Ramirez Hidalgo,R,183,ESP,31.113,126,726,6-3 6-2,3,Q2,75,0,1,43,29,24,9,8,1,1,2,3,61,39,20,12,9,7,11
2009-506,Buenos Aires,Clay,32,250,O,20090216,20,V251,6,,Santiago Ventura,R,183,ESP,29.117,132,694,A674,,,Juan-Pablo Amado,R,0,ARG,22.877,261,277,6-4 3-6 6-0,3,Q2,103,1,4,68,41,30,12,12,3,6,2,2,74,46,26,14,13,6,12
2009-506,Buenos Aires,Clay,32,250,O,20090216,21,C882,,,Pablo Cuevas,R,180,URU,23.127,144,597,SG56,,,Daniel Dutra da Silva,L,,BRA,20.619,253,286,6-4 6-1,3,Q2,84,5,4,45,26,23,11,8,1,1,1,2,67,32,17,17,9,9,13
2009-506,Buenos Aires,Clay,32,250,O,20090216,22,F433,,,Franco Ferreiro,R,188,BRA,24.63,192,424,CC66,,,Andrea Collarini,L,183,ARG,17.046,1656,2,2-6 6-3 6-2,3,Q2,114,3,3,67,43,33,15,13,3,5,1,3,70,30,20,22,12,2,5
2009-506,Buenos Aires,Clay,32,250,O,20090216,23,M915,,,Daniel Munoz de la Nava,L,175,ESP,27.05,182,454,Z073,,,Mariano Zabaleta,R,183,ARG,30.968,1385,5,6-4 6-1,3,Q2,81,3,3,60,34,27,12,9,1,2,5,1,58,33,16,13,8,5,9
2009-506,Buenos Aires,Clay,32,250,O,20090216,24,Z184,,,Horacio Zeballos,L,188,ARG,23.808,155,545,N348,,,Lionel Noviski,,,ARG,25.903,440,134,7-6(4) 6-2,3,Q2,106,2,3,64,42,32,11,10,3,4,3,5,76,36,24,17,10,2,5
2009-506,Buenos Aires,Clay,32,250,O,20090216,25,G585,,,Maximo Gonzalez,R,173,ARG,25.58,108,841,V251,6,,Santiago Ventura,R,183,ESP,29.117,132,694,6-4 6-1,3,Q3,98,0,1,59,40,30,9,9,3,4,3,2,69,34,18,16,8,4,8
2009-506,Buenos Aires,Clay,32,250,O,20090216,26,C882,,,Pablo Cuevas,R,180,URU,23.127,144,597,K551,4,,Daniel Koellerer,R,180,AUT,25.503,118,782,1-6 6-4 7-5,3,Q3,154,12,7,104,61,44,17,15,10,14,0,0,84,54,34,22,14,2,5
2009-506,Buenos Aires,Clay,32,250,O,20090216,27,F433,,,Franco Ferreiro,R,188,BRA,24.63,192,424,Z198,,,Caio Zampieri,R,183,BRA,22.727,251,292,6-3 6-1,3,Q3,95,4,4,63,46,33,9,8,6,6,2,2,53,33,16,9,8,4,8
2009-506,Buenos Aires,Clay,32,250,O,20090216,28,M915,,,Daniel Munoz de la Nava,L,175,ESP,27.05,182,454,Z184,,,Horacio Zeballos,L,188,ARG,23.808,155,545,6-4 7-6(7),3,Q3,101,2,1,66,57,40,6,11,0,1,4,1,71,54,35,10,11,0,2
2009-495,Dubai,Hard,32,500,O,20090223,1,L523,,,Michael Lammer,R,185,SUI,26.919,246,303,MA41,1,,Ivo Minar,R,183,CZE,24.761,101,870,6-3 4-6 7-6(1),3,Q1,136,5,4,88,58,42,12,15,2,6,3,1,121,69,43,26,16,12,17
2009-495,Dubai,Hard,32,500,O,20090223,2,C723,,,Flavio Cipolla,R,173,ITA,25.347,125,726,A494,,,Karim Alayli,,,LBN,25.922,965,20,6-0 6-2,3,Q1,56,1,7,49,28,23,10,7,6,6,2,1,44,25,11,8,7,6,11
2009-495,Dubai,Hard,32,500,O,20090223,3,D424,,,Rik De Voest,R,180,RSA,28.72,171,480,N587,,,Mahmoud-Nader Al Baloushi,,,UAE,28.652,,,6-0 6-0,3,Q1,38,6,0,42,29,21,8,6,4,4,0,2,32,25,8,0,6,2,8
2009-495,Dubai,Hard,32,500,O,20090223,4,C582,,,Marco Chiudinelli,R,185,SUI,27.455,443,132,D487,4,,Lukas Dlouhy,R,185,CZE,25.878,194,416,6-3 3-6 6-4,3,Q1,107,1,4,97,62,43,15,14,6,9,13,6,89,65,47,6,14,6,10
2009-495,Dubai,Hard,32,500,O,20090223,5,R628,,,Laurent Recouderc,R,,AND,24.624,188,439,R364,,,Bjorn Rehnquist,R,175,SWE,31.135,218,359,6-4 6-0,3,Q1,81,5,1,50,19,15,15,8,2,4,0,2,63,39,17,11,8,4,10
2009-495,Dubai,Hard,32,500,O,20090223,6,D729,,,Jonathan Dasnieres de Veigy,L,175,FRA,22.136,337,202,A487,6,,Prakash Amritraj,R,188,IND,25.396,198,407,5-0 RET,3,Q1,16,1,0,10,9,7,1,2,0,0,0,2,14,8,1,1,3,2,5
2009-495,Dubai,Hard,32,500,O,20090223,7,L503,7,,Paolo Lorenzi,R,183,ITA,27.192,201,404,C968,,,Marco Crugnola,R,188,ITA,25.755,221,347,6-2 4-6 6-4,3,Q1,155,6,4,114,63,46,25,14,4,6,3,9,89,52,35,19,14,5,9
2009-495,Dubai,Hard,32,500,O,20090223,8,K771,8,,Marsel Ilhan,R,191,TUR,21.706,216,361,B503,,,George Bastl,R,183,SUI,33.9,225,346,7-5 6-7(6) 6-3,3,Q1,180,9,6,116,70,49,24,16,11,14,7,2,110,73,49,17,17,9,15
2009-495,Dubai,Hard,32,500,O,20090223,9,C723,,,Flavio Cipolla,R,173,ITA,25.347,125,726,K771,8,,Marsel Ilhan,R,191,TUR,21.706,216,361,6-2 6-4,3,Q2,94,5,5,53,33,27,8,9,3,5,5,5,76,34,22,16,9,8,13
2009-495,Dubai,Hard,32,500,O,20090223,10,R628,,,Laurent Recouderc,R,,AND,24.624,188,439,D424,,,Rik De Voest,R,180,RSA,28.72,171,480,6-4 6-4,3,Q2,83,2,2,58,28,19,18,10,1,3,2,1,63,40,28,8,10,1,5
2009-495,Dubai,Hard,32,500,O,20090223,11,C582,,,Marco Chiudinelli,R,185,SUI,27.455,443,132,L503,7,,Paolo Lorenzi,R,183,ITA,27.192,201,404,7-6(1) 6-4,3,Q2,117,3,2,65,50,38,9,11,0,1,2,3,78,55,35,12,11,4,6
2009-495,Dubai,Hard,32,500,O,20090223,12,L523,,,Michael Lammer,R,185,SUI,26.919,246,303,D729,,,Jonathan Dasnieres de Veigy,L,175,FRA,22.136,337,202,6-1 6-3,3,Q2,75,3,0,44,40,28,2,8,1,2,0,6,57,36,19,8,8,2,7
2009-499,Delray Beach,Hard,32,250,O,20090223,1,O234,1,,Wayne Odesnik,L,180,USA,23.258,96,902,D873,,,Jonathan David,R,170,CAN,20.479,1736,2,6-0 6-0,3,Q1,51,4,0,30,16,14,10,6,0,0,0,3,52,24,12,7,6,3,9
2009-499,Delray Beach,Hard,32,250,O,20090223,2,K760,,,Evgeny Korolev,R,185,KAZ,21.027,105,848,H704,,,Jesse Huta Galung,R,,NED,23.384,179,460,4-6 6-3 6-2,3,Q1,97,6,2,74,36,27,28,14,1,2,4,3,79,35,26,24,13,5,8
2009-499,Delray Beach,Hard,32,250,O,20090223,3,B896,4,,Benjamin Becker,R,178,GER,27.691,123,751,D438,,,Amer Delic,R,196,BIH,26.653,137,605,6-4 3-6 6-3,3,Q1,89,12,2,73,38,33,18,14,1,3,10,2,87,60,40,17,14,6,9
2009-499,Delray Beach,Hard,32,250,O,20090223,4,D362,,,Taylor Dent,R,188,USA,27.836,590,78,G511,5,,Simon Greul,R,185,GER,27.866,122,756,6-3 6-3,3,Q1,62,12,0,52,34,27,10,9,5,6,3,3,58,33,21,10,9,5,9
2009-499,Delray Beach,Hard,32,250,O,20090223,5,D499,,,Frank Dancevic,R,185,CAN,24.411,128,724,B981,,,Matt Bocko,,,USA,25.202,1127,11,6-1 3-6 6-3,3,Q1,82,4,1,66,39,31,16,13,0,2,3,1,71,49,32,11,12,5,9
2009-499,Delray Beach,Hard,32,250,O,20090223,6,Z211,,,Adrians Zguns,,,LAT,27.231,704,50,G621,7,,Chris Guccione,L,201,AUS,23.57,118,778,6-4 4-2 RET,3,Q1,78,0,3,52,29,18,16,8,2,3,4,6,46,27,18,8,8,3,6
2009-499,Delray Beach,Hard,32,250,O,20090223,7,D616,,,Somdev Devvarman,R,180,IND,24.027,150,546,Y124,8,,Donald Young,L,183,USA,19.589,130,689,6-4 6-4,3,Q1,90,8,4,66,35,28,13,10,3,5,2,2,70,44,23,14,10,4,8
2009-499,Delray Beach,Hard,32,250,O,20090223,8,D316,,,Ramon Delgado,R,183,PAR,32.277,277,264,M708,,,Ricardo Mello,L,175,BRA,28.175,182,456,6-4 6-0,3,Q1,76,1,1,66,38,24,17,8,3,3,3,3,52,31,19,7,8,5,9
2009-499,Delray Beach,Hard,32,250,O,20090223,9,G527,,,Luka Gregorc,R,188,SLO,25.027,217,360,N334,,,Eric Nunez,R,188,USA,26.877,393,162,6-4 6-7(6) 7-6(5),3,Q1,160,12,13,121,65,54,24,17,4,8,10,10,115,54,39,32,17,3,8
2009-499,Delray Beach,Hard,32,250,O,20090223,10,I186,,,John Isner,R,208,USA,23.83,144,575,B757,,,Rohan Bopanna,R,193,IND,28.975,324,212,6-2 6-1,3,Q1,39,3,0,32,24,21,7,7,0,0,5,1,47,23,14,7,8,2,7
2009-499,Delray Beach,Hard,32,250,O,20090223,11,L430,,,Giovanni Lapentti,R,193,ECU,26.081,215,366,O168,,,Vladimir Obradovic,R,196,SRB,28.052,389,164,6-3 7-6(4),3,Q1,88,5,2,69,45,39,14,11,0,0,6,5,67,38,29,17,10,2,3
2009-499,Delray Beach,Hard,32,250,O,20090223,12,L799,,,Jesse Levine,L,175,CAN,21.361,133,643,J263,,,Woong-Sun Jun,R,191,KOR,22.697,267,270,6-3 4-6 6-2,3,Q1,104,4,8,79,56,43,10,14,0,2,4,6,95,57,42,11,13,9,13
2009-499,Delray Beach,Hard,32,250,O,20090223,13,M680,,,Xavier Malisse,R,185,BEL,28.6,167,488,W359,,,Todd Widom,R,,USA,25.837,233,326,6-3 6-2,3,Q1,60,8,0,49,27,24,15,9,1,1,1,1,46,32,21,6,8,1,4
2009-499,Delray Beach,Hard,32,250,O,20090223,14,PB22,,,Peter Polansky,R,183,CAN,20.693,207,391,MB88,,,Matwe Middelkoop,R,191,NED,25.476,269,270,6-4 6-4,3,Q1,74,6,3,51,31,25,10,10,0,2,0,7,71,32,20,18,10,9,13
2009-499,Delray Beach,Hard,32,250,O,20090223,15,R548,,,Rajeev Ram,R,193,USA,24.936,210,377,V205,,,Dusan Vemic,R,188,SRB,32.687,274,266,6-4 6-4,3,Q1,95,5,1,64,42,32,11,10,1,1,2,3,68,44,31,12,10,6,8
2009-499,Delray Beach,Hard,32,250,O,20090223,16,SG87,,,Ryan Sweeting,R,196,USA,21.615,178,464,Y070,,,Michael Yani,R,185,USA,28.148,236,320,6-3 6-2,3,Q1,65,9,4,47,25,18,14,9,1,3,3,2,61,40,21,7,8,8,13
2009-499,Delray Beach,Hard,32,250,O,20090223,17,O234,1,,Wayne Odesnik,L,180,USA,23.258,96,902,R548,,,Rajeev Ram,R,193,USA,24.936,210,377,6-2 6-3,3,Q2,61,6,1,44,31,28,8,9,0,0,6,1,50,27,20,10,8,0,3
2009-499,Delray Beach,Hard,32,250,O,20090223,18,K760,,,Evgeny Korolev,R,185,KAZ,21.027,105,848,L799,,,Jesse Levine,L,175,CAN,21.361,133,643,6-3 6-4,3,Q2,83,3,0,64,40,29,12,10,1,2,5,4,76,41,26,16,9,8,11
2009-499,Delray Beach,Hard,32,250,O,20090223,19,B896,4,,Benjamin Becker,R,178,GER,27.691,123,751,D316,,,Ramon Delgado,R,183,PAR,32.277,277,264,6-4 5-7 6-0,3,Q2,105,13,8,84,46,36,20,14,2,4,2,5,80,44,32,14,14,2,7
2009-499,Delray Beach,Hard,32,250,O,20090223,20,D499,,,Frank Dancevic,R,185,CAN,24.411,128,724,I186,,,John Isner,R,208,USA,23.83,144,575,7-6(5) 6-2,3,Q2,72,13,2,56,30,28,17,10,0,0,6,2,64,45,30,10,10,1,3
2009-499,Delray Beach,Hard,32,250,O,20090223,21,D362,,,Taylor Dent,R,188,USA,27.836,590,78,M680,,,Xavier Malisse,R,185,BEL,28.6,167,488,7-5 6-3,3,Q2,78,7,5,62,35,26,16,11,4,6,5,1,73,44,29,10,10,8,12
2009-499,Delray Beach,Hard,32,250,O,20090223,22,L430,,,Giovanni Lapentti,R,193,ECU,26.081,215,366,G527,,,Luka Gregorc,R,188,SLO,25.027,217,360,6-2 6-4,3,Q2,80,4,4,56,34,25,14,9,2,2,4,2,58,34,21,13,9,6,9
2009-499,Delray Beach,Hard,32,250,O,20090223,23,PB22,,,Peter Polansky,R,183,CAN,20.693,207,391,Z211,,,Adrians Zguns,,,LAT,27.231,704,50,6-1 6-4,3,Q2,62,9,3,51,28,24,13,9,1,2,0,6,47,17,11,13,8,3,7
2009-499,Delray Beach,Hard,32,250,O,20090223,24,SG87,,,Ryan Sweeting,R,196,USA,21.615,178,464,D616,,,Somdev Devvarman,R,180,IND,24.027,150,546,7-5 6-4,3,Q2,107,8,5,63,38,29,13,11,2,4,3,4,97,54,31,20,11,16,20
2009-499,Delray Beach,Hard,32,250,O,20090223,25,D499,,,Frank Dancevic,R,185,CAN,24.411,128,724,O234,1,,Wayne Odesnik,L,180,USA,23.258,96,902,6-7(3) 6-4 6-2,3,Q3,140,11,0,95,56,37,25,15,2,4,8,4,103,53,39,22,15,7,12
2009-499,Delray Beach,Hard,32,250,O,20090223,26,K760,,,Evgeny Korolev,R,185,KAZ,21.027,105,848,PB22,,,Peter Polansky,R,183,CAN,20.693,207,391,6-4 6-2,3,Q3,80,6,5,58,31,20,16,9,3,5,4,7,73,30,22,14,9,3,8
2009-499,Delray Beach,Hard,32,250,O,20090223,27,SG87,,,Ryan Sweeting,R,196,USA,21.615,178,464,B896,4,,Benjamin Becker,R,178,GER,27.691,123,751,7-6(4) 6-1,3,Q3,66,5,9,61,39,34,4,10,1,3,2,0,47,23,13,11,9,0,4
2009-499,Delray Beach,Hard,32,250,O,20090223,28,D362,,,Taylor Dent,R,188,USA,27.836,590,78,L430,,,Giovanni Lapentti,R,193,ECU,26.081,215,366,6-3 6-3,3,Q3,79,10,3,57,34,24,14,9,2,3,2,6,58,33,22,8,9,5,9
2009-807,Acapulco,Clay,32,500,O,20090223,1,K551,,,Daniel Koellerer,R,180,AUT,25.522,116,782,E232,,,Juan-Manuel Elizondo,A,180,MEX,25.714,901,26,6-2 6-3,3,Q1,61,5,0,48,40,34,5,9,2,2,0,4,45,25,17,8,8,0,3
2009-807,Acapulco,Clay,32,500,O,20090223,2,R383,,,Ruben Ramirez Hidalgo,R,183,ESP,31.132,126,726,MI48,,,Jose Gerardo Meza,,,MEX,17.895,,,6-3 6-2,3,Q1,63,2,4,45,23,19,15,9,1,2,5,3,51,25,18,9,8,3,7
2009-807,Acapulco,Clay,32,500,O,20090223,3,P488,,,Olivier Patience,R,180,FRA,28.917,139,602,R805,,,Sebastian Rivera,L,178,CHI,22.434,826,32,6-2 6-1,3,Q1,51,0,1,43,27,23,10,8,0,0,1,3,37,25,16,3,7,2,6
2009-807,Acapulco,Clay,32,500,O,20090223,4,C882,,,Pablo Cuevas,R,180,URU,23.146,134,629,R835,,,Cesar Ramirez,R,,MEX,19.08,676,54,6-4 6-4,3,Q1,78,13,0,46,35,32,8,10,0,0,1,1,59,36,29,9,10,3,5
2009-807,Acapulco,Clay,32,500,O,20090223,5,Z184,5,,Horacio Zeballos,L,188,ARG,23.828,151,545,F464,,,Luis Manuel Flores,L,,MEX,24.06,555,86,6-4 6-1,3,Q1,72,5,2,45,27,21,13,8,1,1,6,3,67,39,28,8,9,7,11
2009-807,Acapulco,Clay,32,500,O,20090223,6,C445,,,Frantisek Cermak,R,193,CZE,32.277,907,24,D479,6,,Sebastian Decoud,L,180,ARG,27.433,175,471,2-6 6-4 7-6(2),3,Q1,164,5,7,104,58,45,22,15,4,7,4,7,107,60,47,20,15,5,7
2009-807,Acapulco,Clay,32,500,O,20090223,7,L513,7,,Miguel Angel Lopez Jaen,R,188,ESP,26.237,183,455,D353,,,Jose De Armas,R,,VEN,27.918,282,258,7-5 6-1,3,Q1,69,6,2,52,27,26,14,10,3,4,1,6,53,28,18,10,9,2,6
2009-807,Acapulco,Clay,32,500,O,20090223,8,K540,8,,Lukasz Kubot,R,191,POL,26.776,187,442,M760,,,Oliver Marach,R,185,AUT,28.608,472,114,7-5 6-3,3,Q1,93,3,4,81,49,34,17,11,4,5,9,3,59,32,25,11,10,2,5
2009-807,Acapulco,Clay,32,500,O,20090223,9,104252,,,Daniel Koellerer,R,180,AUT,25.522,116,782,104053,8,,Lukasz Kubot,R,191,POL,26.776,187,442,7-5 3-6 6-3,3,Q2,148,2,7,108,68,44,18,15,5,10,4,8,112,65,40,20,16,6,11
2009-807,Acapulco,Clay,32,500,O,20090223,10,R383,,,Ruben Ramirez Hidalgo,R,183,ESP,31.132,126,726,Z184,5,,Horacio Zeballos,L,188,ARG,23.828,151,545,6-3 6-4,3,Q2,87,6,5,60,32,25,19,10,1,1,9,4,56,36,27,9,9,4,6
2009-807,Acapulco,Clay,32,500,O,20090223,11,P488,,,Olivier Patience,R,180,FRA,28.917,139,602,L513,7,,Miguel Angel Lopez Jaen,R,188,ESP,26.237,183,455,6-3 6-2,3,Q2,84,6,1,60,38,31,12,9,4,4,4,1,57,29,18,15,8,7,10
2009-807,Acapulco,Clay,32,500,O,20090223,12,C882,,,Pablo Cuevas,R,180,URU,23.146,134,629,C445,,,Frantisek Cermak,R,193,CZE,32.277,907,24,6-4 6-2,3,Q2,75,5,2,42,27,24,13,9,1,1,4,5,66,43,26,10,9,4,7
2009-404,Indian Wells Masters,Hard,96,M,O,20090312,1,BD20,,,Thomaz Bellucci,L,188,BRA,21.199,69,1035,BD00,,,Roman Borvanov,R,183,MDA,26.949,472,113,6-1 6-0,3,Q1,56,6,0,42,25,17,12,6,1,1,1,4,39,23,9,4,7,1,7
2009-404,Indian Wells Masters,Hard,96,M,O,20090312,2,P436,,,Bjorn Phau,R,175,GER,29.437,85,934,F378,,,John Paul Fruttero,R,185,USA,27.866,1653,2,6-4 6-1,3,Q1,70,1,4,54,28,21,15,9,2,3,3,11,54,30,17,8,8,4,8
2009-404,Indian Wells Masters,Hard,96,M,O,20090312,3,MB49,,,Nicholas Monroe,R,178,USA,26.916,291,245,K760,3,,Evgeny Korolev,R,185,KAZ,21.073,87,930,7-6(3) 1-6 6-2,3,Q1,108,3,4,83,58,39,9,14,0,5,4,6,92,50,31,24,13,4,8
2009-404,Indian Wells Masters,Hard,96,M,O,20090312,4,C634,4,,Paul Capdeville,R,191,CHI,25.944,91,915,W387,,,Jesse Witten,R,178,USA,26.407,364,182,4-6 6-2 6-4,3,Q1,121,2,3,101,66,39,16,14,8,13,5,8,85,47,30,13,14,7,14
2009-404,Indian Wells Masters,Hard,96,M,O,20090312,5,K448,,,Robert Kendrick,R,191,USA,29.322,98,896,D878,,,Alexander Domijan,,,USA,17.522,739,44,6-2 6-2,3,Q1,51,9,4,48,29,23,10,8,3,4,2,1,53,36,17,7,8,5,10
2009-404,Indian Wells Masters,Hard,96,M,O,20090312,6,K358,,,Kevin Kim,R,180,USA,30.628,106,813,O168,,,Vladimir Obradovic,R,196,SRB,28.099,390,162,6-4 6-2,3,Q1,65,11,4,56,37,31,9,9,2,2,1,5,59,32,23,11,9,6,9
2009-404,Indian Wells Masters,Hard,96,M,O,20090312,7,K551,,,Daniel Koellerer,R,180,AUT,25.569,107,812,B503,,,George Bastl,R,183,SUI,33.947,217,351,6-4 6-2,3,Q1,105,0,4,68,48,35,7,9,2,3,3,5,60,33,22,11,9,8,12
2009-404,Indian Wells Masters,Hard,96,M,O,20090312,8,B678,,,Michael Berrer,L,193,GER,28.695,112,783,R548,,,Rajeev Ram,R,193,USA,24.983,206,377,6-7(3) 6-2 6-4,3,Q1,134,4,7,100,62,51,18,15,5,6,5,3,101,54,35,24,15,5,9
2009-404,Indian Wells Masters,Hard,96,M,O,20090312,9,T269,,,Nicolas Todero,R,183,ARG,29.908,418,144,G511,9,,Simon Greul,R,185,GER,27.912,115,756,3-6 6-2 6-1,3,Q1,87,9,6,83,50,39,16,12,3,4,3,4,66,24,13,29,12,0,4
2009-404,Indian Wells Masters,Hard,96,M,O,20090312,10,C723,10,,Flavio Cipolla,R,173,ITA,25.394,118,736,C768,,,Lester Cook,R,180,USA,24.882,352,189,6-7(5) 7-6(3) 7-5,3,Q1,163,2,5,119,77,50,28,18,3,5,12,1,124,78,56,24,18,9,12
2009-404,Indian Wells Masters,Hard,96,M,O,20090312,11,C611,,,Tobias Clemens,R,185,GER,29.577,480,109,A410,11,,Thiago Alves,R,178,BRA,26.806,123,717,6-2 6-0,3,Q1,56,4,2,36,18,15,11,7,0,1,0,4,55,28,14,8,7,7,13
2009-404,Indian Wells Masters,Hard,96,M,O,20090312,12,B896,12,,Benjamin Becker,R,178,GER,27.737,127,640,D487,,,Lukas Dlouhy,R,185,CZE,25.925,202,388,6-4 7-5,3,Q1,62,3,6,64,38,32,14,11,3,4,7,6,62,43,28,10,11,1,4
2009-404,Indian Wells Masters,Hard,96,M,O,20090312,13,C582,,,Marco Chiudinelli,R,185,SUI,27.502,327,207,L799,13,,Jesse Levine,L,175,CAN,21.407,129,629,7-6(4) 6-1,3,Q1,96,3,3,84,50,33,17,9,8,9,5,4,68,38,22,15,10,1,5
2009-404,Indian Wells Masters,Hard,96,M,O,20090312,14,P488,,,Olivier Patience,R,180,FRA,28.964,135,612,O269,,,Greg Ouellette,L,178,USA,22.815,720,47,7-6(7) 6-4,3,Q1,97,8,4,75,43,34,18,11,2,3,3,3,79,44,30,18,11,10,12
2009-404,Indian Wells Masters,Hard,96,M,O,20090312,15,G725,,,Santiago Giraldo,R,188,COL,21.29,140,593,S990,,,Tobias Summerer,R,185,GER,26.108,1444,4,6-0 6-1,3,Q1,39,1,2,35,23,19,4,6,0,1,1,5,42,21,9,3,7,6,13
2009-404,Indian Wells Masters,Hard,96,M,O,20090312,16,R368,,,Michael Russell,R,173,USA,30.864,263,271,B752,16,,Stephane Bohli,R,185,SUI,25.632,143,582,6-1 6-2,3,Q1,58,3,2,53,34,26,12,8,4,4,0,5,40,20,12,7,7,3,7
2009-404,Indian Wells Masters,Hard,96,M,O,20090312,17,L523,,,Michael Lammer,R,185,SUI,26.965,235,323,Y124,17,,Donald Young,L,183,USA,19.636,146,569,2-6 6-4 7-5,3,Q1,130,4,5,95,52,30,20,15,3,9,4,5,97,51,35,20,15,5,11
2009-404,Indian Wells Masters,Hard,96,M,O,20090312,18,E254,,,Brendan Evans,R,188,USA,22.927,152,535,G900,,,Colt Gaston,,,USA,24.142,,,6-3 6-4,3,Q1,55,6,3,48,36,31,6,10,0,1,9,6,56,30,20,12,9,3,6
2009-404,Indian Wells Masters,Hard,96,M,O,20090312,19,J290,,,Scoville Jenkins,R,188,USA,22.467,199,394,W361,19,,Sam Warburg,R,191,USA,25.87,154,522,6-2 6-3,3,Q1,84,10,5,72,44,36,11,9,7,7,5,0,47,23,20,7,8,1,4
2009-404,Indian Wells Masters,Hard,96,M,O,20090312,20,D424,,,Rik De Voest,R,180,RSA,28.767,176,460,MA96,,,Tigran Martirosyan,,,ARM,25.667,456,121,6-0 6-4,3,Q1,63,1,1,51,27,22,11,8,3,4,0,3,61,41,21,7,8,7,12
2009-404,Indian Wells Masters,Hard,96,M,O,20090312,21,M708,22,,Ricardo Mello,L,175,BRA,28.222,178,456,Y114,,,Daniel Yoo,L,180,KOR,23.461,474,112,6-4 6-4,3,Q1,79,2,2,49,29,25,12,10,0,1,6,3,70,38,24,15,10,9,12
2009-404,Indian Wells Masters,Hard,96,M,O,20090312,22,L480,,,Marc Lopez,R,175,ESP,26.615,201,389,K540,23,,Lukasz Kubot,R,191,POL,26.823,181,452,6-4 6-4,3,Q1,97,0,3,63,32,23,19,10,5,6,1,5,66,45,30,9,10,4,7
2009-404,Indian Wells Masters,Hard,96,M,O,20090312,23,D351,24,,Sebastien De Chaunac,R,183,FRA,31.428,198,394,V205,,,Dusan Vemic,R,188,SRB,32.734,267,266,6-1 7-5,3,Q1,79,8,6,55,28,25,14,10,1,2,5,0,50,35,22,7,9,3,7
2009-404,Indian Wells Masters,Hard,96,M,O,20090312,24,W359,,,Todd Widom,R,,USA,25.884,232,326,BB68,,,Stephen Bass,,,USA,23.912,386,164,6-3 6-4,3,Q1,98,2,0,62,39,27,11,9,3,5,1,3,74,48,25,13,10,7,12
2009-404,Indian Wells Masters,Hard,96,M,O,20090312,25,BD20,,,Thomaz Bellucci,L,188,BRA,21.199,69,1035,L480,,,Marc Lopez,R,175,ESP,26.615,201,389,4-6 6-3 6-4,3,Q2,172,8,2,114,72,52,19,15,11,13,1,1,103,57,35,26,14,9,12
2009-404,Indian Wells Masters,Hard,96,M,O,20090312,26,P436,,,Bjorn Phau,R,175,GER,29.437,85,934,D351,24,,Sebastien De Chaunac,R,183,FRA,31.428,198,394,6-2 6-4,3,Q2,79,3,1,48,24,19,14,9,0,2,5,4,64,33,25,6,9,3,8
2009-404,Indian Wells Masters,Hard,96,M,O,20090312,27,W359,,,Todd Widom,R,,USA,25.884,232,326,C634,4,,Paul Capdeville,R,191,CHI,25.944,91,915,6-2 3-6 6-3,3,Q2,103,1,2,77,41,32,23,13,5,6,2,2,72,48,34,13,13,4,7
2009-404,Indian Wells Masters,Hard,96,M,O,20090312,28,K448,,,Robert Kendrick,R,191,USA,29.322,98,896,M708,22,,Ricardo Mello,L,175,BRA,28.222,178,456,6-4 6-4,3,Q2,72,5,3,60,33,27,16,10,1,1,4,0,65,41,26,15,10,5,7
2009-404,Indian Wells Masters,Hard,96,M,O,20090312,29,K358,,,Kevin Kim,R,180,USA,30.628,106,813,J290,,,Scoville Jenkins,R,188,USA,22.467,199,394,6-7(4) 6-2 6-1,3,Q2,115,7,4,89,36,28,27,14,0,3,8,8,85,51,31,11,13,4,11
2009-404,Indian Wells Masters,Hard,96,M,O,20090312,30,K551,,,Daniel Koellerer,R,180,AUT,25.569,107,812,C582,,,Marco Chiudinelli,R,185,SUI,27.502,327,207,6-4 6-2,3,Q2,92,0,0,58,45,31,9,9,4,4,2,1,59,32,19,14,9,5,8
2009-404,Indian Wells Masters,Hard,96,M,O,20090312,31,B678,,,Michael Berrer,L,193,GER,28.695,112,783,P488,,,Olivier Patience,R,180,FRA,28.964,135,612,6-4 7-5,3,Q2,99,5,6,67,40,28,14,11,3,5,3,2,76,38,23,20,11,6,10
2009-404,Indian Wells Masters,Hard,96,M,O,20090312,32,G725,,,Santiago Giraldo,R,188,COL,21.29,140,593,C723,10,,Flavio Cipolla,R,173,ITA,25.394,118,736,6-3 6-1,3,Q2,71,3,0,55,31,26,12,8,3,3,1,3,47,33,15,8,8,2,6
2009-404,Indian Wells Masters,Hard,96,M,O,20090312,33,L523,,,Michael Lammer,R,185,SUI,26.965,235,323,B896,12,,Benjamin Becker,R,178,GER,27.737,127,640,3-6 7-6(4) 6-3,3,Q2,142,5,3,117,64,46,24,16,5,9,5,6,87,47,42,15,14,4,7
2009-404,Indian Wells Masters,Hard,96,M,O,20090312,34,E254,,,Brendan Evans,R,188,USA,22.927,152,535,C611,,,Tobias Clemens,R,185,GER,29.577,480,109,5-7 6-4 7-6(2),3,Q2,158,17,3,134,81,54,28,17,12,15,9,2,106,82,59,9,17,5,8
2009-404,Indian Wells Masters,Hard,96,M,O,20090312,35,D424,,,Rik De Voest,R,180,RSA,28.767,176,460,MB49,,,Nicholas Monroe,R,178,USA,26.916,291,245,6-3 6-4,3,Q2,86,2,1,54,35,27,11,10,1,3,1,2,67,53,31,5,9,4,8
2009-404,Indian Wells Masters,Hard,96,M,O,20090312,36,R368,,,Michael Russell,R,173,USA,30.864,263,271,T269,,,Nicolas Todero,R,183,ARG,29.908,418,144,6-3 6-1,3,Q2,67,2,1,46,38,27,4,8,2,3,5,3,60,32,20,8,8,4,9
2009-403,Miami Masters,Hard,96,M,O,20090325,1,SC56,,,Dudi Sela,R,175,ISR,23.973,57,1175,D878,,,Alexander Domijan,,,USA,17.558,733,44,6-2 7-5,3,Q1,68,3,4,63,46,34,7,10,4,6,0,2,70,44,26,10,10,8,13
2009-403,Miami Masters,Hard,96,M,O,20090325,2,BD20,,,Thomaz Bellucci,L,188,BRA,21.235,65,1072,C582,,,Marco Chiudinelli,R,185,SUI,27.537,318,214,7-6(6) 6-3,3,Q1,103,9,1,79,50,36,21,11,4,4,4,3,70,38,29,17,10,3,4
2009-403,Miami Masters,Hard,96,M,O,20090325,3,G717,,,Fred Gil,R,173,POR,24.003,74,992,H693,,,Ricardo Hocevar,R,180,BRA,23.877,166,491,6-3 2-6 6-1,3,Q1,107,4,2,72,36,24,26,12,4,6,5,8,90,44,31,18,12,9,13
2009-403,Miami Masters,Hard,96,M,O,20090325,4,D362,,,Taylor Dent,R,188,USA,27.918,467,115,D556,4,,Brian Dabul,L,170,ARG,25.081,97,867,7-5 6-2,3,Q1,75,7,5,59,30,24,17,10,4,5,0,1,65,40,24,10,10,6,10
2009-403,Miami Masters,Hard,96,M,O,20090325,5,P436,,,Bjorn Phau,R,175,GER,29.473,80,940,MF57,,,Michael McClune,R,188,USA,19.589,459,119,4-6 6-0 6-1,3,Q1,86,4,3,76,43,33,19,12,3,4,1,1,74,41,21,19,11,11,16
2009-403,Miami Masters,Hard,96,M,O,20090325,6,K760,6,,Evgeny Korolev,R,185,KAZ,21.109,84,925,G374,,,Gaston Gaudio,R,175,ARG,30.292,974,18,6-2 3-6 7-5,3,Q1,119,6,2,99,64,42,17,15,11,15,4,12,101,53,34,23,14,7,12
2009-403,Miami Masters,Hard,96,M,O,20090325,7,C634,7,,Paul Capdeville,R,191,CHI,25.979,86,902,B804,,,Karol Beck,R,180,SVK,26.976,163,500,6-7(4) 6-4 6-1,3,Q1,160,4,0,103,64,44,17,15,5,9,7,9,118,52,38,22,14,12,19
2009-403,Miami Masters,Hard,96,M,O,20090325,8,O234,8,,Wayne Odesnik,L,180,USA,23.34,101,852,D385,,,Benedikt Dorsch,R,178,GER,28.203,144,576,6-4 6-7(5) 7-6(12),3,Q1,175,17,1,113,78,53,21,17,6,8,6,5,146,82,57,28,17,16,19
2009-403,Miami Masters,Hard,96,M,O,20090325,9,D424,,,Rik De Voest,R,180,RSA,28.802,183,432,MD56,9,,Leonardo Mayer,R,191,ARG,21.862,94,877,2-6 7-6(5) 7-6(3),3,Q1,144,1,2,118,74,54,23,16,5,7,8,2,99,63,52,20,16,2,2
2009-403,Miami Masters,Hard,96,M,O,20090325,10,K448,,,Robert Kendrick,R,191,USA,29.358,85,923,Y124,,,Donald Young,L,183,USA,19.671,162,500,6-2 6-4,3,Q1,73,8,4,74,43,32,18,9,6,6,0,4,66,36,25,12,9,6,9
2009-403,Miami Masters,Hard,96,M,O,20090325,11,M708,,,Ricardo Mello,L,175,BRA,28.257,168,483,G512,11,,Denis Gremelmayr,L,183,GER,27.606,88,896,6-3 6-3,3,Q1,55,3,0,45,28,24,11,9,2,3,4,2,57,26,16,14,9,3,7
2009-403,Miami Masters,Hard,96,M,O,20090325,12,K926,,,Mikhail Kukushkin,R,183,KAZ,21.246,142,582,L290,12,,Nicolas Lapentti,R,188,ECU,32.613,98,863,6-3 6-3,3,Q1,76,3,3,63,40,29,15,9,6,6,0,3,56,32,20,11,9,5,8
2009-403,Miami Masters,Hard,96,M,O,20090325,13,K358,,,Kevin Kim,R,180,USA,30.664,107,825,G725,,,Santiago Giraldo,R,188,COL,21.325,146,565,6-4 6-4,3,Q1,82,8,1,69,39,30,16,10,7,8,4,1,65,33,23,15,10,5,8
2009-403,Miami Masters,Hard,96,M,O,20090325,14,D438,,,Amer Delic,R,196,BIH,26.735,160,515,K551,14,,Daniel Koellerer,R,180,AUT,25.604,103,839,6-2 2-3 RET,3,Q1,57,4,0,36,23,17,8,6,1,1,0,3,55,36,21,9,7,3,5
2009-403,Miami Masters,Hard,96,M,O,20090325,15,G806,15,,Andrey Golubev,R,180,KAZ,21.676,110,804,MA49,,,Rui Machado,R,178,POR,24.956,138,599,6-3 7-6(5),3,Q1,85,2,4,80,49,36,18,11,1,1,1,3,58,32,25,18,10,1,2
2009-403,Miami Masters,Hard,96,M,O,20090325,16,B896,,,Benjamin Becker,R,178,GER,27.773,127,637,F510,16,,Fabio Fognini,R,178,ITA,21.837,112,765,6-4 6-4,3,Q1,91,6,1,57,33,26,10,10,3,5,2,6,99,55,35,18,10,16,20
2009-403,Miami Masters,Hard,96,M,O,20090325,17,S544,17,,Vincent Spadea,R,183,USA,34.683,111,789,Z184,,,Horacio Zeballos,L,188,ARG,23.91,126,647,6-0 6-3,3,Q1,38,7,2,40,21,21,13,8,0,0,2,3,35,21,13,5,7,1,5
2009-403,Miami Masters,Hard,96,M,O,20090325,18,B678,18,,Michael Berrer,L,193,GER,28.731,109,810,B752,,,Stephane Bohli,R,185,SUI,25.667,141,582,3-2 RET,3,Q1,30,2,0,13,8,7,4,2,0,0,1,0,28,13,8,7,3,3,4
2009-403,Miami Masters,Hard,96,M,O,20090325,19,G511,19,,Simon Greul,R,185,GER,27.948,113,756,P467,,,Alexander Peya,R,183,AUT,28.742,197,392,6-4 6-4,3,Q1,90,1,1,56,28,22,20,10,0,0,0,3,71,34,25,16,10,3,5
2009-403,Miami Masters,Hard,96,M,O,20090325,20,K371,20,,Roko Karanusic,R,183,CRO,26.552,116,743,A678,,,Kevin Anderson,R,203,RSA,22.853,140,582,6-2 6-3,3,Q1,70,2,1,51,35,30,5,8,1,1,7,2,62,41,22,9,9,4,8
2009-403,Miami Masters,Hard,96,M,O,20090325,21,C723,21,,Flavio Cipolla,R,173,ITA,25.429,118,733,J129,,,Thomas Johansson,R,180,SWE,34.004,175,456,4-6 6-3 6-4,3,Q1,118,5,2,97,66,44,14,15,4,7,7,1,85,46,36,16,14,8,12
2009-403,Miami Masters,Hard,96,M,O,20090325,22,D499,,,Frank Dancevic,R,185,CAN,24.493,117,736,M873,,,Nicolas Mahut,R,191,FRA,27.173,132,621,5-7 7-6(5) 6-4,3,Q1,150,17,1,123,82,56,18,17,8,12,2,5,109,68,49,17,17,7,11
2009-403,Miami Masters,Hard,96,M,O,20090325,23,I186,,,John Isner,R,208,USA,23.912,134,615,R397,23,,Olivier Rochus,R,168,BEL,28.181,124,687,6-4 7-5,3,Q1,66,16,0,56,45,38,6,11,0,0,5,3,59,34,26,14,11,2,4
2009-403,Miami Masters,Hard,96,M,O,20090325,24,R368,,,Michael Russell,R,173,USA,30.899,241,308,A410,24,,Thiago Alves,R,178,BRA,26.842,121,716,6-2 6-3,3,Q1,81,8,2,53,32,24,12,9,0,1,1,2,50,26,14,10,8,3,7
2009-403,Miami Masters,Hard,96,M,O,20090325,25,D499,,,Frank Dancevic,R,185,CAN,24.493,117,736,SC56,,,Dudi Sela,R,175,ISR,23.973,57,1175,6-2 6-4,3,Q2,67,3,3,66,35,27,17,9,5,5,1,1,58,32,18,16,9,3,6
2009-403,Miami Masters,Hard,96,M,O,20090325,26,BD20,,,Thomaz Bellucci,L,188,BRA,21.235,65,1072,G511,19,,Simon Greul,R,185,GER,27.948,113,756,6-2 4-6 6-3,3,Q2,131,8,4,89,49,37,22,14,3,5,2,3,87,43,32,17,13,7,11
2009-403,Miami Masters,Hard,96,M,O,20090325,27,G717,,,Fred Gil,R,173,POR,24.003,74,992,B678,18,,Michael Berrer,L,193,GER,28.731,109,810,6-7(4) 6-2 7-5,3,Q2,128,7,4,98,59,45,22,16,3,5,3,2,99,67,45,15,16,8,13
2009-403,Miami Masters,Hard,96,M,O,20090325,28,I186,,,John Isner,R,208,USA,23.912,134,615,P436,,,Bjorn Phau,R,175,GER,29.473,80,940,2-6 7-5 6-3,3,Q2,120,8,1,98,71,43,18,15,5,8,11,3,79,42,32,21,14,5,8
2009-403,Miami Masters,Hard,96,M,O,20090325,29,R368,,,Michael Russell,R,173,USA,30.899,241,308,K760,6,,Evgeny Korolev,R,185,KAZ,21.109,84,925,2-6 6-4 6-2,3,Q2,105,1,0,71,50,32,12,13,3,7,9,6,84,58,38,9,13,7,12
2009-403,Miami Masters,Hard,96,M,O,20090325,30,K358,,,Kevin Kim,R,180,USA,30.664,107,825,C634,7,,Paul Capdeville,R,191,CHI,25.979,86,902,6-7(4) 6-4 6-4,3,Q2,126,15,2,106,49,38,24,16,4,8,9,4,108,71,50,10,16,3,9
2009-403,Miami Masters,Hard,96,M,O,20090325,31,D438,,,Amer Delic,R,196,BIH,26.735,160,515,O234,8,,Wayne Odesnik,L,180,USA,23.34,101,852,6-4 7-6(5),3,Q2,106,9,4,89,54,40,16,11,6,7,2,2,73,51,31,13,11,3,5
2009-403,Miami Masters,Hard,96,M,O,20090325,32,K448,,,Robert Kendrick,R,191,USA,29.358,85,923,K371,20,,Roko Karanusic,R,183,CRO,26.552,116,743,6-3 7-6(5),3,Q2,77,5,3,73,41,28,16,11,4,6,4,0,74,49,28,15,10,7,10
2009-403,Miami Masters,Hard,96,M,O,20090325,33,K926,,,Mikhail Kukushkin,R,183,KAZ,21.246,142,582,G806,15,,Andrey Golubev,R,180,KAZ,21.676,110,804,6-4 6-2,3,Q2,79,1,2,51,27,22,14,9,0,1,4,8,61,37,22,8,9,6,10
2009-403,Miami Masters,Hard,96,M,O,20090325,34,M708,,,Ricardo Mello,L,175,BRA,28.257,168,483,S544,17,,Vincent Spadea,R,183,USA,34.683,111,789,7-6(6) 6-0,3,Q2,93,3,0,74,42,29,15,9,5,7,3,5,78,44,26,13,9,8,13
2009-403,Miami Masters,Hard,96,M,O,20090325,35,D362,,,Taylor Dent,R,188,USA,27.918,467,115,C723,21,,Flavio Cipolla,R,173,ITA,25.429,118,733,6-7(5) 6-4 7-5,3,Q2,138,5,4,100,56,47,26,17,2,3,0,6,115,86,60,15,17,3,6
2009-403,Miami Masters,Hard,96,M,O,20090325,36,B896,,,Benjamin Becker,R,178,GER,27.773,127,637,D424,,,Rik De Voest,R,180,RSA,28.802,183,432,6-2 6-1,3,Q2,60,3,4,43,24,19,12,7,1,1,3,1,61,39,23,6,8,4,9
2009-360,Casablanca,Clay,32,250,O,20090406,1,O207,5,,Lamine Ouahab,R,185,MAR,24.287,143,570,S483,,,Pedro Sousa,R,180,POR,20.86,1094,12,5-7 6-1 7-6(3),3,Q1,138,1,3,116,68,43,24,16,11,18,1,15,115,45,31,25,15,9,17
2009-360,Casablanca,Clay,32,250,O,20090406,2,P646,,,Carlos Poch-Gradin,L,185,ESP,26.407,266,272,R628,6,,Laurent Recouderc,R,,AND,24.739,154,530,6-4 6-2,3,Q1,84,3,1,50,26,22,16,9,1,1,0,0,73,43,28,13,9,7,10
2009-360,Casablanca,Clay,32,250,O,20090406,3,P642,7,,Boris Pashanski,R,178,SRB,26.423,188,407,A340,,,Francesco Aldi,R,175,ITA,27.551,423,139,7-5 2-6 6-4,3,Q1,148,2,4,85,48,24,23,15,3,9,1,3,82,66,39,8,15,6,12
2009-360,Casablanca,Clay,32,250,O,20090406,4,K540,8,,Lukasz Kubot,R,191,POL,26.891,173,452,MB53,,,Adrian Menendez-Maceiras,R,183,ESP,23.439,347,194,7-5 2-6 7-6(4),3,Q1,166,1,12,105,62,41,18,16,5,10,3,0,103,67,42,19,16,4,8
2009-360,Casablanca,Clay,32,250,O,20090406,5,BC35,,,Eric Butorac,L,191,USA,27.874,,,A630,,,Ali El Alaoui,,,MAR,23.121,,,6-2 6-2,3,Q1,53,5,4,43,27,25,8,8,1,1,2,3,60,29,17,12,8,7,11
2009-360,Casablanca,Clay,32,250,O,20090406,6,F344,,,Jean-Christophe Faurel,R,175,FRA,28.085,334,202,F299,,,Leos Friedl,R,183,CZE,32.26,,,6-7(6) 2-1 RET,3,Q1,88,0,4,55,27,21,13,7,0,0,0,1,59,38,26,12,8,1,2
2009-360,Casablanca,Clay,32,250,O,20090406,7,G372,,,Stefano Galvani,R,175,ITA,31.841,240,309,K980,,,Reda Karakhi,,,MAR,17.621,1779,2,6-2 6-2,3,Q1,64,0,1,47,18,14,18,8,0,1,1,1,55,24,14,12,8,3,8
2009-360,Casablanca,Clay,32,250,O,20090406,8,G935,,,Sergio Gutierrez-Ferrol,R,,ESP,20.088,424,139,V195,,,Fernando Vicente,R,180,ESP,32.079,241,309,6-3 6-4,3,Q1,68,3,2,60,37,29,11,10,3,4,0,5,59,40,25,9,9,4,7
2009-360,Casablanca,Clay,32,250,O,20090406,9,M760,,,Oliver Marach,R,185,AUT,28.723,464,114,N437,,,Gianluca Naso,R,193,ITA,22.248,263,282,6-4 6-2,3,Q1,75,8,0,56,30,26,14,9,2,2,4,2,56,33,22,11,9,3,6
2009-360,Casablanca,Clay,32,250,O,20090406,10,MI75,,,Rafael Mazon-Hernandez,,,ESP,18.557,1517,4,W517,,,El Mehdi Wasfy,L,,MAR,19.655,1554,2,6-2 6-3,3,Q1,78,0,4,51,26,16,11,8,2,5,1,2,61,45,17,7,9,7,14
2009-360,Casablanca,Clay,32,250,O,20090406,11,SE07,,,Mohamed Saber,,,MAR,21.588,1551,3,N637,,,Mbonisi Ndimande,,,ZWE,17.856,1554,2,6-4 6-2,3,Q1,89,2,9,68,32,25,14,9,2,5,0,1,56,43,18,7,9,2,8
2009-360,Casablanca,Clay,32,250,O,20090406,12,S552,,,David Skoch,R,183,CZE,32.413,1130,10,H421,,,Paul Hanley,R,183,AUS,31.398,,,7-5 6-4,3,Q1,85,3,1,75,36,21,23,11,6,10,5,8,66,30,20,13,11,5,11
2009-360,Casablanca,Clay,32,250,O,20090406,13,C723,,,Flavio Cipolla,R,173,ITA,25.462,120,724,S552,,,David Skoch,R,183,CZE,32.413,1130,10,7-6(3) 6-2,3,Q2,90,1,2,65,45,25,12,10,3,6,1,5,66,35,21,11,10,3,8
2009-360,Casablanca,Clay,32,250,O,20090406,14,R383,,,Ruben Ramirez Hidalgo,R,183,ESP,31.247,119,730,F344,,,Jean-Christophe Faurel,R,175,FRA,28.085,334,202,6-3 6-1,3,Q2,77,1,3,51,29,23,13,8,4,4,0,6,54,24,14,12,8,4,8
2009-360,Casablanca,Clay,32,250,O,20090406,15,V251,,,Santiago Ventura,R,183,ESP,29.251,117,736,G372,,,Stefano Galvani,R,175,ITA,31.841,240,309,6-0 6-4,3,Q2,85,3,5,51,27,20,13,8,4,5,0,3,75,27,14,22,8,10,15
2009-360,Casablanca,Clay,32,250,O,20090406,16,P488,4,,Olivier Patience,R,180,FRA,29.032,146,557,BC35,,,Eric Butorac,L,191,USA,27.874,,,6-4 6-3,3,Q2,65,2,7,70,36,30,18,10,4,4,6,4,59,38,27,8,9,5,7
2009-360,Casablanca,Clay,32,250,O,20090406,17,O207,5,,Lamine Ouahab,R,185,MAR,24.287,143,570,MI75,,,Rafael Mazon-Hernandez,,,ESP,18.557,1517,4,6-2 6-1,3,Q2,65,4,2,49,28,18,11,7,2,4,0,2,58,26,10,12,8,2,9
2009-360,Casablanca,Clay,32,250,O,20090406,18,P642,7,,Boris Pashanski,R,178,SRB,26.423,188,407,G935,,,Sergio Gutierrez-Ferrol,R,,ESP,20.088,424,139,7-5 7-6(5),3,Q2,116,0,5,94,48,31,23,12,8,11,9,5,71,33,25,13,12,1,5
2009-360,Casablanca,Clay,32,250,O,20090406,19,M760,,,Oliver Marach,R,185,AUT,28.723,464,114,K540,8,,Lukasz Kubot,R,191,POL,26.891,173,452,7-5 6-4,3,Q2,94,7,4,66,35,27,14,11,1,3,6,3,60,35,20,14,11,2,6
2009-360,Casablanca,Clay,32,250,O,20090406,20,P646,,,Carlos Poch-Gradin,L,185,ESP,26.407,266,272,SE07,,,Mohamed Saber,,,MAR,21.588,1551,3,6-1 6-3,3,Q2,73,2,2,43,26,19,11,8,2,3,4,1,67,39,20,12,8,5,10
2009-360,Casablanca,Clay,32,250,O,20090406,21,C723,,,Flavio Cipolla,R,173,ITA,25.462,120,724,O207,5,,Lamine Ouahab,R,185,MAR,24.287,143,570,7-6(9) 4-0 RET,3,Q3,94,0,1,60,46,29,9,8,5,6,0,1,55,38,22,6,8,0,3
2009-360,Casablanca,Clay,32,250,O,20090406,22,R383,,,Ruben Ramirez Hidalgo,R,183,ESP,31.247,119,730,P642,7,,Boris Pashanski,R,178,SRB,26.423,188,407,6-1 6-2,3,Q3,68,5,1,42,26,23,7,7,1,1,1,1,59,31,18,9,8,3,8
2009-360,Casablanca,Clay,32,250,O,20090406,23,V251,,,Santiago Ventura,R,183,ESP,29.251,117,736,P646,,,Carlos Poch-Gradin,L,185,ESP,26.407,266,272,6-3 6-1,3,Q3,75,0,1,38,21,18,14,8,0,0,1,6,59,29,20,11,8,4,8
2009-360,Casablanca,Clay,32,250,O,20090406,24,M760,,,Oliver Marach,R,185,AUT,28.723,464,114,P488,4,,Olivier Patience,R,180,FRA,29.032,146,557,6-7(4) 6-4 6-1,3,Q3,137,4,1,81,54,42,18,15,0,2,4,10,116,65,44,22,14,13,18
2009-717,Houston,Clay,32,250,O,20090406,1,L430,,,Giovanni Lapentti,R,193,ECU,26.196,190,406,N334,,,Eric Nunez,R,188,USA,26.992,385,165,6-2 6-3,3,Q1,71,7,3,39,26,22,7,8,0,1,4,3,66,35,21,10,9,8,13
2009-717,Houston,Clay,32,250,O,20090406,2,P467,,,Alexander Peya,R,183,AUT,28.775,197,392,F719,,,Harry Fowler,,,USA,17.287,,,6-1 6-1,3,Q1,36,8,1,36,19,19,11,7,2,2,1,3,45,21,10,8,7,3,8
2009-717,Houston,Clay,32,250,O,20090406,3,J290,,,Scoville Jenkins,R,188,USA,22.535,202,383,BB68,,,Stephen Bass,,,USA,23.981,381,166,6-3 0-6 6-3,3,Q1,113,2,4,95,59,34,19,12,7,11,6,3,73,44,29,15,12,7,11
2009-717,Houston,Clay,32,250,O,20090406,4,BD00,,,Roman Borvanov,R,183,MDA,27.017,466,113,R805,,,Sebastian Rivera,L,178,CHI,22.549,812,32,4-6 6-2 6-2,3,Q1,132,2,7,84,43,32,19,13,3,5,2,4,85,46,26,20,13,8,13
2009-717,Houston,Clay,32,250,O,20090406,5,J309,,,Brett Joelson,,,USA,24.315,1262,7,CE28,,,Ben Chen,,,USA,18.245,,,6-1 6-2,3,Q1,49,6,2,45,31,26,8,8,3,3,1,4,40,26,16,3,7,3,7
2009-717,Houston,Clay,32,250,O,20090406,6,KB05,,,Filip Krajinovic,R,185,SRB,17.106,518,94,SD23,,,Artem Sitak,R,185,NZL,23.157,459,118,6-2 6-3,3,Q1,83,1,3,64,41,28,12,9,4,5,3,4,72,36,23,13,8,8,12
2009-717,Houston,Clay,32,250,O,20090406,7,M812,,,Gustavo Marcaccio,R,170,ARG,31.926,603,70,SF89,,,Rubin Statham,R,180,NZL,21.949,440,130,6-7(5) 6-2 6-3,3,Q1,173,1,3,123,81,48,19,15,10,15,6,7,109,64,36,17,14,8,16
2009-717,Houston,Clay,32,250,O,20090406,8,M778,,,David Martin,L,185,USA,28.118,,,G974,,,Geoff Gehrke,R,185,USA,30.256,,,6-0 6-1,3,Q1,57,2,2,30,21,20,4,6,0,0,1,2,47,29,14,4,7,1,7
2009-717,Houston,Clay,32,250,O,20090406,9,R368,,,Michael Russell,R,173,USA,30.932,219,345,G527,,,Luka Gregorc,R,188,SLO,25.142,213,360,6-3 1-6 6-3,3,Q1,119,1,4,89,57,34,18,13,8,11,4,3,71,35,21,22,12,0,3
2009-717,Houston,Clay,32,250,O,20090406,10,SD01,,,Phillip Simmonds,R,,USA,22.886,409,150,W610,,,Daniel Whitehead,,,USA,18.387,,,6-1 6-3,3,Q1,52,2,2,43,27,18,10,8,1,3,1,6,47,23,13,7,8,1,7
2009-717,Houston,Clay,32,250,O,20090406,11,V205,,,Dusan Vemic,R,188,SRB,32.802,290,240,G374,,,Gaston Gaudio,R,175,ARG,30.324,974,18,7-6(4) 6-4,3,Q1,78,8,3,63,42,34,15,11,3,4,5,5,71,44,34,13,11,3,5
2009-717,Houston,Clay,32,250,O,20090406,12,KB05,,,Filip Krajinovic,R,185,SRB,17.106,518,94,K358,1,,Kevin Kim,R,180,USA,30.697,102,849,6-3 6-3,3,Q2,73,0,0,62,47,27,10,9,2,4,2,0,62,41,19,11,9,4,9
2009-717,Houston,Clay,32,250,O,20090406,13,L799,,,Jesse Levine,L,175,CAN,21.476,129,629,SD01,,,Phillip Simmonds,R,,USA,22.886,409,150,6-2 6-7(2) 7-6(5),3,Q2,151,4,5,103,70,49,18,16,2,4,5,6,129,73,49,25,16,12,16
2009-717,Houston,Clay,32,250,O,20090406,14,D438,,,Amer Delic,R,196,BIH,26.768,148,552,M812,,,Gustavo Marcaccio,R,170,ARG,31.926,603,70,6-3 6-1,3,Q2,74,7,0,39,30,24,8,8,0,0,0,1,62,37,20,11,8,5,9
2009-717,Houston,Clay,32,250,O,20090406,15,Y124,4,,Donald Young,L,183,USA,19.704,161,494,J309,,,Brett Joelson,,,USA,24.315,1262,7,6-3 6-2,3,Q2,55,3,1,53,38,25,12,9,3,4,3,2,44,24,15,7,8,0,4
2009-717,Houston,Clay,32,250,O,20090406,16,R368,,,Michael Russell,R,173,USA,30.932,219,345,SG87,5,,Ryan Sweeting,R,196,USA,21.73,176,445,6-1 3-6 7-5,3,Q2,117,1,5,90,64,41,11,14,7,11,2,5,90,70,40,8,14,9,15
2009-717,Houston,Clay,32,250,O,20090406,17,L430,,,Giovanni Lapentti,R,193,ECU,26.196,190,406,M778,,,David Martin,L,185,USA,28.118,,,7-6(5) 6-2,3,Q2,104,4,7,83,48,36,15,10,6,7,4,3,70,43,25,12,10,5,8
2009-717,Houston,Clay,32,250,O,20090406,18,P467,,,Alexander Peya,R,183,AUT,28.775,197,392,BD00,,,Roman Borvanov,R,183,MDA,27.017,466,113,6-2 6-4,3,Q2,59,5,0,49,37,30,9,9,3,3,0,3,53,32,21,10,9,1,4
2009-717,Houston,Clay,32,250,O,20090406,19,J290,,,Scoville Jenkins,R,188,USA,22.535,202,383,V205,,,Dusan Vemic,R,188,SRB,32.802,290,240,6-4 6-0,3,Q2,79,2,1,52,32,23,9,8,0,2,2,6,51,29,16,4,8,3,9
2009-717,Houston,Clay,32,250,O,20090406,20,P467,,,Alexander Peya,R,183,AUT,28.775,197,392,L799,,,Jesse Levine,L,175,CAN,21.476,129,629,6-2 6-2,3,Q3,56,2,2,42,28,21,9,8,3,4,0,4,51,30,14,8,8,3,8
2009-717,Houston,Clay,32,250,O,20090406,21,L430,,,Giovanni Lapentti,R,193,ECU,26.196,190,406,D438,,,Amer Delic,R,196,BIH,26.768,148,552,6-3 7-5,3,Q3,98,1,1,73,49,36,15,11,9,9,5,2,69,48,32,10,10,4,6
2009-717,Houston,Clay,32,250,O,20090406,22,J290,,,Scoville Jenkins,R,188,USA,22.535,202,383,Y124,4,,Donald Young,L,183,USA,19.704,161,494,6-4 6-4,3,Q3,85,8,3,65,41,33,10,10,2,3,4,3,70,43,25,14,10,4,7
2009-717,Houston,Clay,32,250,O,20090406,23,R368,,,Michael Russell,R,173,USA,30.932,219,345,KB05,,,Filip Krajinovic,R,185,SRB,17.106,518,94,6-1 6-2,3,Q3,70,1,1,42,32,23,7,7,2,2,0,2,51,39,17,5,8,5,10
2009-410,Monte Carlo Masters,Clay,56,M,O,20090412,1,N289,1,,Jarkko Nieminen,L,185,FIN,27.721,49,1240,SC77,,,Sergiy Stakhovsky,R,193,UKR,23.264,118,732,6-4 6-3,3,Q1,73,1,1,60,41,30,11,9,3,3,5,1,61,44,27,7,10,1,4
2009-410,Monte Carlo Masters,Clay,56,M,O,20090412,2,R383,,,Ruben Ramirez Hidalgo,R,183,ESP,31.264,119,730,C487,2,,Arnaud Clement,R,173,FRA,31.318,57,1144,6-1 7-5,3,Q1,104,2,3,48,26,22,14,9,0,0,1,2,86,44,27,18,10,8,12
2009-410,Monte Carlo Masters,Clay,56,M,O,20090412,3,D632,,,Steve Darcis,R,175,BEL,25.081,97,857,SC56,3,,Dudi Sela,R,175,ISR,24.022,58,1122,6-4 6-7(1) 6-3,3,Q1,124,4,6,103,62,41,24,16,7,10,2,3,97,62,37,19,15,4,9
2009-410,Monte Carlo Masters,Clay,56,M,O,20090412,4,D469,4,,Nicolas Devilder,L,173,FRA,29.049,60,1120,B946,,,Benjamin Balleret,R,183,MON,26.24,386,165,6-4 6-2,3,Q1,75,1,5,60,31,17,17,9,4,7,1,1,62,37,19,9,9,5,11
2009-410,Monte Carlo Masters,Clay,56,M,O,20090412,5,L290,,,Nicolas Lapentti,R,188,ECU,32.663,95,863,BD20,5,,Thomaz Bellucci,L,188,BRA,21.284,63,1094,2-6 7-6(3) 6-3,3,Q1,150,4,5,117,62,41,22,14,11,16,8,3,95,53,37,18,15,3,8
2009-410,Monte Carlo Masters,Clay,56,M,O,20090412,6,H472,,,Oscar Hernandez,R,180,ESP,31.006,64,1084,R397,,,Olivier Rochus,R,168,BEL,28.23,125,677,4-6 6-2 6-2,3,Q1,127,3,1,76,46,30,17,13,4,7,1,3,94,59,30,18,13,6,12
2009-410,Monte Carlo Masters,Clay,56,M,O,20090412,7,C882,,,Pablo Cuevas,R,180,URU,23.277,124,679,G681,7,,Teymuraz Gabashvili,R,185,GEO,23.888,69,1021,6-1 6-1,3,Q1,53,3,1,38,24,20,10,7,0,0,0,8,45,23,13,7,7,4,9
2009-410,Monte Carlo Masters,Clay,56,M,O,20090412,8,Y061,8,,Mikhail Youzhny,R,183,RUS,26.798,72,985,O264,,,Josselin Ouanna,R,193,FRA,22.995,138,583,6-4 3-6 6-4,3,Q1,117,3,3,80,46,32,20,14,3,6,2,9,101,48,35,25,15,4,8
2009-410,Monte Carlo Masters,Clay,56,M,O,20090412,9,V309,,,Kristof Vliegen,R,193,BEL,26.806,92,886,Z168,9,,Mischa Zverev,L,191,GER,21.64,75,970,6-4 6-4,3,Q1,70,3,2,56,37,29,10,10,2,3,3,1,54,30,25,10,10,5,8
2009-410,Monte Carlo Masters,Clay,56,M,O,20090412,10,M590,,,Alberto Martin,R,175,ESP,30.645,80,938,G806,,,Andrey Golubev,R,180,KAZ,21.725,104,829,6-3 6-3,3,Q1,86,0,4,72,51,33,10,9,5,7,2,5,67,41,25,7,9,4,9
2009-410,Monte Carlo Masters,Clay,56,M,O,20090412,11,F510,,,Fabio Fognini,R,178,ITA,21.886,107,800,M655,11,,Nicolas Massu,R,183,CHI,29.506,84,920,6-4 6-4,3,Q1,84,1,4,54,28,25,12,10,2,4,1,4,62,36,22,12,10,6,10
2009-410,Monte Carlo Masters,Clay,56,M,O,20090412,12,BA86,,,Andreas Beck,L,191,GER,23.181,85,911,N309,,,Ivan Navarro,R,183,ESP,27.48,101,850,7-6(7) 6-2,3,Q1,117,3,5,75,45,34,12,10,2,4,9,6,74,38,26,14,10,6,10
2009-410,Monte Carlo Masters,Clay,56,M,O,20090412,13,A596,13,,Pablo Andujar,R,180,ESP,23.217,89,895,SH77,,,Artem Smirnov,L,188,UKR,21.191,531,90,6-0 7-5,3,Q1,83,0,1,58,44,31,6,9,4,6,3,2,64,39,20,9,9,4,10
2009-410,Monte Carlo Masters,Clay,56,M,O,20090412,14,C723,,,Flavio Cipolla,R,173,ITA,25.478,120,724,S843,,,Potito Starace,R,188,ITA,27.745,90,890,6-4 6-1,3,Q1,65,2,2,51,40,30,6,9,2,3,1,0,51,36,20,6,8,3,7
2009-410,Monte Carlo Masters,Clay,56,M,O,20090412,15,C723,,,Flavio Cipolla,R,173,ITA,25.478,120,724,N289,1,,Jarkko Nieminen,L,185,FIN,27.721,49,1240,6-4 6-3,3,Q2,78,2,2,63,42,32,10,10,3,4,0,2,52,30,19,11,9,2,5
2009-410,Monte Carlo Masters,Clay,56,M,O,20090412,16,BA86,,,Andreas Beck,L,191,GER,23.181,85,911,D469,4,,Nicolas Devilder,L,173,FRA,29.049,60,1120,6-2 6-2,3,Q2,75,1,0,49,32,22,11,8,6,7,3,1,46,28,15,6,8,2,7
2009-410,Monte Carlo Masters,Clay,56,M,O,20090412,17,H472,,,Oscar Hernandez,R,180,ESP,31.006,64,1084,A596,13,,Pablo Andujar,R,180,ESP,23.217,89,895,3-6 7-6(5) 6-2,3,Q2,150,5,5,101,65,42,14,14,9,15,4,7,95,64,37,12,15,2,9
2009-410,Monte Carlo Masters,Clay,56,M,O,20090412,18,L290,,,Nicolas Lapentti,R,188,ECU,32.663,95,863,Y061,8,,Mikhail Youzhny,R,183,RUS,26.798,72,985,6-3 6-4,3,Q2,85,1,0,61,35,23,16,10,5,7,1,2,56,34,21,9,9,4,8
2009-410,Monte Carlo Masters,Clay,56,M,O,20090412,19,M590,,,Alberto Martin,R,175,ESP,30.645,80,938,R383,,,Ruben Ramirez Hidalgo,R,183,ESP,31.264,119,730,6-1 6-3,3,Q2,69,1,0,41,23,17,12,8,3,4,0,4,52,31,15,6,8,5,10
2009-410,Monte Carlo Masters,Clay,56,M,O,20090412,20,F510,,,Fabio Fognini,R,178,ITA,21.886,107,800,D632,,,Steve Darcis,R,175,BEL,25.081,97,857,3-6 6-1 6-1,3,Q2,95,1,2,76,39,27,24,12,6,8,0,5,65,29,17,18,11,1,6
2009-410,Monte Carlo Masters,Clay,56,M,O,20090412,21,V309,,,Kristof Vliegen,R,193,BEL,26.806,92,886,C882,,,Pablo Cuevas,R,180,URU,23.277,124,679,1-6 7-6(5) 6-4,3,Q2,131,6,2,90,48,33,24,14,5,8,4,4,110,63,42,27,15,8,10
2009-425,Barcelona,Clay,56,500,O,20090420,1,G717,,,Fred Gil,R,173,POR,24.074,75,976,R628,,,Laurent Recouderc,R,,AND,24.778,153,530,6-1 6-1,3,Q1,55,2,0,35,25,18,8,7,0,1,2,1,50,15,6,12,7,6,12
2009-425,Barcelona,Clay,56,500,O,20090420,2,Z168,2,,Mischa Zverev,L,191,GER,21.662,79,960,K540,,,Lukasz Kubot,R,191,POL,26.93,178,420,6-4 3-6 6-1,3,Q1,100,9,3,76,51,40,12,13,6,8,4,3,77,49,33,13,13,4,8
2009-425,Barcelona,Clay,56,500,O,20090420,3,G676,,,Daniel Gimeno-Traver,R,183,ESP,23.702,83,922,B752,,,Stephane Bohli,R,185,SUI,25.739,143,576,3-6 7-6(4) 6-2,3,Q1,141,6,3,106,74,49,16,14,5,8,3,3,108,72,46,19,15,7,11
2009-425,Barcelona,Clay,56,500,O,20090420,4,R750,,,Pere Riba,R,183,ESP,21.035,146,561,M655,4,,Nicolas Massu,R,183,CHI,29.528,86,900,6-4 6-4,3,Q1,90,4,0,59,33,29,13,10,6,7,3,2,60,45,29,7,10,6,9
2009-425,Barcelona,Clay,56,500,O,20090420,5,L480,,,Marc Lopez,R,175,ESP,26.721,229,324,C634,5,,Paul Capdeville,R,191,CHI,26.051,87,892,6-1 6-2,3,Q1,83,6,2,64,34,25,15,7,4,4,1,1,56,36,18,8,8,6,11
2009-425,Barcelona,Clay,56,500,O,20090420,6,A596,6,,Pablo Andujar,R,180,ESP,23.239,91,869,M984,,,David Marrero,R,183,ESP,29.032,169,455,6-3 6-2,3,Q1,71,0,0,50,39,29,9,9,2,2,2,0,49,33,21,7,8,1,4
2009-425,Barcelona,Clay,56,500,O,20090420,7,V309,7,,Kristof Vliegen,R,193,BEL,26.828,85,912,A656,,,Guillermo Alcaide,R,188,ESP,22.899,301,223,1-6 6-3 6-3,3,Q1,87,6,0,67,41,31,13,12,2,5,4,4,95,60,40,15,13,7,11
2009-425,Barcelona,Clay,56,500,O,20090420,8,R772,,,Albert Ramos-Vinolas,L,188,ESP,21.257,368,172,N309,8,,Ivan Navarro,R,183,ESP,27.502,90,870,6-3 6-4,3,Q1,87,1,0,55,41,28,8,9,1,2,8,2,65,36,24,11,10,7,11
2009-425,Barcelona,Clay,56,500,O,20090420,9,L290,,,Nicolas Lapentti,R,188,ECU,32.684,74,978,C882,,,Pablo Cuevas,R,180,URU,23.299,121,688,2-6 6-3 6-0,3,Q1,106,1,1,73,54,37,10,12,2,5,3,0,59,37,19,13,11,4,9
2009-425,Barcelona,Clay,56,500,O,20090420,10,K926,,,Mikhail Kukushkin,R,183,KAZ,21.317,172,445,G806,10,,Andrey Golubev,R,180,KAZ,21.747,103,829,7-6(5) 6-4,3,Q1,113,3,0,74,51,38,15,11,2,3,3,1,88,52,32,23,11,7,9
2009-425,Barcelona,Clay,56,500,O,20090420,11,F510,,,Fabio Fognini,R,178,ITA,21.908,84,915,O207,,,Lamine Ouahab,R,185,MAR,24.326,144,570,1-6 6-2 7-6(8),3,Q1,128,5,3,102,60,34,24,14,7,13,2,1,96,67,38,15,13,6,11
2009-425,Barcelona,Clay,56,500,O,20090420,12,M915,,,Daniel Munoz de la Nava,L,175,ESP,27.222,156,520,R383,12,,Ruben Ramirez Hidalgo,R,183,ESP,31.285,112,756,4-6 6-3 6-0,3,Q1,121,0,2,87,43,29,22,13,3,6,1,2,75,44,30,10,12,4,10
2009-425,Barcelona,Clay,56,500,O,20090420,13,C723,13,,Flavio Cipolla,R,173,ITA,25.5,122,684,O264,,,Josselin Ouanna,R,193,FRA,23.017,140,581,6-1 6-4,3,Q1,60,0,3,51,39,29,7,9,1,2,1,1,56,41,24,4,8,5,9
2009-425,Barcelona,Clay,56,500,O,20090420,14,V251,,,Santiago Ventura,R,183,ESP,29.29,117,708,L513,,,Miguel Angel Lopez Jaen,R,188,ESP,26.39,173,444,6-4 6-2,3,Q1,74,4,3,56,29,23,14,9,3,4,1,0,56,36,23,7,9,7,11
2009-425,Barcelona,Clay,56,500,O,20090420,15,G717,,,Fred Gil,R,173,POR,24.074,75,976,M915,,,Daniel Munoz de la Nava,L,175,ESP,27.222,156,520,6-3 2-6 6-1,3,Q2,122,4,2,70,44,30,12,12,5,8,3,2,86,46,27,19,12,9,14
2009-425,Barcelona,Clay,56,500,O,20090420,16,V251,,,Santiago Ventura,R,183,ESP,29.29,117,708,Z168,2,,Mischa Zverev,L,191,GER,21.662,79,960,6-4 6-7(3) 6-3,3,Q2,162,2,2,96,54,35,27,15,6,9,2,0,123,77,44,24,16,14,20
2009-425,Barcelona,Clay,56,500,O,20090420,17,G676,,,Daniel Gimeno-Traver,R,183,ESP,23.702,83,922,R772,,,Albert Ramos-Vinolas,L,188,ESP,21.257,368,172,3-6 7-6(3) 7-5,3,Q2,176,0,2,116,76,50,19,17,7,11,3,2,97,59,39,23,16,4,7
2009-425,Barcelona,Clay,56,500,O,20090420,18,K926,,,Mikhail Kukushkin,R,183,KAZ,21.317,172,445,A596,6,,Pablo Andujar,R,180,ESP,23.239,91,869,6-4 4-6 6-2,3,Q2,144,1,1,100,62,38,17,14,7,12,0,1,87,61,35,11,14,4,11
2009-425,Barcelona,Clay,56,500,O,20090420,19,F510,,,Fabio Fognini,R,178,ITA,21.908,84,915,V309,7,,Kristof Vliegen,R,193,BEL,26.828,85,912,2-6 6-3 6-4,3,Q2,106,2,2,86,62,38,12,14,2,6,7,2,92,64,39,13,13,10,14
2009-425,Barcelona,Clay,56,500,O,20090420,20,L290,,,Nicolas Lapentti,R,188,ECU,32.684,74,978,L480,,,Marc Lopez,R,175,ESP,26.721,229,324,5-7 6-2 6-1,3,Q2,149,0,0,88,57,42,13,13,2,3,5,4,92,50,36,16,14,4,9
2009-425,Barcelona,Clay,56,500,O,20090420,21,R750,,,Pere Riba,R,183,ESP,21.035,146,561,C723,13,,Flavio Cipolla,R,173,ITA,25.5,122,684,6-2 7-6(5),3,Q2,105,6,2,67,47,37,9,10,3,3,0,1,73,58,39,5,10,4,6
2009-416,Rome Masters,Clay,56,M,O,20090427,1,C487,1,,Arnaud Clement,R,173,FRA,31.359,54,1144,ME82,,,Adrian Mannarino,L,180,FRA,20.827,124,659,6-3 3-6 6-1,3,Q1,114,3,2,79,51,34,15,13,1,4,3,3,79,54,33,9,12,5,10
2009-416,Rome Masters,Clay,56,M,O,20090427,2,MA21,,,Juan Monaco,R,185,ARG,25.079,58,1105,G511,,,Simon Greul,R,185,GER,28.038,108,775,3-6 6-3 7-5,3,Q1,132,0,2,94,62,42,18,15,6,9,6,4,103,60,43,17,15,5,9
2009-416,Rome Masters,Clay,56,M,O,20090427,3,BA86,3,,Andreas Beck,L,191,GER,23.222,57,1108,M590,,,Alberto Martin,R,175,ESP,30.686,99,841,6-1 6-7(2) 6-3,3,Q1,143,8,11,114,65,48,24,15,11,12,7,5,83,54,40,14,13,6,10
2009-416,Rome Masters,Clay,56,M,O,20090427,4,H442,,,Jan Hernych,R,188,CZE,29.807,59,1100,CA28,,,Antonio Comporto,,,ITA,19.869,680,52,6-3 6-0,3,Q1,60,1,0,39,23,20,12,8,0,0,3,5,61,31,20,9,7,6,10
2009-416,Rome Masters,Clay,56,M,O,20090427,5,G681,5,,Teymuraz Gabashvili,R,185,GEO,23.929,66,1036,P488,,,Olivier Patience,R,180,FRA,29.09,144,562,6-3 6-2,3,Q1,75,5,6,51,21,17,12,8,2,5,1,1,60,31,13,10,9,11,18
2009-416,Rome Masters,Clay,56,M,O,20090427,6,H472,6,,Oscar Hernandez,R,180,ESP,31.047,68,1004,R750,,,Pere Riba,R,183,ESP,21.054,145,562,6-3 6-2,3,Q1,85,2,1,56,43,31,6,9,4,5,3,0,55,33,15,13,8,3,7
2009-416,Rome Masters,Clay,56,M,O,20090427,7,F316,,,Juan Carlos Ferrero,R,183,ESP,29.205,100,840,C634,,,Paul Capdeville,R,191,CHI,26.07,87,892,6-1 7-6(5),3,Q1,87,3,2,61,47,28,12,9,0,2,2,3,76,42,27,16,10,3,8
2009-416,Rome Masters,Clay,56,M,O,20090427,8,K760,,,Evgeny Korolev,R,185,KAZ,21.199,91,862,G476,8,,Guillermo Garcia-Lopez,R,185,ESP,25.897,70,990,6-3 6-3,3,Q1,75,3,3,53,34,23,10,9,1,3,1,4,67,45,26,7,9,6,11
2009-416,Rome Masters,Clay,56,M,O,20090427,9,Y061,,,Mikhail Youzhny,R,183,RUS,26.839,67,1020,N437,,,Gianluca Naso,R,193,ITA,22.305,266,272,6-4 6-3,3,Q1,86,1,5,61,34,31,13,10,2,2,2,0,55,30,23,11,9,2,4
2009-416,Rome Masters,Clay,56,M,O,20090427,10,BD20,,,Thomaz Bellucci,L,188,BRA,21.325,72,984,G806,,,Andrey Golubev,R,180,KAZ,21.766,101,829,6-4 6-4,3,Q1,81,1,1,53,29,22,15,10,0,1,1,0,56,32,20,13,10,4,7
2009-416,Rome Masters,Clay,56,M,O,20090427,11,C856,,,Victor Crivoi,R,185,ROU,26.924,112,746,L290,11,,Nicolas Lapentti,R,188,ECU,32.704,83,908,6-3 6-4,3,Q1,75,0,0,60,38,23,14,9,5,7,2,2,52,31,19,7,10,2,7
2009-416,Rome Masters,Clay,56,M,O,20090427,12,Z168,,,Mischa Zverev,L,191,GER,21.681,76,960,R383,,,Ruben Ramirez Hidalgo,R,183,ESP,31.305,123,666,6-2 6-3,3,Q1,84,8,1,62,44,30,6,9,7,10,0,5,55,30,19,5,8,4,10
2009-416,Rome Masters,Clay,56,M,O,20090427,13,G676,,,Daniel Gimeno-Traver,R,183,ESP,23.721,79,934,I165,,,Denis Istomin,R,185,UZB,22.637,98,844,7-5 7-6(4),3,Q1,109,2,1,77,47,32,17,12,3,5,3,3,85,51,36,16,12,5,8
2009-416,Rome Masters,Clay,56,M,O,20090427,14,M655,14,,Nicolas Massu,R,183,CHI,29.547,86,894,F586,,,Thomas Fabbiano,R,173,ITA,19.921,411,145,6-7(5) 7-6(6) 6-3,3,Q1,170,3,5,108,58,47,28,16,9,10,2,8,130,83,53,26,17,11,14
2009-416,Rome Masters,Clay,56,M,O,20090427,15,Y061,,,Mikhail Youzhny,R,183,RUS,26.839,67,1020,C487,1,,Arnaud Clement,R,173,FRA,31.359,54,1144,6-3 6-3,3,Q2,92,2,1,47,22,17,13,9,0,2,1,4,58,30,19,8,9,1,6
2009-416,Rome Masters,Clay,56,M,O,20090427,16,MA21,,,Juan Monaco,R,185,ARG,25.079,58,1105,K760,,,Evgeny Korolev,R,185,KAZ,21.199,91,862,6-3 6-4,3,Q2,69,1,1,53,36,26,10,10,1,3,0,4,45,22,16,7,9,0,4
2009-416,Rome Masters,Clay,56,M,O,20090427,17,G676,,,Daniel Gimeno-Traver,R,183,ESP,23.721,79,934,BA86,3,,Andreas Beck,L,191,GER,23.222,57,1108,1-6 6-3 7-6(5),3,Q2,136,6,4,102,74,52,13,14,6,8,6,4,92,55,43,21,14,6,7
2009-416,Rome Masters,Clay,56,M,O,20090427,18,H442,,,Jan Hernych,R,188,CZE,29.807,59,1100,M655,14,,Nicolas Massu,R,183,CHI,29.547,86,894,6-3 6-0,3,Q2,65,2,1,48,33,25,9,8,4,4,0,6,39,14,9,8,7,1,5
2009-416,Rome Masters,Clay,56,M,O,20090427,19,C856,,,Victor Crivoi,R,185,ROU,26.924,112,746,G681,5,,Teymuraz Gabashvili,R,185,GEO,23.929,66,1036,7-5 6-4,3,Q2,102,3,2,64,39,31,15,11,3,3,7,3,81,49,36,13,11,7,9
2009-416,Rome Masters,Clay,56,M,O,20090427,20,BD20,,,Thomaz Bellucci,L,188,BRA,21.325,72,984,H472,6,,Oscar Hernandez,R,180,ESP,31.047,68,1004,2-6 7-5 6-3,3,Q2,149,2,3,90,54,37,19,15,2,6,0,0,86,64,37,13,14,4,8
2009-416,Rome Masters,Clay,56,M,O,20090427,21,Z168,,,Mischa Zverev,L,191,GER,21.681,76,960,F316,,,Juan Carlos Ferrero,R,183,ESP,29.205,100,840,6-7(7) 6-4 7-5,3,Q2,160,8,1,111,68,47,21,17,2,5,0,1,118,80,50,21,17,5,10
2009-308,Munich,Clay,32,250,O,20090503,1,K512,,,Ivo Klec,R,183,SVK,28.427,331,202,R383,1,,Ruben Ramirez Hidalgo,R,183,ESP,31.321,123,666,6-3 6-4,3,Q1,75,7,2,56,36,26,11,10,2,4,3,1,55,39,22,7,9,2,6
2009-308,Munich,Clay,32,250,O,20090503,2,K436,,,Dieter Kindlmann,R,183,GER,26.916,215,347,ME82,2,,Adrian Mannarino,L,180,FRA,20.843,124,659,6-2 6-2,3,Q1,60,2,2,53,36,26,9,8,4,5,0,4,41,16,10,8,8,2,7
2009-308,Munich,Clay,32,250,O,20090503,3,O207,,,Lamine Ouahab,R,185,MAR,24.361,142,570,SI56,,,Janez Semrajc,,,SLO,19.775,551,84,6-2 6-7(4) 6-4,3,Q1,113,6,4,86,50,40,16,15,0,3,6,2,103,66,42,15,15,4,10
2009-308,Munich,Clay,32,250,O,20090503,4,D616,4,,Somdev Devvarman,R,180,IND,24.216,147,552,L515,,,Peter Luczak,R,183,AUS,29.673,211,354,6-4 6-4,3,Q1,99,6,0,59,30,23,19,10,1,1,2,0,58,46,31,6,10,0,2
2009-308,Munich,Clay,32,250,O,20090503,5,B752,,,Stephane Bohli,R,185,SUI,25.774,148,550,BC65,,,Matthias Bachinger,R,188,GER,22.086,250,300,3-6 6-1 7-6(4),3,Q1,110,3,2,104,61,47,19,14,5,7,9,3,94,60,44,14,14,8,11
2009-308,Munich,Clay,32,250,O,20090503,6,D438,6,,Amer Delic,R,196,BIH,26.842,162,478,MC18,,,Denis Matsukevich,R,191,RUS,23.099,482,105,6-4 7-5,3,Q1,73,5,3,61,38,33,12,11,0,0,2,0,72,43,29,17,11,2,4
2009-308,Munich,Clay,32,250,O,20090503,7,P467,,,Alexander Peya,R,183,AUT,28.849,186,404,M836,,,Dominik Meffert,R,196,GER,28.066,216,347,7-6(5) 7-5,3,Q1,113,8,3,95,55,45,17,12,5,6,3,2,82,59,43,11,12,2,4
2009-308,Munich,Clay,32,250,O,20090503,8,C968,8,,Marco Crugnola,R,188,ITA,25.944,187,404,G608,,,Javier Genaro-Martinez,,,ESP,30.007,327,205,6-1 4-6 7-6(5),3,Q1,140,1,6,107,70,44,19,15,10,15,0,6,114,69,40,20,14,11,17
2009-308,Munich,Clay,32,250,O,20090503,9,D776,,,Thiemo de Bakker,R,193,NED,20.619,241,306,M680,,,Xavier Malisse,R,185,BEL,28.789,188,403,6-3 7-5,3,Q1,81,5,0,67,45,32,13,11,5,6,3,4,74,37,26,17,10,6,9
2009-308,Munich,Clay,32,250,O,20090503,10,J263,,,Woong-Sun Jun,R,191,KOR,22.886,295,231,W612,,,Sam Weissborn,L,180,AUT,17.525,,,6-4 3-6 6-3,3,Q1,114,8,4,90,54,40,20,14,7,9,1,5,80,47,32,18,14,2,5
2009-308,Munich,Clay,32,250,O,20090503,11,K668,,,Sascha Kloer,,,GER,23.713,495,100,SM14,,,Dominik Schulz,L,,GER,17.131,,,6-2 6-4,3,Q1,82,1,1,47,32,20,8,9,2,5,2,3,78,44,23,13,9,6,12
2009-308,Munich,Clay,32,250,O,20090503,12,K719,,,Gero Kretschmer,R,191,GER,23.992,487,103,MB88,,,Matwe Middelkoop,R,191,NED,25.665,299,226,1-6 6-3 6-2,3,Q1,88,2,5,69,41,29,13,12,2,5,2,2,73,44,27,16,12,5,9
2009-308,Munich,Clay,32,250,O,20090503,13,O305,,,Philipp Oswald,R,201,AUT,23.274,416,141,SH25,,,Philipp Schneider,,,GER,20.381,,,6-4 6-4,3,Q1,74,4,1,47,28,26,14,10,0,0,6,7,67,29,21,21,10,3,5
2009-308,Munich,Clay,32,250,O,20090503,14,SD69,,,Louk Sorensen,R,175,IRL,24.318,512,96,M800,,,Jan Minar,R,,CZE,28.066,303,222,6-4 3-6 6-2,3,Q1,116,2,4,91,62,45,15,13,3,4,0,3,84,50,33,19,14,9,12
2009-308,Munich,Clay,32,250,O,20090503,15,SK94,,,Cedrik-Marcel Stebe,L,180,GER,18.565,679,52,N313,,,Timo Nieminen,R,185,FIN,27.573,508,97,6-4 6-1,3,Q1,81,3,5,64,35,25,13,9,4,6,2,5,58,33,20,7,8,5,10
2009-308,Munich,Clay,32,250,O,20090503,16,V195,,,Fernando Vicente,R,180,ESP,32.153,240,307,P693,,,Deniss Pavlovs,,,LAT,26.051,280,244,7-5 6-1,3,Q1,97,1,0,63,47,26,6,10,4,9,0,6,77,48,21,9,9,9,17
2009-308,Munich,Clay,32,250,O,20090503,17,O207,,,Lamine Ouahab,R,185,MAR,24.361,142,570,V195,,,Fernando Vicente,R,180,ESP,32.153,240,307,4-6 6-3 7-6(3),3,Q2,143,2,5,109,59,39,24,16,7,12,1,1,92,67,40,13,15,2,7
2009-308,Munich,Clay,32,250,O,20090503,18,K668,,,Sascha Kloer,,,GER,23.713,495,100,D616,4,,Somdev Devvarman,R,180,IND,24.216,147,552,6-2 1-6 7-6(6),3,Q2,162,2,1,117,84,46,16,13,12,17,4,2,104,65,40,17,14,9,14
2009-308,Munich,Clay,32,250,O,20090503,19,B752,,,Stephane Bohli,R,185,SUI,25.774,148,550,J263,,,Woong-Sun Jun,R,191,KOR,22.886,295,231,6-2 6-4,3,Q2,71,4,3,58,35,26,12,9,2,3,3,3,59,31,19,11,9,5,9
2009-308,Munich,Clay,32,250,O,20090503,20,D438,6,,Amer Delic,R,196,BIH,26.842,162,478,O305,,,Philipp Oswald,R,201,AUT,23.274,416,141,7-6(5) 7-5,3,Q2,94,6,1,71,57,46,9,12,0,0,3,2,78,51,39,16,12,3,4
2009-308,Munich,Clay,32,250,O,20090503,21,P467,,,Alexander Peya,R,183,AUT,28.849,186,404,SK94,,,Cedrik-Marcel Stebe,L,180,GER,18.565,679,52,4-6 6-4 6-2,3,Q2,135,6,5,98,57,38,19,14,8,12,2,5,100,48,30,23,14,5,11
2009-308,Munich,Clay,32,250,O,20090503,22,C968,8,,Marco Crugnola,R,188,ITA,25.944,187,404,SD69,,,Louk Sorensen,R,175,IRL,24.318,512,96,6-7(4) 6-4 6-4,3,Q2,165,2,5,116,75,52,18,16,14,17,3,2,106,71,42,19,16,1,6
2009-308,Munich,Clay,32,250,O,20090503,23,D776,,,Thiemo de Bakker,R,193,NED,20.619,241,306,K512,,,Ivo Klec,R,183,SVK,28.427,331,202,6-7(4) 6-1 6-3,3,Q2,120,3,0,92,63,47,16,14,5,5,9,1,94,67,42,12,14,6,10
2009-308,Munich,Clay,32,250,O,20090503,24,K436,,,Dieter Kindlmann,R,183,GER,26.916,215,347,K719,,,Gero Kretschmer,R,191,GER,23.992,487,103,6-2 6-4,3,Q2,73,0,1,47,25,19,14,9,0,1,1,2,60,38,22,10,9,3,7
2009-308,Munich,Clay,32,250,O,20090503,25,P467,,,Alexander Peya,R,183,AUT,28.849,186,404,O207,,,Lamine Ouahab,R,185,MAR,24.361,142,570,6-4 6-2,3,Q3,67,3,2,52,29,21,16,9,4,5,0,1,60,36,20,11,9,5,9
2009-308,Munich,Clay,32,250,O,20090503,26,K436,,,Dieter Kindlmann,R,183,GER,26.916,215,347,B752,,,Stephane Bohli,R,185,SUI,25.774,148,550,6-3 6-3,3,Q3,68,1,0,48,40,30,4,9,2,3,2,2,66,28,18,18,9,12,16
2009-308,Munich,Clay,32,250,O,20090503,27,K668,,,Sascha Kloer,,,GER,23.713,495,100,D438,6,,Amer Delic,R,196,BIH,26.842,162,478,7-5 4-6 7-6,3,Q3,124,0,1,102,69,51,20,17,0,2,9,4,99,56,43,25,17,5,7
2009-308,Munich,Clay,32,250,O,20090503,28,D776,,,Thiemo de Bakker,R,193,NED,20.619,241,306,C968,8,,Marco Crugnola,R,188,ITA,25.944,187,404,4-6 6-1 6-2,3,Q3,101,2,0,69,50,36,11,13,4,7,5,4,91,56,33,13,12,5,11
2009-468,Estoril,Clay,32,250,O,20090503,1,C882,,,Pablo Cuevas,R,180,URU,23.335,121,677,R822,,,Laurent Rochette,R,180,FRA,21.24,646,57,6-1 6-4,3,Q1,76,4,4,41,25,21,8,8,1,2,5,4,76,36,22,14,9,7,12
2009-468,Estoril,Clay,32,250,O,20090503,2,K926,,,Mikhail Kukushkin,R,183,KAZ,21.352,164,475,C445,,,Frantisek Cermak,R,193,CZE,32.465,788,34,6-4 6-2,3,Q1,95,0,3,70,37,21,17,9,4,7,1,4,58,25,14,10,9,2,8
2009-468,Estoril,Clay,32,250,O,20090503,3,H693,,,Ricardo Hocevar,R,180,BRA,23.984,166,470,S483,,,Pedro Sousa,R,180,POR,20.934,1085,12,6-3 6-7(3) 7-6(2),3,Q1,184,3,5,135,78,50,27,17,6,11,1,8,123,64,42,25,16,6,12
2009-468,Estoril,Clay,32,250,O,20090503,4,SG87,,,Ryan Sweeting,R,196,USA,21.804,175,432,SA77,,,Jose Pedro Silva,,,PRT,25.873,,,6-0 6-2,3,Q1,57,0,0,35,32,27,1,7,0,0,0,2,46,28,12,7,7,3,8
2009-468,Estoril,Clay,32,250,O,20090503,5,M708,5,,Ricardo Mello,L,175,BRA,28.364,201,373,J164,,,Julien Jeanpierre,R,188,FRA,29.147,513,96,6-2 7-5,3,Q1,84,0,2,66,43,27,13,10,3,5,1,5,75,31,18,19,10,3,8
2009-468,Estoril,Clay,32,250,O,20090503,6,Y070,6,,Michael Yani,R,185,USA,28.337,262,278,MK39,,,Vasco Mensurado,R,175,PRT,15.088,,,6-2 6-2,3,Q1,56,4,3,48,30,21,13,8,1,1,0,2,43,28,16,5,8,1,5
2009-468,Estoril,Clay,32,250,O,20090503,7,T771,,,Leonardo Tavares,R,,POR,25.199,492,101,V205,7,,Dusan Vemic,R,188,SRB,32.876,283,240,6-4 7-5,3,Q1,113,2,4,73,48,36,14,11,2,2,5,7,70,49,41,5,11,5,7
2009-468,Estoril,Clay,32,250,O,20090503,8,E698,,,Gastao Elias,R,180,POR,18.439,624,62,E678,8,,Jonathan Eysseric,L,180,FRA,18.935,365,169,6-3 3-0 RET,3,Q1,67,0,3,34,12,11,13,6,2,3,1,4,49,14,7,16,6,2,6
2009-468,Estoril,Clay,32,250,O,20090503,9,A622,,,Andrea Arnaboldi,L,180,ITA,21.35,369,167,N605,,,Jose-Ricardo Nunes,,,PRT,22.776,1902,1,6-2 6-1,3,Q1,70,4,2,44,24,19,13,7,2,2,3,3,63,38,20,10,8,8,13
2009-468,Estoril,Clay,32,250,O,20090503,10,CE32,,,Rodrigo Carvalho,R,,PRT,17.854,,,M181,,,Joao Maio,R,,POR,,,,6-0 6-0,3,Q1,45,4,3,37,23,19,8,6,3,3,0,5,31,17,6,1,6,3,9
2009-468,Estoril,Clay,32,250,O,20090503,11,F607,,,Goncalo Falcao,R,,PRT,21.194,1289,6,G571,,,Jose-Manuel Garcia-Rodriguez,,,ESP,28.172,1708,2,6-0 6-1,3,Q1,56,2,1,40,30,22,6,7,2,3,0,8,34,18,7,2,6,1,7
2009-468,Estoril,Clay,32,250,O,20090503,12,M021,,,Pablo Martin-Adalia,R,,ESP,20.953,489,103,SI32,,,Joao Silverio,R,,PRT,19.912,,,6-0 6-2,3,Q1,52,4,0,37,22,19,9,7,0,0,1,6,44,20,14,4,7,4,9
2009-468,Estoril,Clay,32,250,O,20090503,13,M776,,,Michal Mertinak,R,185,SVK,29.561,1005,16,D908,,,Philipp Davydenko,R,183,RUS,16.665,,,6-2 6-0,3,Q1,56,3,3,37,24,19,7,7,0,1,0,4,48,32,14,5,7,9,15
2009-468,Estoril,Clay,32,250,O,20090503,14,PC39,,,Vasco Pascoal,,,PRT,20.446,,,CE33,,,Andre Caiado,,,PRT,17.774,,,7-6(5) 6-1,3,Q1,120,0,2,74,52,32,14,10,3,4,1,4,70,46,27,12,9,7,10
2009-468,Estoril,Clay,32,250,O,20090503,15,SH90,,,Joao Sousa,R,185,POR,20.093,922,22,PC37,,,Goncalo Pereira,,,PRT,24.654,,,6-3 7-5,3,Q1,85,5,2,67,54,41,5,11,5,6,2,3,69,54,31,8,10,4,7
2009-468,Estoril,Clay,32,250,O,20090503,16,V250,,,Andreas Vinciguerra,L,180,SWE,28.2,651,55,MB53,,,Adrian Menendez-Maceiras,R,183,ESP,23.513,408,146,4-6 6-3 6-4,3,Q1,125,4,2,88,52,38,20,15,5,8,7,3,93,43,27,26,14,5,9
2009-468,Estoril,Clay,32,250,O,20090503,17,C882,,,Pablo Cuevas,R,180,URU,23.335,121,677,CE32,,,Rodrigo Carvalho,R,,PRT,17.854,,,6-2 6-0,3,Q2,52,3,1,43,30,24,8,7,0,0,0,4,37,20,11,4,7,1,6
2009-468,Estoril,Clay,32,250,O,20090503,18,K926,,,Mikhail Kukushkin,R,183,KAZ,21.352,164,475,A622,,,Andrea Arnaboldi,L,180,ITA,21.35,369,167,6-4 6-1,3,Q2,68,6,3,59,38,27,12,9,4,5,2,4,42,25,14,8,8,2,6
2009-468,Estoril,Clay,32,250,O,20090503,19,H693,,,Ricardo Hocevar,R,180,BRA,23.984,166,470,PC39,,,Vasco Pascoal,,,PRT,20.446,,,6-1 6-3,3,Q2,68,1,2,57,41,27,11,8,2,2,1,1,46,32,17,7,8,4,8
2009-468,Estoril,Clay,32,250,O,20090503,20,SG87,,,Ryan Sweeting,R,196,USA,21.804,175,432,SH90,,,Joao Sousa,R,185,POR,20.093,922,22,6-3 6-2,3,Q2,64,2,1,46,37,23,6,8,2,4,0,4,54,32,14,7,9,4,10
2009-468,Estoril,Clay,32,250,O,20090503,21,M708,5,,Ricardo Mello,L,175,BRA,28.364,201,373,V250,,,Andreas Vinciguerra,L,180,SWE,28.2,651,55,6-2 6-4,3,Q2,83,1,3,66,42,32,12,9,5,5,4,2,62,39,25,10,9,4,7
2009-468,Estoril,Clay,32,250,O,20090503,22,Y070,6,,Michael Yani,R,185,USA,28.337,262,278,M021,,,Pablo Martin-Adalia,R,,ESP,20.953,489,103,6-3 6-3,3,Q2,72,3,0,51,34,27,12,9,3,3,2,3,55,33,16,16,9,3,6
2009-468,Estoril,Clay,32,250,O,20090503,23,E698,,,Gastao Elias,R,180,POR,18.439,624,62,F607,,,Goncalo Falcao,R,,PRT,21.194,1289,6,6-4 6-3,3,Q2,89,2,6,58,28,17,16,10,3,6,0,8,58,39,22,5,9,1,6
2009-468,Estoril,Clay,32,250,O,20090503,24,T771,,,Leonardo Tavares,R,,POR,25.199,492,101,M776,,,Michal Mertinak,R,185,SVK,29.561,1005,16,5-7 6-4 6-1,3,Q2,146,8,3,111,61,46,20,14,10,12,3,9,86,43,30,20,15,2,7
2009-468,Estoril,Clay,32,250,O,20090503,25,C882,,,Pablo Cuevas,R,180,URU,23.335,121,677,M708,5,,Ricardo Mello,L,175,BRA,28.364,201,373,7-6(5) 6-1,3,Q3,86,6,3,66,43,31,13,10,1,2,0,3,61,39,24,11,9,3,6
2009-468,Estoril,Clay,32,250,O,20090503,26,K926,,,Mikhail Kukushkin,R,183,KAZ,21.352,164,475,Y070,6,,Michael Yani,R,185,USA,28.337,262,278,6-3 7-5,3,Q3,86,2,5,55,31,18,11,10,4,8,0,4,63,39,21,4,11,1,8
2009-468,Estoril,Clay,32,250,O,20090503,27,H693,,,Ricardo Hocevar,R,180,BRA,23.984,166,470,E698,,,Gastao Elias,R,180,POR,18.439,624,62,6-4 6-7(3) 7-6(3),3,Q3,179,2,4,114,68,44,21,17,4,10,4,4,106,70,44,14,17,4,11
2009-468,Estoril,Clay,32,250,O,20090503,28,SG87,,,Ryan Sweeting,R,196,USA,21.804,175,432,T771,,,Leonardo Tavares,R,,POR,25.199,492,101,6-3 2-6 6-4,3,Q3,141,0,1,97,75,45,11,14,8,12,4,6,95,52,34,20,13,7,11
2009-5053,Belgrade,Clay,28,250,O,20090504,1,K540,,,Lukasz Kubot,R,191,POL,26.968,179,423,MB84,4,,Mathieu Montcourt,R,183,FRA,24.167,137,582,3-6 6-4 6-4,3,Q1,136,3,3,87,60,39,9,14,4,9,0,4,90,53,34,16,15,6,12
2009-5053,Belgrade,Clay,28,250,O,20090504,2,L386,,,Jean-Rene Lisnard,R,173,MON,29.607,213,343,P488,5,,Olivier Patience,R,180,FRA,29.109,142,562,6-4 3-6 7-6(4),3,Q1,181,4,3,112,98,58,8,15,14,18,1,3,124,107,67,6,16,9,13
2009-5053,Belgrade,Clay,28,250,O,20090504,3,V564,,,Antonio Veic,R,180,CRO,21.207,220,333,R628,6,,Laurent Recouderc,R,,AND,24.816,150,528,3-6 6-3 6-3,3,Q1,123,2,3,85,48,32,19,13,7,10,2,2,95,49,29,23,14,6,11
2009-5053,Belgrade,Clay,28,250,O,20090504,4,H377,,,Dominik Hrbaty,R,180,SVK,31.329,160,477,D893,,,Marko Djokovic,,,SRB,17.706,1768,2,6-1 6-0,3,Q1,42,1,1,31,15,11,13,6,0,0,1,4,41,17,7,7,7,1,7
2009-5053,Belgrade,Clay,28,250,O,20090504,5,P642,,,Boris Pashanski,R,178,SRB,26.5,186,401,Z189,8,,Grega Zemlja,R,183,SLO,22.595,165,462,6-1 6-1,3,Q1,47,2,1,39,27,20,9,7,1,1,1,1,43,28,16,2,7,0,5
2009-5053,Belgrade,Clay,28,250,O,20090504,6,BD80,,,Attila Balazs,R,180,HUN,20.6,316,208,R588,,,Nicolas Renavand,,,FRA,26.858,358,172,6-4 6-4,3,Q1,75,1,1,50,27,19,21,10,0,0,0,3,63,32,23,17,10,4,6
2009-5053,Belgrade,Clay,28,250,O,20090504,7,C786,,,Kamil Capkovic,R,198,SVK,22.921,279,240,P701,,,Michal Przysiezny,R,185,POL,25.213,530,89,3-6 7-5 7-5,3,Q1,131,2,4,98,65,44,15,16,7,11,7,1,116,84,52,18,17,10,15
2009-5053,Belgrade,Clay,28,250,O,20090504,8,CA93,,,Pavel Chekhov,R,,RUS,20.769,382,159,MB07,,,Darko Madjarovski,,,SRB,25.881,648,56,6-4 3-6 6-1,3,Q1,99,14,9,88,54,43,13,13,2,4,2,5,74,30,26,19,13,0,4
2009-5053,Belgrade,Clay,28,250,O,20090504,9,G527,,,Luka Gregorc,R,188,SLO,25.218,209,355,SE15,,,David Savic,,,SRB,23.696,443,124,6-3 6-4,3,Q1,79,3,3,47,28,21,11,9,1,3,1,2,71,49,29,8,10,5,10
2009-5053,Belgrade,Clay,28,250,O,20090504,10,L987,,,Dusan Lajovic,R,183,SRB,18.845,986,18,P371,,,Vladimir Pavicevic,R,,SRB,32.183,1634,2,6-0 6-1,3,Q1,43,3,2,42,27,23,8,7,2,2,0,3,37,19,11,3,6,3,8
2009-5053,Belgrade,Clay,28,250,O,20090504,11,R790,,,Valery Rudnev,R,,RUS,21.213,385,156,D801,,,Alexandr Dolgopolov,R,180,UKR,20.487,338,187,6-7(3) 7-5 6-4,3,Q1,161,1,2,129,109,61,12,17,13,18,3,2,121,100,59,7,17,9,16
2009-5053,Belgrade,Clay,28,250,O,20090504,12,SF76,,,Franko Skugor,R,196,CRO,21.621,533,88,M760,,,Oliver Marach,R,185,AUT,28.799,465,110,6-7(1) 6-3 6-1,3,Q1,125,9,1,75,44,38,21,14,0,0,3,6,95,44,33,24,14,6,10
2009-5053,Belgrade,Clay,28,250,O,20090504,13,Z104,,,Lovro Zovko,R,191,CRO,28.129,,,C706,,,Nikola Ciric,L,201,SRB,25.755,398,149,6-4 6-2,3,Q1,59,3,1,50,37,28,7,9,0,1,9,5,56,33,21,9,9,1,5
2009-5053,Belgrade,Clay,28,250,O,20090504,14,C856,,,Victor Crivoi,R,185,ROU,26.943,102,806,BD80,,,Attila Balazs,R,180,HUN,20.6,316,208,6-4 6-4,3,Q2,89,2,2,66,42,35,7,10,5,7,3,0,65,31,16,19,10,6,10
2009-5053,Belgrade,Clay,28,250,O,20090504,15,V251,,,Santiago Ventura,R,183,ESP,29.328,117,720,L987,,,Dusan Lajovic,R,183,SRB,18.845,986,18,7-5 7-5,3,Q2,101,3,3,79,42,31,19,12,4,6,1,6,76,35,26,18,12,6,10
2009-5053,Belgrade,Clay,28,250,O,20090504,16,C723,,,Flavio Cipolla,R,173,ITA,25.539,122,668,CA93,,,Pavel Chekhov,R,,RUS,20.769,382,159,6-4 4-6 6-2,3,Q2,141,2,3,85,59,37,11,14,2,7,9,3,120,75,47,13,14,7,14
2009-5053,Belgrade,Clay,28,250,O,20090504,17,H377,,,Dominik Hrbaty,R,180,SVK,31.329,160,477,SF76,,,Franko Skugor,R,196,CRO,21.621,533,88,6-3 3-6 7-5,3,Q2,132,0,6,106,91,61,4,15,8,11,3,1,97,75,46,10,15,7,11
2009-5053,Belgrade,Clay,28,250,O,20090504,18,K540,,,Lukasz Kubot,R,191,POL,26.968,179,423,R790,,,Valery Rudnev,R,,RUS,21.213,385,156,6-4 6-4,3,Q2,109,4,3,69,43,30,13,10,3,5,0,3,68,46,25,12,10,8,12
2009-5053,Belgrade,Clay,28,250,O,20090504,19,L386,,,Jean-Rene Lisnard,R,173,MON,29.607,213,343,G527,,,Luka Gregorc,R,188,SLO,25.218,209,355,4-6 7-5 6-4,3,Q2,144,1,3,93,50,33,27,16,5,8,15,6,98,48,35,24,16,2,6
2009-5053,Belgrade,Clay,28,250,O,20090504,20,P642,,,Boris Pashanski,R,178,SRB,26.5,186,401,C786,,,Kamil Capkovic,R,198,SVK,22.921,279,240,6-3 6-2,3,Q2,71,5,1,49,29,23,15,9,1,1,4,2,55,33,20,10,8,7,10
2009-5053,Belgrade,Clay,28,250,O,20090504,21,V564,,,Antonio Veic,R,180,CRO,21.207,220,333,Z104,,,Lovro Zovko,R,191,CRO,28.129,,,W/O,3,Q2,,,,,,,,,,,,,,,,,,,
2009-5053,Belgrade,Clay,28,250,O,20090504,22,C856,,,Victor Crivoi,R,185,ROU,26.943,102,806,V564,,,Antonio Veic,R,180,CRO,21.207,220,333,2-6 6-2 6-4,3,Q3,126,0,3,85,79,56,0,13,6,8,2,0,87,77,47,7,13,7,10
2009-5053,Belgrade,Clay,28,250,O,20090504,23,V251,,,Santiago Ventura,R,183,ESP,29.328,117,720,L386,,,Jean-Rene Lisnard,R,173,MON,29.607,213,343,6-4 4-6 7-6(3),3,Q3,151,4,1,102,61,44,17,16,3,8,1,3,93,50,29,25,16,3,8
2009-5053,Belgrade,Clay,28,250,O,20090504,24,C723,,,Flavio Cipolla,R,173,ITA,25.539,122,668,P642,,,Boris Pashanski,R,178,SRB,26.5,186,401,2-6 6-4 6-2,3,Q3,117,0,4,89,72,45,8,13,7,10,1,4,73,37,30,13,13,3,7
2009-5053,Belgrade,Clay,28,250,O,20090504,25,H377,,,Dominik Hrbaty,R,180,SVK,31.329,160,477,K540,,,Lukasz Kubot,R,191,POL,26.968,179,423,7-6(1) 0-6 6-0,3,Q3,128,0,6,107,83,49,12,12,14,18,1,0,82,72,42,4,12,7,11
2009-1536,Madrid Masters,Clay,56,M,O,20090510,1,C723,,,Flavio Cipolla,R,173,ITA,25.555,122,668,Z168,1,,Mischa Zverev,L,191,GER,21.717,56,1145,6-4 4-1 RET,3,Q1,70,1,3,55,45,27,6,8,4,5,5,1,44,32,19,5,7,2,5
2009-1536,Madrid Masters,Clay,56,M,O,20090510,2,G681,,,Teymuraz Gabashvili,R,185,GEO,23.964,65,1026,M984,,,David Marrero,R,183,ESP,29.087,163,470,6-4 7-6(1),3,Q1,108,5,3,82,41,27,24,11,4,6,6,4,66,40,28,12,11,0,3
2009-1536,Madrid Masters,Clay,56,M,O,20090510,3,SE66,,,Eduardo Schwank,R,183,ARG,23.047,71,997,L523,,,Michael Lammer,R,185,SUI,27.127,208,358,6-3 6-7(5) 6-0,3,Q1,147,6,2,91,51,41,22,14,0,1,0,3,86,54,36,12,13,3,8
2009-1536,Madrid Masters,Clay,56,M,O,20090510,4,G476,,,Guillermo Garcia-Lopez,R,185,ESP,25.933,72,990,V195,,,Fernando Vicente,R,180,ESP,32.172,258,289,6-2 5-7 6-4,3,Q1,141,5,4,101,65,46,17,15,6,9,3,6,97,59,41,14,15,5,10
2009-1536,Madrid Masters,Clay,56,M,O,20090510,5,C968,,,Marco Crugnola,R,188,ITA,25.963,184,404,G585,5,,Maximo Gonzalez,R,173,ARG,25.807,74,972,4-6 7-5 7-6(5),3,Q1,155,5,6,126,78,49,26,17,11,16,3,2,96,66,48,11,17,4,9
2009-1536,Madrid Masters,Clay,56,M,O,20090510,6,F510,,,Fabio Fognini,R,178,ITA,21.963,75,960,L480,,,Marc Lopez,R,175,ESP,26.776,259,288,6-7(1) 7-6(6) 6-3,3,Q1,171,3,0,119,74,49,23,17,6,9,3,3,111,64,41,26,16,5,9
2009-1536,Madrid Masters,Clay,56,M,O,20090510,7,H355,,,Tommy Haas,R,188,GER,31.102,76,945,G985,,,Carlos Gomez-Herrera,R,191,ESP,19.028,1816,2,6-2 6-1,3,Q1,59,7,2,41,27,25,8,8,0,0,1,1,51,36,19,6,7,7,11
2009-1536,Madrid Masters,Clay,56,M,O,20090510,8,V205,,,Dusan Vemic,R,188,SRB,32.895,457,114,G676,8,,Daniel Gimeno-Traver,R,183,ESP,23.756,79,929,4-6 7-5 7-6(5),3,Q1,152,10,6,116,72,55,21,17,5,8,5,3,106,79,57,15,17,3,6
2009-1536,Madrid Masters,Clay,56,M,O,20090510,9,N309,,,Ivan Navarro,R,183,ESP,27.556,83,897,O207,,,Lamine Ouahab,R,185,MAR,24.381,140,571,6-3 6-2,3,Q1,73,7,2,51,30,26,14,9,4,4,2,2,51,27,15,14,8,1,4
2009-1536,Madrid Masters,Clay,56,M,O,20090510,10,K760,10,,Evgeny Korolev,R,185,KAZ,21.235,84,876,K926,,,Mikhail Kukushkin,R,183,KAZ,21.372,181,415,6-2 6-3,3,Q1,57,3,0,47,34,27,10,9,1,1,0,1,49,35,21,6,8,1,4
2009-1536,Madrid Masters,Clay,56,M,O,20090510,11,A596,11,,Pablo Andujar,R,180,ESP,23.294,85,869,D330,,,Alessio Di Mauro,L,185,ITA,31.751,187,400,6-2 6-4,3,Q1,74,1,4,45,27,23,13,9,0,0,3,1,58,29,17,15,9,6,9
2009-1536,Madrid Masters,Clay,56,M,O,20090510,12,C514,,,Juan Ignacio Chela,R,191,ARG,29.695,190,395,M655,12,,Nicolas Massu,R,183,CHI,29.582,98,828,6-3 6-4,3,Q1,90,4,2,57,39,29,8,10,2,4,2,0,66,44,27,8,9,4,8
2009-1536,Madrid Masters,Clay,56,M,O,20090510,13,M590,13,,Alberto Martin,R,175,ESP,30.721,101,821,D487,,,Lukas Dlouhy,R,185,CZE,26.086,254,292,6-4 1-6 6-2,3,Q1,103,0,5,84,59,37,14,13,7,11,2,9,82,53,37,9,12,5,9
2009-1536,Madrid Masters,Clay,56,M,O,20090510,14,C433,,,Guillermo Canas,R,185,ARG,31.455,107,784,R383,,,Ruben Ramirez Hidalgo,R,183,ESP,31.34,123,666,6-1 6-4,3,Q1,90,4,3,50,23,18,14,9,1,3,1,7,63,37,21,7,8,2,7
2009-1536,Madrid Masters,Clay,56,M,O,20090510,15,G681,,,Teymuraz Gabashvili,R,185,GEO,23.964,65,1026,V205,,,Dusan Vemic,R,188,SRB,32.895,457,114,4-6 6-4 7-6(5),3,Q2,198,0,5,99,52,41,27,16,3,5,13,9,133,80,52,31,16,7,9
2009-1536,Madrid Masters,Clay,56,M,O,20090510,16,SE66,,,Eduardo Schwank,R,183,ARG,23.047,71,997,K760,10,,Evgeny Korolev,R,185,KAZ,21.235,84,876,6-2 6-2,3,Q2,66,0,1,38,25,21,11,8,0,0,4,2,57,32,19,10,8,8,12
2009-1536,Madrid Masters,Clay,56,M,O,20090510,17,C514,,,Juan Ignacio Chela,R,191,ARG,29.695,190,395,G476,,,Guillermo Garcia-Lopez,R,185,ESP,25.933,72,990,6-1 6-3,3,Q2,82,0,0,50,22,16,18,8,3,4,2,4,53,42,22,2,8,6,11
2009-1536,Madrid Masters,Clay,56,M,O,20090510,18,F510,,,Fabio Fognini,R,178,ITA,21.963,75,960,M590,13,,Alberto Martin,R,175,ESP,30.721,101,821,1-6 6-3 7-6(9),3,Q2,149,1,4,100,55,31,20,14,4,10,1,3,110,70,40,21,14,10,15
2009-1536,Madrid Masters,Clay,56,M,O,20090510,19,H355,,,Tommy Haas,R,188,GER,31.102,76,945,A596,11,,Pablo Andujar,R,180,ESP,23.294,85,869,6-3 6-4,3,Q2,86,5,2,60,37,31,13,10,3,3,1,2,56,36,23,11,9,2,4
2009-1536,Madrid Masters,Clay,56,M,O,20090510,20,C968,,,Marco Crugnola,R,188,ITA,25.963,184,404,N309,,,Ivan Navarro,R,183,ESP,27.556,83,897,1-6 6-2 6-1,3,Q2,94,2,1,71,49,32,13,11,4,6,2,4,64,34,24,14,11,5,9
2009-1536,Madrid Masters,Clay,56,M,O,20090510,21,C433,,,Guillermo Canas,R,185,ARG,31.455,107,784,C723,,,Flavio Cipolla,R,173,ITA,25.555,122,668,4-6 6-3 6-3,3,Q2,142,6,1,77,43,34,18,14,3,6,0,3,91,69,45,6,14,4,9
2009-520,Roland Garros,Clay,128,G,O,20090525,1,F510,,,Fabio Fognini,R,178,ITA,22.004,62,1020,I145,,,Kyu Tae Im,R,185,KOR,28.381,219,333,6-4 6-1,3,Q1,63,7,4,53,26,21,15,8,2,2,4,2,66,38,22,13,9,4,8
2009-520,Roland Garros,Clay,128,G,O,20090525,2,MD56,,,Leonardo Mayer,R,191,ARG,22.029,93,821,B503,,,George Bastl,R,183,SUI,34.149,280,232,6-4 6-4,3,Q1,93,5,1,69,43,32,14,10,4,4,4,2,67,42,28,13,10,4,6
2009-520,Roland Garros,Clay,128,G,O,20090525,3,D339,,,Marcos Daniel,R,180,BRA,30.891,97,798,A487,,,Prakash Amritraj,R,188,IND,25.645,161,474,6-4 6-4,3,Q1,77,9,1,67,52,37,9,10,2,2,7,1,58,36,27,10,10,1,3
2009-520,Roland Garros,Clay,128,G,O,20090525,4,C856,,,Victor Crivoi,R,185,ROU,27.001,99,790,M984,,,David Marrero,R,183,ESP,29.128,164,460,4-6 7-5 6-3,3,Q1,131,8,1,88,56,47,17,16,1,2,8,5,106,72,51,16,15,5,7
2009-520,Roland Garros,Clay,128,G,O,20090525,5,L503,,,Paolo Lorenzi,R,183,ITA,27.441,172,442,C433,5,,Guillermo Canas,R,185,ARG,31.496,106,759,6-4 7-6(7),3,Q1,112,1,5,79,52,40,15,11,5,5,2,0,70,34,28,19,11,5,6
2009-520,Roland Garros,Clay,128,G,O,20090525,6,L386,,,Jean-Rene Lisnard,R,173,MON,29.665,220,332,D499,7,,Frank Dancevic,R,185,CAN,24.66,108,745,7-6(2) 6-4,3,Q1,90,3,2,64,38,32,19,11,2,2,10,1,70,45,33,14,11,2,3
2009-520,Roland Garros,Clay,128,G,O,20090525,7,C723,8,,Flavio Cipolla,R,173,ITA,25.596,109,732,M836,,,Dominik Meffert,R,196,GER,28.126,221,329,6-7(4) 6-2 8-6,3,Q1,173,2,3,129,90,57,18,17,8,12,5,3,118,81,48,16,17,10,17
2009-520,Roland Garros,Clay,128,G,O,20090525,8,SC77,,,Sergiy Stakhovsky,R,193,UKR,23.381,110,732,D424,,,Rik De Voest,R,180,RSA,28.969,195,383,4-6 6-3 8-6,3,Q1,133,3,0,93,63,47,17,17,1,4,5,1,105,64,45,19,16,4,8
2009-520,Roland Garros,Clay,128,G,O,20090525,9,G511,,,Simon Greul,R,185,GER,28.115,111,731,R851,,,Mathieu Rodrigues,R,180,FRA,23.546,327,182,6-3 6-4,3,Q1,79,2,0,52,26,20,21,10,2,2,3,1,65,33,22,17,9,2,4
2009-520,Roland Garros,Clay,128,G,O,20090525,10,K371,11,,Roko Karanusic,R,183,CRO,26.719,112,720,M708,,,Ricardo Mello,L,175,BRA,28.424,203,353,4-6 6-2 12-10,3,Q1,163,4,2,106,71,50,23,20,5,8,2,3,147,95,60,26,20,12,17
2009-520,Roland Garros,Clay,128,G,O,20090525,11,V254,,,Filippo Volandri,R,183,ITA,27.718,151,497,B678,12,,Michael Berrer,L,193,GER,28.898,115,716,7-6(5) 6-0,3,Q1,86,0,1,55,46,33,7,9,1,2,1,0,78,60,29,11,9,7,11
2009-520,Roland Garros,Clay,128,G,O,20090525,12,A410,,,Thiago Alves,R,178,BRA,27.009,117,712,P605,,,Jaroslav Pospisil,R,175,CZE,28.287,256,278,6-7(2) 6-1 6-4,3,Q1,140,10,0,108,67,51,21,15,13,15,7,7,107,61,42,20,14,8,13
2009-520,Roland Garros,Clay,128,G,O,20090525,13,V251,,,Santiago Ventura,R,183,ESP,29.385,122,646,R368,,,Michael Russell,R,173,USA,31.066,166,458,6-0 6-3,3,Q1,72,4,1,54,28,20,16,8,2,2,1,2,48,33,17,7,7,5,9
2009-520,Roland Garros,Clay,128,G,O,20090525,14,Z184,15,,Horacio Zeballos,L,188,ARG,24.077,121,671,BE54,,,Ruben Bemelmans,L,183,BEL,21.361,231,320,7-6(2) 6-4,3,Q1,78,4,0,58,42,33,15,11,1,1,7,2,75,41,33,15,11,4,5
2009-520,Roland Garros,Clay,128,G,O,20090525,15,MA49,,,Rui Machado,R,178,POR,25.123,130,605,C968,,,Marco Crugnola,R,188,ITA,26.004,175,435,2-6 7-5 7-5,3,Q1,138,0,2,93,67,36,17,16,2,8,2,3,102,67,42,17,16,3,9
2009-520,Roland Garros,Clay,128,G,O,20090525,16,MB84,,,Mathieu Montcourt,R,183,FRA,24.225,123,636,E254,,,Brendan Evans,R,188,USA,23.129,159,477,6-7(6) 6-2 6-2,3,Q1,141,4,3,87,61,46,14,14,1,1,2,3,114,70,41,23,14,9,13
2009-520,Roland Garros,Clay,128,G,O,20090525,17,C882,18,,Pablo Cuevas,R,180,URU,23.395,132,589,T332,,,Tomas Tenconi,R,178,ITA,28.723,150,499,7-6(3) 6-0,3,Q1,78,12,1,66,42,36,9,9,2,2,1,1,61,48,29,6,9,2,5
2009-520,Roland Garros,Clay,128,G,O,20090525,18,G725,,,Santiago Giraldo,R,188,COL,21.492,125,619,G753,,,David Guez,R,185,FRA,26.461,286,225,6-4 6-1,3,Q1,70,4,1,49,35,22,10,8,0,1,1,3,49,27,13,8,9,1,6
2009-520,Roland Garros,Clay,128,G,O,20090525,19,BC72,,,Daniel Brands,R,196,GER,21.856,129,610,F444,,,Alejandro Falla,L,185,COL,25.528,171,443,4-6 7-5 6-1,3,Q1,101,16,4,82,53,41,17,15,2,3,2,0,87,59,37,17,14,4,7
2009-520,Roland Garros,Clay,128,G,O,20090525,20,BA57,,,Ilija Bozoljac,R,193,SRB,23.811,131,598,D729,,,Jonathan Dasnieres de Veigy,L,175,FRA,22.385,299,213,6-4 6-2,3,Q1,70,8,3,53,26,24,13,9,3,4,0,0,48,31,15,11,9,2,6
2009-520,Roland Garros,Clay,128,G,O,20090525,21,R397,22,,Olivier Rochus,R,168,BEL,28.348,136,559,Z073,,,Mariano Zabaleta,R,183,ARG,31.236,647,56,6-7(3) 6-4 6-4,3,Q1,172,4,3,120,72,49,26,16,8,10,12,4,110,58,39,26,16,2,6
2009-520,Roland Garros,Clay,128,G,O,20090525,22,E180,23,,Mikhail Elgin,R,183,RUS,27.611,133,576,SD56,,,Robert Smeets,L,188,AUS,23.537,241,302,6-7(5) 6-3 7-5,3,Q1,142,4,4,106,66,51,19,17,5,7,5,4,112,58,39,29,16,4,8
2009-520,Roland Garros,Clay,128,G,O,20090525,23,O207,24,,Lamine Ouahab,R,185,MAR,24.422,139,549,D752,,,Niels Desein,R,191,BEL,21.96,244,298,7-6(7) 7-5,3,Q1,122,6,4,89,48,33,23,12,7,10,7,4,91,58,38,12,12,5,9
2009-520,Roland Garros,Clay,128,G,O,20090525,24,K540,,,Lukasz Kubot,R,191,POL,27.025,142,537,MI11,,,Axel Michon,L,,FRA,18.439,957,18,6-4 6-3,3,Q1,98,5,0,59,39,30,12,9,3,3,4,4,71,35,23,19,10,9,12
2009-520,Roland Garros,Clay,128,G,O,20090525,25,D616,26,,Somdev Devvarman,R,180,IND,24.277,135,560,SG64,,,Joao Souza,R,193,BRA,20.994,222,328,6-2 2-6 7-5,3,Q1,147,3,1,85,60,40,13,14,3,7,4,2,96,60,33,20,14,10,15
2009-520,Roland Garros,Clay,128,G,O,20090525,26,L515,,,Peter Luczak,R,183,AUS,29.733,206,350,G621,27,,Chris Guccione,L,201,AUS,23.819,137,554,7-6(6) 6-7(6) 6-4,3,Q1,130,9,0,101,80,64,16,17,0,0,21,3,118,81,65,20,17,7,8
2009-520,Roland Garros,Clay,128,G,O,20090525,27,D479,,,Sebastian Decoud,L,180,ARG,27.682,152,496,L799,28,,Jesse Levine,L,175,CAN,21.61,140,546,1-6 6-3 10-8,3,Q1,184,4,2,120,89,48,13,17,9,17,4,10,116,66,37,22,17,9,17
2009-520,Roland Garros,Clay,128,G,O,20090525,28,H704,29,,Jesse Huta Galung,R,,NED,23.633,143,532,S809,,,Yuri Schukin,R,185,KAZ,29.914,176,433,6-4 6-4,3,Q1,98,3,1,59,32,23,16,10,2,4,2,4,71,40,25,14,10,6,10
2009-520,Roland Garros,Clay,128,G,O,20090525,29,R685,30,,Lukas Rosol,R,193,CZE,23.836,144,532,MD50,,,Andre Miele,R,,BRA,22.119,268,255,3-6 6-3 6-3,3,Q1,103,4,1,70,38,28,18,13,1,5,2,7,98,65,39,13,14,11,17
2009-520,Roland Garros,Clay,128,G,O,20090525,30,A678,31,,Kevin Anderson,R,203,RSA,23.02,146,524,K964,,,Brydan Klein,R,188,GBR,19.398,186,400,7-6(7) 6-0,3,Q1,85,2,2,55,37,30,11,9,0,0,1,2,56,36,22,8,9,0,3
2009-520,Roland Garros,Clay,128,G,O,20090525,31,G822,,,Riccardo Ghedin,R,185,ITA,23.469,257,276,P488,32,,Olivier Patience,R,180,FRA,29.166,154,492,7-6(6) 6-4,3,Q1,86,6,3,65,41,34,14,11,0,1,6,2,73,43,31,17,11,3,5
2009-520,Roland Garros,Clay,128,G,O,20090525,32,SB15,,,Pablo Santos,R,183,ESP,24.942,189,399,B804,33,,Karol Beck,R,180,SVK,27.143,147,518,6-1 6-3,3,Q1,62,3,0,48,33,24,9,8,1,2,2,2,57,35,20,6,8,2,7
2009-520,Roland Garros,Clay,128,G,O,20090525,33,A356,,,Thierry Ascione,R,188,FRA,28.35,258,273,B764,,,Juan Pablo Brzezicki,R,178,ARG,27.118,177,427,6-1 6-2,3,Q1,63,5,1,50,28,21,15,8,1,1,0,0,46,34,19,3,7,5,9
2009-520,Roland Garros,Clay,128,G,O,20090525,34,B929,,,Alex Bogdanovic,L,183,GBR,25.008,196,380,D617,,,Ryler DeHeart,L,183,USA,25.391,273,244,4-6 7-5 6-3,3,Q1,110,11,1,90,53,37,21,16,4,8,4,9,110,67,48,12,15,13,18
2009-520,Roland Garros,Clay,128,G,O,20090525,35,D776,,,Thiemo de Bakker,R,193,NED,20.679,211,338,K771,,,Marsel Ilhan,R,191,TUR,21.955,194,384,6-4 6-2,3,Q1,61,2,0,44,34,30,7,9,0,0,2,5,70,41,28,11,9,4,7
2009-520,Roland Garros,Clay,128,G,O,20090525,36,D351,,,Sebastien De Chaunac,R,183,FRA,31.63,201,355,Z189,,,Grega Zemlja,R,183,SLO,22.653,167,448,3-6 7-5 7-5,3,Q1,148,8,5,94,53,43,24,16,8,10,7,2,123,76,48,28,17,12,15
2009-520,Roland Garros,Clay,128,G,O,20090525,37,D438,,,Amer Delic,R,196,BIH,26.902,153,494,G744,,,Josh Goodall,R,188,GBR,23.603,217,334,6-4 6-4,3,Q1,61,10,1,54,39,30,11,10,0,0,5,2,53,31,23,11,10,1,3
2009-520,Roland Garros,Clay,128,G,O,20090525,38,D646,,,Ivan Dodig,R,183,CRO,24.392,207,349,Z198,,,Caio Zampieri,R,183,BRA,22.995,246,287,6-3 6-2,3,Q1,70,5,0,48,29,22,14,9,0,0,3,3,55,33,18,10,8,4,7
2009-520,Roland Garros,Clay,128,G,O,20090525,39,F433,,,Franco Ferreiro,R,188,BRA,24.898,185,402,S944,,,Simon Stadler,L,183,GER,25.848,160,474,6-4 6-3,3,Q1,85,5,0,69,44,32,12,10,3,4,0,1,61,46,29,7,9,2,5
2009-520,Roland Garros,Clay,128,G,O,20090525,40,F432,,,Alexander Flock,R,191,GER,26.029,245,288,U061,,,Adrian Ungur,R,178,ROU,24.337,226,325,6-4 5-7 9-7,3,Q1,201,12,1,132,84,57,25,19,8,12,2,2,128,79,48,26,19,7,12
2009-520,Roland Garros,Clay,128,G,O,20090525,41,G527,,,Luka Gregorc,R,188,SLO,25.276,210,347,N233,,,Dick Norman,L,203,BEL,38.234,265,256,7-6(5) 6-4,3,Q1,94,7,1,72,39,35,20,11,3,3,7,5,85,59,45,11,11,3,4
2009-520,Roland Garros,Clay,128,G,O,20090525,42,H693,,,Ricardo Hocevar,R,180,BRA,24.044,157,479,K839,,,Tobias Kamke,R,178,GER,23.012,250,284,5-7 7-6(7) 6-3,3,Q1,187,6,7,125,74,48,16,17,8,16,1,1,112,70,33,20,16,4,12
2009-520,Roland Garros,Clay,128,G,O,20090525,43,H390,,,Luis Horna,R,180,PER,28.693,190,398,R750,,,Pere Riba,R,183,ESP,21.131,149,515,7-6(6) 2-6 10-8,3,Q1,185,7,7,127,94,56,13,19,5,13,19,4,131,71,56,20,19,11,18
2009-520,Roland Garros,Clay,128,G,O,20090525,44,H377,,,Dominik Hrbaty,R,180,SVK,31.387,165,459,D330,,,Alessio Di Mauro,L,185,ITA,31.792,187,400,6-4 2-6 6-2,3,Q1,104,1,2,82,51,35,16,13,3,6,6,2,71,44,27,15,13,0,4
2009-520,Roland Garros,Clay,128,G,O,20090525,45,J290,,,Scoville Jenkins,R,188,USA,22.669,209,347,BC11,,,Sergei Bubka,R,188,UKR,22.286,212,338,7-6(5) 4-6 6-4,3,Q1,160,12,9,114,70,53,24,16,5,7,8,3,134,81,54,27,16,12,14
2009-520,Roland Garros,Clay,128,G,O,20090525,46,K436,,,Dieter Kindlmann,R,183,GER,26.976,204,351,L523,,,Michael Lammer,R,185,SUI,27.168,213,337,7-5 2-6 6-3,3,Q1,129,0,1,97,56,37,24,15,6,9,4,1,72,46,35,12,14,0,3
2009-520,Roland Garros,Clay,128,G,O,20090525,47,K667,,,Michel Koning,,,NED,25.065,242,300,A366,,,Diego Alvarez,,0,ARG,29.218,262,262,6-4 6-3,3,Q1,58,6,1,55,31,25,17,10,0,0,6,1,54,36,26,9,9,5,7
2009-520,Roland Garros,Clay,128,G,O,20090525,48,K926,,,Mikhail Kukushkin,R,183,KAZ,21.413,182,415,E224,,,Victor Estrella Burgos,R,170,DOM,28.81,227,323,7-5 6-4,3,Q1,89,4,4,81,45,30,20,11,7,9,1,3,68,52,32,7,11,5,9
2009-520,Roland Garros,Clay,128,G,O,20090525,49,M873,,,Nicolas Mahut,R,191,FRA,27.34,148,517,P642,,,Boris Pashanski,R,178,SRB,26.557,200,362,6-1 7-5,3,Q1,97,17,0,72,39,32,15,10,6,7,3,3,65,39,20,16,9,7,11
2009-520,Roland Garros,Clay,128,G,O,20090525,50,ME05,,,Marinko Matosevic,R,193,AUS,23.795,208,348,V564,,,Antonio Veic,R,180,CRO,21.265,239,307,7-5 2-0 RET,3,Q1,58,6,2,58,27,19,15,7,5,7,0,3,37,28,13,4,7,1,5
2009-520,Roland Garros,Clay,128,G,O,20090525,51,M915,,,Daniel Munoz de la Nava,L,175,ESP,27.318,173,441,A539,,,Martin Alund,R,183,ARG,23.411,252,281,7-6(6) 7-5,3,Q1,124,1,2,91,56,36,18,12,5,8,7,3,78,43,29,15,12,3,7
2009-520,Roland Garros,Clay,128,G,O,20090525,52,PD31,,,Benoit Paire,R,196,FRA,20.047,606,66,L430,,,Giovanni Lapentti,R,193,ECU,26.33,170,444,6-3 6-4,3,Q1,75,5,2,65,32,20,17,10,4,7,0,6,55,31,17,9,9,2,7
2009-520,Roland Garros,Clay,128,G,O,20090525,53,P529,,,Giancarlo Petrazzuolo,R,,ITA,28.797,247,287,L513,,,Miguel Angel Lopez Jaen,R,188,ESP,26.486,178,425,6-4 4-6 6-4,3,Q1,141,6,2,91,58,40,17,15,5,8,4,1,95,58,37,19,15,11,15
2009-520,Roland Garros,Clay,128,G,O,20090525,54,PB22,,,Peter Polansky,R,183,CAN,20.942,279,235,V195,,,Fernando Vicente,R,180,ESP,32.214,259,273,6-3 6-2,3,Q1,81,2,0,54,34,26,14,9,3,3,3,3,66,39,26,10,8,3,6
2009-520,Roland Garros,Clay,128,G,O,20090525,55,P487,,,Eric Prodon,R,180,FRA,27.91,269,255,BC65,,,Matthias Bachinger,R,188,GER,22.146,254,279,6-4 6-0,3,Q1,49,3,1,42,21,16,14,8,0,1,2,3,51,31,18,6,8,5,10
2009-520,Roland Garros,Clay,128,G,O,20090525,56,R548,,,Rajeev Ram,R,193,USA,25.185,168,447,O410,,,Julien Obry,R,173,FRA,17.722,936,19,6-4 6-2,3,Q1,81,11,1,66,42,33,12,9,6,6,1,3,65,39,24,11,9,5,8
2009-520,Roland Garros,Clay,128,G,O,20090525,57,R364,,,Bjorn Rehnquist,R,175,SWE,31.384,198,366,E212,,,Bruno Echagaray,R,183,MEX,26.048,620,61,6-2 7-5,3,Q1,109,2,1,73,44,31,15,10,3,4,1,0,61,42,27,9,10,2,6
2009-520,Roland Garros,Clay,128,G,O,20090525,58,R782,,,Julian Reister,R,188,GER,23.146,230,320,W359,,,Todd Widom,R,,USA,26.086,218,333,6-4 6-1,3,Q1,83,3,1,68,52,35,9,9,2,3,3,0,57,34,18,11,8,6,10
2009-520,Roland Garros,Clay,128,G,O,20090525,59,R612,,,Stephane Robert,R,185,FRA,29.021,228,323,G551,,,Santiago Gonzalez,R,191,MEX,26.248,240,304,6-3 6-0,3,Q1,51,0,0,54,33,25,13,8,2,2,2,4,43,24,14,7,7,4,8
2009-520,Roland Garros,Clay,128,G,O,20090525,60,R613,,,Edouard Roger-Vasselin,R,185,FRA,25.489,163,465,C666,,,Adrian Cruciat,R,,ROU,26.152,248,286,6-3 6-2,3,Q1,60,5,1,53,30,23,12,9,5,7,1,1,45,24,9,11,8,2,7
2009-520,Roland Garros,Clay,128,G,O,20090525,61,S673,,,Joseph Sirianni,R,178,AUS,34.352,243,299,F580,,,Martin Fischer,R,180,AUT,22.845,214,337,7-6(1) 6-4,3,Q1,92,1,0,70,43,31,14,11,3,6,0,3,76,55,31,12,11,2,6
2009-520,Roland Garros,Clay,128,G,O,20090525,62,SG87,,,Ryan Sweeting,R,196,USA,21.864,174,438,B752,,,Stephane Bohli,R,185,SUI,25.834,179,422,6-4 1-6 7-5,3,Q1,119,3,2,95,69,46,11,14,8,11,3,4,90,55,37,19,15,5,8
2009-520,Roland Garros,Clay,128,G,O,20090525,63,V207,,,Jiri Vanek,R,185,CZE,31.086,155,487,E678,,,Jonathan Eysseric,L,180,FRA,18.995,415,131,6-2 6-1,3,Q1,81,1,1,58,37,29,10,8,3,3,2,1,52,28,16,10,7,3,7
2009-520,Roland Garros,Clay,128,G,O,20090525,64,T982,,,Tsung-Hua Yang,R,178,TPE,18.157,489,99,L480,,,Marc Lopez,R,175,ESP,26.817,261,262,6-3 4-6 6-4,3,Q1,137,8,0,77,41,34,19,15,0,2,1,1,97,53,37,24,14,7,10
2009-520,Roland Garros,Clay,128,G,O,20090525,65,F510,,,Fabio Fognini,R,178,ITA,22.004,62,1020,K926,,,Mikhail Kukushkin,R,183,KAZ,21.413,182,415,6-3 7-6(4),3,Q2,97,4,1,79,50,37,14,11,3,5,2,3,68,36,26,15,10,6,9
2009-520,Roland Garros,Clay,128,G,O,20090525,66,MD56,,,Leonardo Mayer,R,191,ARG,22.029,93,821,D776,,,Thiemo de Bakker,R,193,NED,20.679,211,338,6-4 1-6 8-6,3,Q2,116,2,1,79,53,39,17,15,2,4,0,0,88,66,46,14,16,1,3
2009-520,Roland Garros,Clay,128,G,O,20090525,67,D339,,,Marcos Daniel,R,180,BRA,30.891,97,798,D646,,,Ivan Dodig,R,183,CRO,24.392,207,349,7-5 6-4,3,Q2,107,3,1,61,41,32,12,11,3,4,10,1,79,46,33,14,11,9,12
2009-520,Roland Garros,Clay,128,G,O,20090525,68,C856,,,Victor Crivoi,R,185,ROU,27.001,99,790,R548,,,Rajeev Ram,R,193,USA,25.185,168,447,6-4 6-4,3,Q2,67,4,1,54,41,31,6,10,0,2,3,1,60,41,25,7,10,3,7
2009-520,Roland Garros,Clay,128,G,O,20090525,69,C723,8,,Flavio Cipolla,R,173,ITA,25.596,109,732,H390,,,Luis Horna,R,180,PER,28.693,190,398,6-4 6-4,3,Q2,80,3,1,51,37,30,10,10,0,0,4,2,64,35,27,14,10,1,3
2009-520,Roland Garros,Clay,128,G,O,20090525,70,SC77,,,Sergiy Stakhovsky,R,193,UKR,23.381,110,732,SG87,,,Ryan Sweeting,R,196,USA,21.864,174,438,7-6(1) 7-5,3,Q2,100,5,1,71,44,33,12,12,4,8,1,2,88,65,33,13,12,3,8
2009-520,Roland Garros,Clay,128,G,O,20090525,71,G511,,,Simon Greul,R,185,GER,28.115,111,731,K436,,,Dieter Kindlmann,R,183,GER,26.976,204,351,6-2 7-5,3,Q2,71,7,3,54,26,19,15,10,1,4,0,1,55,31,15,12,10,5,11
2009-520,Roland Garros,Clay,128,G,O,20090525,72,PB22,,,Peter Polansky,R,183,CAN,20.942,279,235,K371,11,,Roko Karanusic,R,183,CRO,26.719,112,720,6-2 6-4,3,Q2,64,2,2,58,34,25,14,9,2,3,2,1,51,34,20,6,9,1,5
2009-520,Roland Garros,Clay,128,G,O,20090525,73,A410,,,Thiago Alves,R,178,BRA,27.009,117,712,R613,,,Edouard Roger-Vasselin,R,185,FRA,25.489,163,465,7-5 3-6 6-3,3,Q2,128,4,2,110,63,45,23,15,5,7,14,1,81,51,37,17,15,2,5
2009-520,Roland Garros,Clay,128,G,O,20090525,74,V251,,,Santiago Ventura,R,183,ESP,29.385,122,646,T982,,,Tsung-Hua Yang,R,178,TPE,18.157,489,99,6-3 6-3,3,Q2,67,6,3,53,29,26,9,9,2,3,3,1,52,26,17,11,9,2,6
2009-520,Roland Garros,Clay,128,G,O,20090525,75,V207,,,Jiri Vanek,R,185,CZE,31.086,155,487,Z184,15,,Horacio Zeballos,L,188,ARG,24.077,121,671,6-1 7-6(4),3,Q2,92,6,2,70,49,41,10,10,4,4,0,0,65,49,30,9,9,3,5
2009-520,Roland Garros,Clay,128,G,O,20090525,76,MA49,,,Rui Machado,R,178,POR,25.123,130,605,P529,,,Giancarlo Petrazzuolo,R,,ITA,28.797,247,287,6-2 6-0,3,Q2,50,1,3,38,25,21,8,7,1,1,1,1,38,23,12,4,7,3,8
2009-520,Roland Garros,Clay,128,G,O,20090525,77,MB84,,,Mathieu Montcourt,R,183,FRA,24.225,123,636,P487,,,Eric Prodon,R,180,FRA,27.91,269,255,4-6 6-3 6-3,3,Q2,96,4,0,79,51,35,19,14,3,5,7,3,81,55,38,12,14,1,5
2009-520,Roland Garros,Clay,128,G,O,20090525,78,C882,18,,Pablo Cuevas,R,180,URU,23.395,132,589,K667,,,Michel Koning,,,NED,25.065,242,300,6-4 6-4,3,Q2,59,7,3,48,34,31,9,10,0,0,5,4,54,27,21,15,10,1,3
2009-520,Roland Garros,Clay,128,G,O,20090525,79,G725,,,Santiago Giraldo,R,188,COL,21.492,125,619,R782,,,Julian Reister,R,188,GER,23.146,230,320,7-6(4) 6-7(5) 6-2,3,Q2,160,14,1,122,87,59,18,16,7,8,6,3,114,89,55,14,16,5,8
2009-520,Roland Garros,Clay,128,G,O,20090525,80,BC72,,,Daniel Brands,R,196,GER,21.856,129,610,J290,,,Scoville Jenkins,R,188,USA,22.669,209,347,7-5 1-6 6-3,3,Q2,115,7,1,88,58,37,17,14,8,11,9,2,76,46,33,17,14,3,6
2009-520,Roland Garros,Clay,128,G,O,20090525,81,BA57,,,Ilija Bozoljac,R,193,SRB,23.811,131,598,S673,,,Joseph Sirianni,R,178,AUS,34.352,243,299,6-7(5) 6-3 6-4,3,Q2,154,16,3,96,54,42,22,16,6,9,3,0,108,69,45,19,15,10,15
2009-520,Roland Garros,Clay,128,G,O,20090525,82,R397,22,,Olivier Rochus,R,168,BEL,28.348,136,559,ME05,,,Marinko Matosevic,R,193,AUS,23.795,208,348,7-6(3) 6-4,3,Q2,110,1,0,70,47,37,16,11,4,4,11,4,76,38,28,21,11,5,6
2009-520,Roland Garros,Clay,128,G,O,20090525,83,PD31,,,Benoit Paire,R,196,FRA,20.047,606,66,E180,23,,Mikhail Elgin,R,183,RUS,27.611,133,576,6-4 6-7(4) 7-5,3,Q2,155,10,7,122,59,44,26,17,13,19,6,5,122,80,46,18,17,11,19
2009-520,Roland Garros,Clay,128,G,O,20090525,84,O207,24,,Lamine Ouahab,R,185,MAR,24.422,139,549,M873,,,Nicolas Mahut,R,191,FRA,27.34,148,517,6-4 7-6(3),3,Q2,116,2,1,73,41,29,21,11,2,3,10,0,75,42,31,17,11,4,6
2009-520,Roland Garros,Clay,128,G,O,20090525,85,K540,,,Lukasz Kubot,R,191,POL,27.025,142,537,R364,,,Bjorn Rehnquist,R,175,SWE,31.384,198,366,5-7 6-3 6-2,3,Q2,163,8,5,104,73,50,16,15,6,8,4,2,97,54,33,23,14,6,10
2009-520,Roland Garros,Clay,128,G,O,20090525,86,D616,26,,Somdev Devvarman,R,180,IND,24.277,135,560,B929,,,Alex Bogdanovic,L,183,GBR,25.008,196,380,6-2 6-7(3) 6-4,3,Q2,161,4,1,94,63,44,12,15,3,7,4,6,127,76,39,26,15,15,22
2009-520,Roland Garros,Clay,128,G,O,20090525,87,F433,,,Franco Ferreiro,R,188,BRA,24.898,185,402,H704,29,,Jesse Huta Galung,R,,NED,23.633,143,532,6-7(5) 7-6(3) 6-2,3,Q2,157,3,2,108,70,49,21,16,4,7,10,1,111,59,41,26,16,6,11
2009-520,Roland Garros,Clay,128,G,O,20090525,88,R685,30,,Lukas Rosol,R,193,CZE,23.836,144,532,H693,,,Ricardo Hocevar,R,180,BRA,24.044,157,479,6-7(6) 6-2 6-1,3,Q2,120,9,2,82,43,35,22,13,2,3,3,10,94,50,31,19,14,6,12
2009-520,Roland Garros,Clay,128,G,O,20090525,89,A678,31,,Kevin Anderson,R,203,RSA,23.02,146,524,R612,,,Stephane Robert,R,185,FRA,29.021,228,323,3-6 7-6(9) 9-7,3,Q2,177,8,0,138,99,71,18,18,12,14,5,3,137,86,64,25,19,8,10
2009-520,Roland Garros,Clay,128,G,O,20090525,90,A356,,,Thierry Ascione,R,188,FRA,28.35,258,273,D479,,,Sebastian Decoud,L,180,ARG,27.682,152,496,3-6 7-5 6-3,3,Q2,155,8,3,103,75,49,14,15,6,9,7,0,110,82,47,18,15,9,13
2009-520,Roland Garros,Clay,128,G,O,20090525,91,D351,,,Sebastien De Chaunac,R,183,FRA,31.63,201,355,SB15,,,Pablo Santos,R,183,ESP,24.942,189,399,6-7(1) 6-2 6-2,3,Q2,136,11,4,90,40,29,32,14,10,11,1,3,86,49,32,17,14,1,6
2009-520,Roland Garros,Clay,128,G,O,20090525,92,D438,,,Amer Delic,R,196,BIH,26.902,153,494,V254,,,Filippo Volandri,R,183,ITA,27.718,151,497,7-5 7-6(4),3,Q2,105,4,2,90,54,36,21,12,8,10,0,0,79,62,36,12,12,4,7
2009-520,Roland Garros,Clay,128,G,O,20090525,93,F432,,,Alexander Flock,R,191,GER,26.029,245,288,L515,,,Peter Luczak,R,183,AUS,29.733,206,350,5-7 6-4 10-8,3,Q2,208,7,4,137,80,56,33,20,8,10,6,0,116,71,51,27,20,1,4
2009-520,Roland Garros,Clay,128,G,O,20090525,94,H377,,,Dominik Hrbaty,R,180,SVK,31.387,165,459,G822,,,Riccardo Ghedin,R,185,ITA,23.469,257,276,6-4 6-2,3,Q2,59,4,2,50,27,22,13,9,2,3,2,2,50,34,22,5,9,0,4
2009-520,Roland Garros,Clay,128,G,O,20090525,95,L386,,,Jean-Rene Lisnard,R,173,MON,29.665,220,332,G527,,,Luka Gregorc,R,188,SLO,25.276,210,347,6-2 4-6 9-7,3,Q2,148,2,0,94,51,38,25,17,6,9,11,3,101,61,44,17,17,10,15
2009-520,Roland Garros,Clay,128,G,O,20090525,96,L503,,,Paolo Lorenzi,R,183,ITA,27.441,172,442,M915,,,Daniel Munoz de la Nava,L,175,ESP,27.318,173,441,1-6 6-3 6-3,3,Q2,133,5,1,84,51,31,16,12,5,9,1,4,77,52,34,7,13,5,10
2009-520,Roland Garros,Clay,128,G,O,20090525,97,F510,,,Fabio Fognini,R,178,ITA,22.004,62,1020,PD31,,,Benoit Paire,R,196,FRA,20.047,606,66,6-2 6-3,3,Q3,57,1,0,48,33,23,9,8,3,4,2,2,68,37,20,12,9,10,15
2009-520,Roland Garros,Clay,128,G,O,20090525,98,MD56,,,Leonardo Mayer,R,191,ARG,22.029,93,821,A678,31,,Kevin Anderson,R,203,RSA,23.02,146,524,6-2 6-4,3,Q3,75,8,0,44,28,25,12,9,0,0,2,1,51,38,26,4,9,1,4
2009-520,Roland Garros,Clay,128,G,O,20090525,99,D339,,,Marcos Daniel,R,180,BRA,30.891,97,798,D616,26,,Somdev Devvarman,R,180,IND,24.277,135,560,6-0 6-1,3,Q3,58,3,0,42,30,23,7,7,5,5,0,1,31,20,6,3,6,3,8
2009-520,Roland Garros,Clay,128,G,O,20090525,100,C856,,,Victor Crivoi,R,185,ROU,27.001,99,790,R685,30,,Lukas Rosol,R,193,CZE,23.836,144,532,7-5 6-1,3,Q3,74,3,0,65,52,36,8,10,6,7,6,2,58,31,22,10,9,4,8
2009-520,Roland Garros,Clay,128,G,O,20090525,101,G725,,,Santiago Giraldo,R,188,COL,21.492,125,619,C723,8,,Flavio Cipolla,R,173,ITA,25.596,109,732,6-2 3-6 6-1,3,Q3,95,1,1,67,46,35,11,12,0,2,1,1,74,48,26,15,12,8,13
2009-520,Roland Garros,Clay,128,G,O,20090525,102,SC77,,,Sergiy Stakhovsky,R,193,UKR,23.381,110,732,F432,,,Alexander Flock,R,191,GER,26.029,245,288,6-4 6-2,3,Q3,78,4,1,41,26,23,10,9,0,1,2,3,65,36,19,15,9,8,12
2009-520,Roland Garros,Clay,128,G,O,20090525,103,G511,,,Simon Greul,R,185,GER,28.115,111,731,C882,18,,Pablo Cuevas,R,180,URU,23.395,132,589,6-3 7-6(4),3,Q3,101,2,3,72,43,32,18,11,0,1,2,4,80,51,34,14,10,5,7
2009-520,Roland Garros,Clay,128,G,O,20090525,104,K540,,,Lukasz Kubot,R,191,POL,27.025,142,537,A410,,,Thiago Alves,R,178,BRA,27.009,117,712,4-6 6-3 10-8,3,Q3,179,8,9,114,77,53,17,19,6,11,6,3,118,74,46,19,18,5,11
2009-520,Roland Garros,Clay,128,G,O,20090525,105,V251,,,Santiago Ventura,R,183,ESP,29.385,122,646,MB84,,,Mathieu Montcourt,R,183,FRA,24.225,123,636,7-6 6-1,3,Q3,105,4,2,75,42,32,14,10,6,8,3,3,60,42,25,6,9,6,10
2009-520,Roland Garros,Clay,128,G,O,20090525,106,MA49,,,Rui Machado,R,178,POR,25.123,130,605,A356,,,Thierry Ascione,R,188,FRA,28.35,258,273,6-4 6-1,3,Q3,63,0,0,47,40,27,5,8,2,3,3,0,50,32,17,7,9,2,7
2009-520,Roland Garros,Clay,128,G,O,20090525,107,BC72,,,Daniel Brands,R,196,GER,21.856,129,610,D351,,,Sebastien De Chaunac,R,183,FRA,31.63,201,355,7-6(5) 6-7(3) 10-8,3,Q3,204,10,6,158,95,67,31,21,12,16,15,5,156,95,67,29,21,12,17
2009-520,Roland Garros,Clay,128,G,O,20090525,108,BA57,,,Ilija Bozoljac,R,193,SRB,23.811,131,598,L503,,,Paolo Lorenzi,R,183,ITA,27.441,172,442,4-6 7-5 6-3,3,Q3,126,14,3,95,56,42,23,16,3,5,3,2,89,56,37,22,15,6,9
2009-520,Roland Garros,Clay,128,G,O,20090525,109,PB22,,,Peter Polansky,R,183,CAN,20.942,279,235,R397,22,,Olivier Rochus,R,168,BEL,28.348,136,559,6-4 6-3,3,Q3,74,4,1,62,29,21,20,10,1,2,2,2,49,30,18,12,9,1,4
2009-520,Roland Garros,Clay,128,G,O,20090525,110,L386,,,Jean-Rene Lisnard,R,173,MON,29.665,220,332,O207,24,,Lamine Ouahab,R,185,MAR,24.422,139,549,6-4 6-3,3,Q3,80,1,2,61,34,24,15,10,7,9,1,1,56,38,23,8,9,5,9
2009-520,Roland Garros,Clay,128,G,O,20090525,111,F433,,,Franco Ferreiro,R,188,BRA,24.898,185,402,D438,,,Amer Delic,R,196,BIH,26.902,153,494,6-4 7-5,3,Q3,93,0,1,63,46,33,11,11,1,2,5,0,66,48,32,9,11,3,6
2009-520,Roland Garros,Clay,128,G,O,20090525,112,V207,,,Jiri Vanek,R,185,CZE,31.086,155,487,H377,,,Dominik Hrbaty,R,180,SVK,31.387,165,459,7-6(1) 6-2,3,Q3,82,10,0,58,43,31,9,10,0,1,7,1,62,43,29,6,10,2,5
2009-311,Queen's Club,Grass,56,250,O,20090608,1,D499,1,,Frank Dancevic,R,185,CAN,24.698,125,621,B929,,,Alex Bogdanovic,L,183,GBR,25.046,189,376,5-7 6-4 7-6(5),3,Q1,107,20,2,90,64,58,15,17,1,2,18,3,99,71,57,17,17,4,5
2009-311,Queen's Club,Grass,56,250,O,20090608,2,SC77,,,Sergiy Stakhovsky,R,193,UKR,23.42,93,794,E673,,,Chris Eaton,R,,GBR,21.53,324,181,6-3 7-5,3,Q1,89,7,1,66,40,32,15,11,2,3,5,3,66,35,25,14,10,4,7
2009-311,Queen's Club,Grass,56,250,O,20090608,3,K771,,,Marsel Ilhan,R,191,TUR,21.993,187,384,Z184,3,,Horacio Zeballos,L,188,ARG,24.115,119,649,6-7(6) 6-3 6-4,3,Q1,102,8,1,89,65,52,18,16,0,0,16,1,88,62,47,15,15,2,4
2009-311,Queen's Club,Grass,56,250,O,20090608,4,G725,4,,Santiago Giraldo,R,188,COL,21.53,139,552,SE83,,,Alexander Slabinsky,R,185,GBR,23.258,389,143,6-4 6-7(3) 7-6(8),3,Q1,120,9,0,111,74,55,28,17,4,4,19,0,108,68,57,23,17,3,4
2009-311,Queen's Club,Grass,56,250,O,20090608,5,ME82,5,,Adrian Mannarino,L,180,FRA,20.942,131,581,K596,,,Alexander Kudryavtsev,R,183,RUS,23.617,221,325,6-4 6-4,3,Q1,58,2,1,60,40,28,15,10,1,1,7,1,49,29,24,11,10,0,2
2009-311,Queen's Club,Grass,56,250,O,20090608,6,J290,,,Scoville Jenkins,R,188,USA,22.708,225,320,D616,6,,Somdev Devvarman,R,180,IND,24.315,132,574,6-1 6-7(6) 6-3,3,Q1,110,12,2,99,74,51,12,16,1,4,2,4,84,51,40,19,14,3,5
2009-311,Queen's Club,Grass,56,250,O,20090608,7,A487,,,Prakash Amritraj,R,188,IND,25.684,155,475,G621,7,,Chris Guccione,L,201,AUS,23.858,140,550,7-6(5) 7-5,3,Q1,88,9,3,75,49,41,17,12,3,3,23,4,73,45,36,16,12,3,4
2009-311,Queen's Club,Grass,56,250,O,20090608,8,L799,8,,Jesse Levine,L,175,CAN,21.648,135,563,SC47,,,Go Soeda,R,178,JPN,24.756,166,434,5-7 6-4 6-3,3,Q1,122,7,5,81,57,43,14,15,2,4,4,5,109,69,44,20,16,8,12
2009-311,Queen's Club,Grass,56,250,O,20090608,9,A678,,,Kevin Anderson,R,203,RSA,23.058,163,454,D351,,,Sebastien De Chaunac,R,183,FRA,31.669,195,361,6-4 6-7(8) 7-6(5),3,Q1,178,14,4,116,99,67,10,17,3,6,10,5,139,84,59,26,17,11,15
2009-311,Queen's Club,Grass,56,250,O,20090608,10,B804,,,Karol Beck,R,180,SVK,27.181,145,518,SG87,,,Ryan Sweeting,R,196,USA,21.903,165,436,6-3 3-6 6-3,3,Q1,96,8,1,73,52,40,15,14,1,2,7,4,93,65,45,14,13,7,9
2009-311,Queen's Club,Grass,56,250,O,20090608,11,D424,,,Rik De Voest,R,180,RSA,29.008,206,347,L503,,,Paolo Lorenzi,R,183,ITA,27.48,208,346,4-6 6-4 6-3,3,Q1,122,7,2,116,72,54,20,15,11,12,12,7,96,58,39,20,14,5,7
2009-311,Queen's Club,Grass,56,250,O,20090608,12,F444,,,Alejandro Falla,L,185,COL,25.566,179,408,E687,,,Daniel Evans,R,175,GBR,19.044,308,195,6-3 6-1,3,Q1,47,4,2,45,33,26,4,8,2,3,1,3,49,34,14,7,8,1,6
2009-311,Queen's Club,Grass,56,250,O,20090608,13,M873,,,Nicolas Mahut,R,191,FRA,27.379,146,515,R548,,,Rajeev Ram,R,193,USA,25.224,161,461,7-6(7) 7-6(1),3,Q1,96,11,1,74,51,43,16,12,1,1,9,2,78,57,44,13,12,2,2
2009-311,Queen's Club,Grass,56,250,O,20090608,14,M680,,,Xavier Malisse,R,185,BEL,28.887,172,420,K964,,,Brydan Klein,R,188,GBR,19.436,185,394,6-3 6-1,3,Q1,67,2,5,55,34,28,10,8,4,4,5,5,56,32,25,4,8,1,5
2009-311,Queen's Club,Grass,56,250,O,20090608,15,ME05,,,Marinko Matosevic,R,193,AUS,23.833,212,332,K540,,,Lukasz Kubot,R,191,POL,27.064,133,572,5-7 7-6(5) 6-4,3,Q1,164,13,5,114,66,47,21,17,8,13,6,7,111,73,50,14,17,5,10
2009-311,Queen's Club,Grass,56,250,O,20090608,16,R613,,,Edouard Roger-Vasselin,R,185,FRA,25.528,170,425,CB14,,,Daniel Cox,R,170,GBR,18.694,629,59,6-1 7-6(2),3,Q1,75,3,1,61,31,21,18,10,1,4,3,4,65,42,25,6,9,4,9
2009-311,Queen's Club,Grass,56,250,O,20090608,17,M680,,,Xavier Malisse,R,185,BEL,28.887,172,420,D499,1,,Frank Dancevic,R,185,CAN,24.698,125,621,3-6 6-3 7-5,3,Q2,102,15,1,88,54,45,18,15,8,9,7,1,94,66,45,18,15,10,12
2009-311,Queen's Club,Grass,56,250,O,20090608,18,SC77,,,Sergiy Stakhovsky,R,193,UKR,23.42,93,794,ME05,,,Marinko Matosevic,R,193,AUS,23.833,212,332,6-3 6-3,3,Q2,63,10,3,60,41,30,11,9,2,2,6,2,56,37,22,11,9,1,4
2009-311,Queen's Club,Grass,56,250,O,20090608,19,M873,,,Nicolas Mahut,R,191,FRA,27.379,146,515,G725,4,,Santiago Giraldo,R,188,COL,21.53,139,552,6-1 6-7(5) 6-4,3,Q2,111,17,3,77,51,45,15,14,0,0,3,3,101,68,46,15,15,4,8
2009-311,Queen's Club,Grass,56,250,O,20090608,20,ME82,5,,Adrian Mannarino,L,180,FRA,20.942,131,581,D424,,,Rik De Voest,R,180,RSA,29.008,206,347,7-5 6-0,3,Q2,65,8,1,58,39,26,11,9,2,3,1,1,63,40,21,8,9,6,11
2009-311,Queen's Club,Grass,56,250,O,20090608,21,R613,,,Edouard Roger-Vasselin,R,185,FRA,25.528,170,425,L799,8,,Jesse Levine,L,175,CAN,21.648,135,563,7-6(9) 7-5,3,Q2,97,8,2,80,55,46,13,12,2,3,10,8,85,53,43,13,12,5,7
2009-311,Queen's Club,Grass,56,250,O,20090608,22,A678,,,Kevin Anderson,R,203,RSA,23.058,163,454,K771,,,Marsel Ilhan,R,191,TUR,21.993,187,384,7-5 6-3,3,Q2,62,15,0,55,43,36,8,11,0,0,1,0,53,44,30,5,10,0,2
2009-311,Queen's Club,Grass,56,250,O,20090608,23,B804,,,Karol Beck,R,180,SVK,27.181,145,518,A487,,,Prakash Amritraj,R,188,IND,25.684,155,475,6-2 6-4,3,Q2,68,6,2,47,28,25,13,9,2,2,1,1,55,37,23,9,9,3,6
2009-311,Queen's Club,Grass,56,250,O,20090608,24,104233,,,Alejandro Falla,L,185,COL,25.566,179,408,104812,,,Scoville Jenkins,R,188,USA,22.708,225,320,3-6 7-6(2) 6-3,3,Q2,126,6,4,98,60,42,21,16,1,5,5,10,105,68,44,18,17,4,7
2009-311,Queen's Club,Grass,56,250,O,20090608,25,SC77,,,Sergiy Stakhovsky,R,193,UKR,23.42,93,794,B804,,,Karol Beck,R,180,SVK,27.181,145,518,7-6(6) 7-6(7),3,Q3,143,10,1,95,72,49,11,12,5,7,5,1,98,62,42,17,12,4,6
2009-311,Queen's Club,Grass,56,250,O,20090608,26,M873,,,Nicolas Mahut,R,191,FRA,27.379,146,515,ME82,5,,Adrian Mannarino,L,180,FRA,20.942,131,581,6-4 6-2,3,Q3,89,10,3,53,32,28,10,9,0,0,1,2,65,39,26,10,9,6,9
2009-311,Queen's Club,Grass,56,250,O,20090608,27,A678,,,Kevin Anderson,R,203,RSA,23.058,163,454,R613,,,Edouard Roger-Vasselin,R,185,FRA,25.528,170,425,6-4 6-4,3,Q3,78,8,1,61,42,28,16,10,1,1,2,1,61,40,26,13,10,2,4
2009-311,Queen's Club,Grass,56,250,O,20090608,28,M680,,,Xavier Malisse,R,185,BEL,28.887,172,420,F444,,,Alejandro Falla,L,185,COL,25.566,179,408,6-1 6-2,3,Q3,51,4,1,43,30,23,8,8,1,2,2,1,46,22,11,7,7,5,10
2009-500,Halle,Grass,32,250,O,20090608,1,P467,,,Alexander Peya,R,183,AUT,28.947,202,352,C723,1,,Flavio Cipolla,R,173,ITA,25.634,110,697,6-1 6-2,3,Q1,54,1,1,56,28,20,18,8,3,3,0,2,47,30,11,11,7,3,7
2009-500,Halle,Grass,32,250,O,20090608,2,D646,,,Ivan Dodig,R,183,CRO,24.43,196,357,B678,2,,Michael Berrer,L,193,GER,28.936,107,706,6-4 6-4,3,Q1,81,3,5,69,38,31,10,10,7,10,6,6,54,36,23,7,10,1,6
2009-500,Halle,Grass,32,250,O,20090608,3,D385,3,,Benedikt Dorsch,R,178,GER,28.408,128,606,MD50,,,Andre Miele,R,,BRA,22.157,285,217,7-6(4) 6-3,3,Q1,108,4,4,66,38,26,12,11,3,7,1,2,91,55,31,16,10,11,16
2009-500,Halle,Grass,32,250,O,20090608,4,R397,,,Olivier Rochus,R,168,BEL,28.386,136,563,Z198,,,Caio Zampieri,R,183,BRA,23.034,247,279,6-1 6-2,3,Q1,45,1,1,34,24,20,8,7,0,0,0,2,42,29,14,4,8,2,7
2009-500,Halle,Grass,32,250,O,20090608,5,L336,,,Harel Levy,R,185,ISR,30.842,231,309,D438,5,,Amer Delic,R,196,BIH,26.94,182,403,6-4 1-6 6-3,3,Q1,78,5,5,82,54,36,14,13,8,11,10,0,61,35,28,15,13,2,5
2009-500,Halle,Grass,32,250,O,20090608,6,Z189,6,,Grega Zemlja,R,183,SLO,22.691,171,424,S799,,,Pavel Snobel,L,191,CZE,29.276,219,326,7-5 4-6 7-6(7),3,Q1,143,6,3,138,88,64,23,17,14,17,5,9,113,64,48,24,17,4,7
2009-500,Halle,Grass,32,250,O,20090608,7,L430,7,,Giovanni Lapentti,R,193,ECU,26.368,164,444,PC78,,,Ante Pavic,R,196,CRO,20.255,1154,9,6-2 6-3,3,Q1,66,4,2,52,41,28,8,8,4,4,7,4,66,46,29,6,9,4,8
2009-500,Halle,Grass,32,250,O,20090608,8,D362,,,Taylor Dent,R,188,USA,28.123,271,237,C968,8,,Marco Crugnola,R,188,ITA,26.042,177,414,6-2 6-3,3,Q1,65,6,2,60,42,32,7,9,3,5,1,3,57,29,15,11,8,6,11
2009-500,Halle,Grass,32,250,O,20090608,9,BC65,,,Matthias Bachinger,R,188,GER,22.185,244,282,S842,,,Andrea Stoppini,R,191,ITA,29.273,173,420,6-1 6-2,3,Q1,50,6,0,48,26,20,12,8,2,3,5,3,51,26,17,5,7,2,7
2009-500,Halle,Grass,32,250,O,20090608,10,BE54,,,Ruben Bemelmans,L,183,BEL,21.399,242,284,Q019,,,Aisam-Ul-Haq Qureshi,R,183,PAK,29.227,282,220,1-6 6-3 7-6(5),3,Q1,95,17,2,88,58,45,16,14,1,3,16,4,85,59,48,13,14,2,3
2009-500,Halle,Grass,32,250,O,20090608,11,BE68,,,Tomislav Brkic,R,185,BIH,19.25,1513,3,LA01,,,Marko Lenz,,,GER,18.081,1283,6,7-6(7) 6-4,3,Q1,72,6,2,75,44,32,17,11,3,4,4,4,68,42,33,12,11,4,6
2009-500,Halle,Grass,32,250,O,20090608,12,K839,,,Tobias Kamke,R,178,GER,23.05,304,200,SL28,,,Jan-Lennard Struff,R,193,GER,19.121,,,6-3 7-5,3,Q1,72,0,1,62,40,28,14,11,2,4,1,6,66,32,24,11,10,6,10
2009-500,Halle,Grass,32,250,O,20090608,13,L797,,,Lukas Lacko,R,188,SVK,21.596,217,327,C582,,,Marco Chiudinelli,R,185,SUI,27.743,211,335,6-2 6-7(2) 6-2,3,Q1,114,4,1,88,52,33,24,14,3,5,5,3,107,61,32,24,14,13,19
2009-500,Halle,Grass,32,250,O,20090608,14,R782,,,Julian Reister,R,188,GER,23.184,209,343,E196,,,Rainer Eitzinger,R,178,AUT,25.947,329,177,7-6(5) 5-7 6-1,3,Q1,104,1,1,101,79,51,15,16,5,8,1,5,97,69,45,15,15,4,8
2009-500,Halle,Grass,32,250,O,20090608,15,S673,,,Joseph Sirianni,R,178,AUS,34.39,254,273,J263,,,Woong-Sun Jun,R,191,KOR,22.984,378,150,7-5 6-1,3,Q1,59,3,3,54,37,25,11,9,2,3,5,1,65,43,25,8,10,7,12
2009-500,Halle,Grass,32,250,O,20090608,16,V195,,,Fernando Vicente,R,180,ESP,32.252,268,245,B503,,,George Bastl,R,183,SUI,34.188,283,220,6-4 7-6(4),3,Q1,94,3,2,68,45,38,14,11,2,2,2,1,74,51,36,13,11,3,4
2009-500,Halle,Grass,32,250,O,20090608,17,BE68,,,Tomislav Brkic,R,185,BIH,19.25,1513,3,D385,3,,Benedikt Dorsch,R,178,GER,28.408,128,606,6-4 3-6 7-6(6),3,Q2,124,8,6,107,61,44,23,15,6,9,3,6,119,71,50,22,16,12,15
2009-500,Halle,Grass,32,250,O,20090608,18,R397,,,Olivier Rochus,R,168,BEL,28.386,136,563,BE54,,,Ruben Bemelmans,L,183,BEL,21.399,242,284,6-3 7-6(2),3,Q2,83,2,4,64,47,37,7,10,5,7,4,3,73,36,25,15,11,4,8
2009-500,Halle,Grass,32,250,O,20090608,19,K839,,,Tobias Kamke,R,178,GER,23.05,304,200,Z189,6,,Grega Zemlja,R,183,SLO,22.691,171,424,6-4 6-7(3) 6-4,3,Q2,121,2,6,97,66,47,19,16,2,4,5,3,102,62,48,14,16,3,7
2009-500,Halle,Grass,32,250,O,20090608,20,R782,,,Julian Reister,R,188,GER,23.184,209,343,L430,7,,Giovanni Lapentti,R,193,ECU,26.368,164,444,4-6 6-1 6-4,3,Q2,111,1,2,75,57,38,8,13,6,9,5,7,86,52,34,13,14,4,10
2009-500,Halle,Grass,32,250,O,20090608,21,L797,,,Lukas Lacko,R,188,SVK,21.596,217,327,D646,,,Ivan Dodig,R,183,CRO,24.43,196,357,6-1 3-6 7-6(4),3,Q2,124,5,6,110,61,46,21,14,5,8,6,6,92,55,39,17,14,6,10
2009-500,Halle,Grass,32,250,O,20090608,22,103248,,,Harel Levy,R,185,ISR,30.842,231,309,104913,,,Matthias Bachinger,R,188,GER,22.185,244,282,6-4 6-4,3,Q2,82,8,2,62,40,32,12,10,3,4,4,1,58,36,25,9,10,3,5
2009-500,Halle,Grass,32,250,O,20090608,23,S673,,,Joseph Sirianni,R,178,AUS,34.39,254,273,D362,,,Taylor Dent,R,188,USA,28.123,271,237,7-6(6) 2-6 7-5,3,Q2,121,7,7,100,55,42,21,16,5,10,10,5,116,67,48,22,16,12,16
2009-500,Halle,Grass,32,250,O,20090608,24,V195,,,Fernando Vicente,R,180,ESP,32.252,268,245,P467,,,Alexander Peya,R,183,AUT,28.947,202,352,6-4 6-4,3,Q2,65,2,3,59,44,36,8,10,3,3,1,3,51,36,27,9,10,1,3
2009-500,Halle,Grass,32,250,O,20090608,25,R397,,,Olivier Rochus,R,168,BEL,28.386,136,563,R782,,,Julian Reister,R,188,GER,23.184,209,343,6-2 6-2,3,Q3,59,3,2,37,21,18,14,8,0,0,1,0,57,46,24,5,8,3,7
2009-500,Halle,Grass,32,250,O,20090608,26,103248,,,Harel Levy,R,185,ISR,30.842,231,309,105051,,,Lukas Lacko,R,188,SVK,21.596,217,327,6-7(4) 6-4 6-2,3,Q3,124,12,3,101,66,51,18,15,4,6,7,6,104,61,42,20,15,4,8
2009-500,Halle,Grass,32,250,O,20090608,27,S673,,,Joseph Sirianni,R,178,AUS,34.39,254,273,BE68,,,Tomislav Brkic,R,185,BIH,19.25,1513,3,6-1 6-4,3,Q3,55,10,0,46,35,29,8,9,1,1,0,4,55,29,18,11,8,4,7
2009-500,Halle,Grass,32,250,O,20090608,28,V195,,,Fernando Vicente,R,180,ESP,32.252,268,245,K839,,,Tobias Kamke,R,178,GER,23.05,304,200,3-6 6-4 6-2,3,Q3,132,1,2,88,65,33,13,13,10,16,3,8,82,49,25,15,14,6,14
2009-440,'s-Hertogenbosch,Grass,32,250,O,20090614,1,N233,,,Dick Norman,L,203,BEL,38.289,266,246,T911,,,Peter Torebko,R,185,GER,21.342,756,36,6-4 3-6 7-5,3,Q1,92,24,10,90,58,48,14,15,5,7,12,4,87,47,36,22,16,4,7
2009-440,'s-Hertogenbosch,Grass,32,250,O,20090614,2,A438,,,Andrew Anderson,R,193,RSA,26.185,996,15,B503,5,,George Bastl,R,183,SUI,34.204,283,220,6-4 6-4,3,Q1,74,2,0,63,34,22,20,10,4,5,7,2,62,45,33,3,10,1,4
2009-440,'s-Hertogenbosch,Grass,32,250,O,20090614,3,P567,6,,Filip Prpic,R,173,SWE,27.053,325,181,L335,,,Robert Lindstedt,R,191,SWE,32.238,,,6-4 7-5,3,Q1,67,8,3,61,33,24,19,11,4,5,5,3,58,35,26,9,11,0,3
2009-440,'s-Hertogenbosch,Grass,32,250,O,20090614,4,K668,,,Sascha Kloer,,,GER,23.828,455,112,J263,7,,Woong-Sun Jun,R,191,KOR,23.001,378,150,3-6 6-4 7-6(7),3,Q1,126,4,12,121,67,51,29,16,6,8,15,6,107,64,53,19,15,6,7
2009-440,'s-Hertogenbosch,Grass,32,250,O,20090614,5,L580,,,Scott Lipsky,R,185,USA,27.833,912,20,M815,8,,Toshihide Matsui,R,178,JPN,31.154,428,126,6-2 6-3,3,Q1,45,5,2,44,30,27,10,9,0,0,0,5,50,30,18,10,8,1,4
2009-440,'s-Hertogenbosch,Grass,32,250,O,20090614,6,BE03,,,Maxime Bonami,R,,FRA,25.588,1809,2,K840,,,Tobias Klein,R,170,GER,27.228,781,33,7-6(3) 6-3,3,Q1,75,3,2,57,32,27,14,10,3,5,0,2,84,55,30,14,11,10,14
2009-440,'s-Hertogenbosch,Grass,32,250,O,20090614,7,BC35,,,Eric Butorac,L,191,USA,28.063,,,M776,,,Michal Mertinak,R,185,SVK,29.676,975,16,7-5 3-6 6-3,3,Q1,108,12,6,106,62,45,23,15,6,7,4,3,96,62,47,20,15,3,5
2009-440,'s-Hertogenbosch,Grass,32,250,O,20090614,8,C648,,,Julien Cassaigne,,,FRA,27.414,,,SD20,,,Juan-Francisco Spina,,,ARG,24.101,805,30,6-4 3-6 6-3,3,Q1,94,3,7,87,56,42,15,14,1,3,7,5,89,49,34,20,14,2,5
2009-440,'s-Hertogenbosch,Grass,32,250,O,20090614,9,C445,,,Frantisek Cermak,R,193,CZE,32.58,768,34,W254,,,Peter Wessels,R,196,NED,31.105,730,40,6-3 3-6 7-6(5),3,Q1,105,20,2,95,62,51,16,15,5,6,9,5,105,79,57,11,15,5,6
2009-440,'s-Hertogenbosch,Grass,32,250,O,20090614,10,K447,,,Mait Kunnap,,,EST,26.724,817,29,W224,,,Rogier Wassen,R,191,NED,32.846,,,7-6(6) 7-5,3,Q1,94,11,4,77,55,41,13,12,1,2,1,6,82,54,38,14,12,6,8
2009-440,'s-Hertogenbosch,Grass,32,250,O,20090614,11,P280,,,Andrei Pavel,R,183,ROU,35.379,911,20,T749,,,Horia Tecau,R,193,ROU,24.4,,,6-3 7-6(10),3,Q1,74,8,2,67,45,40,14,11,1,1,7,7,74,44,34,14,10,6,7
2009-440,'s-Hertogenbosch,Grass,32,250,O,20090614,12,V205,,,Dusan Vemic,R,188,SRB,32.991,439,120,M021,,,Pablo Martin-Adalia,R,,ESP,21.068,499,95,6-3 6-2,3,Q1,58,8,1,48,37,30,7,9,0,0,2,2,49,24,13,16,8,2,5
2009-440,'s-Hertogenbosch,Grass,32,250,O,20090614,13,Z162,,,Holger Zuehlsdorff-Pavlovic,,,GER,30.398,1783,2,BF02,,,Philippe Brand,,,NED,21.188,,,6-3 7-5,3,Q1,81,3,11,79,45,30,18,11,7,9,1,8,63,41,26,7,10,2,6
2009-440,'s-Hertogenbosch,Grass,32,250,O,20090614,14,B896,,,Benjamin Becker,R,178,GER,27.995,83,841,BE03,,,Maxime Bonami,R,,FRA,25.588,1809,2,6-2 7-6(7),3,Q2,70,4,0,60,39,34,12,10,2,3,4,5,77,37,29,17,10,8,11
2009-440,'s-Hertogenbosch,Grass,32,250,O,20090614,15,V309,,,Kristof Vliegen,R,193,BEL,26.979,89,814,K447,,,Mait Kunnap,,,EST,26.724,817,29,6-4 6-2,3,Q2,73,10,4,52,31,27,12,9,0,0,11,5,73,46,31,9,9,4,7
2009-440,'s-Hertogenbosch,Grass,32,250,O,20090614,16,D776,,,Thiemo de Bakker,R,193,NED,20.734,204,351,P280,,,Andrei Pavel,R,183,ROU,35.379,911,20,7-6(5) 6-3,3,Q2,64,6,0,59,44,37,11,11,0,0,2,1,57,32,26,14,10,2,3
2009-440,'s-Hertogenbosch,Grass,32,250,O,20090614,17,N233,,,Dick Norman,L,203,BEL,38.289,266,246,BC35,,,Eric Butorac,L,191,USA,28.063,,,6-4 6-2,3,Q2,55,11,3,47,29,24,12,9,0,0,1,1,60,37,23,13,9,5,8
2009-440,'s-Hertogenbosch,Grass,32,250,O,20090614,18,P567,6,,Filip Prpic,R,173,SWE,27.053,325,181,C648,,,Julien Cassaigne,,,FRA,27.414,,,6-3 6-4,3,Q2,51,10,0,48,36,31,9,10,0,0,1,2,48,24,18,14,9,0,2
2009-440,'s-Hertogenbosch,Grass,32,250,O,20090614,19,A438,,,Andrew Anderson,R,193,RSA,26.185,996,15,V205,,,Dusan Vemic,R,188,SRB,32.991,439,120,6-4 6-1,3,Q2,64,2,2,49,34,26,11,8,4,4,4,2,57,40,21,9,9,2,6
2009-440,'s-Hertogenbosch,Grass,32,250,O,20090614,20,C445,,,Frantisek Cermak,R,193,CZE,32.58,768,34,K668,,,Sascha Kloer,,,GER,23.828,455,112,6-3 3-6 6-2,3,Q2,106,16,2,87,51,35,22,13,10,12,6,7,112,60,40,22,13,7,11
2009-440,'s-Hertogenbosch,Grass,32,250,O,20090614,21,L580,,,Scott Lipsky,R,185,USA,27.833,912,20,Z162,,,Holger Zuehlsdorff-Pavlovic,,,GER,30.398,1783,2,6-0 6-2,3,Q2,45,9,4,37,23,20,8,7,0,0,3,9,53,25,14,9,7,1,6
2009-440,'s-Hertogenbosch,Grass,32,250,O,20090614,22,B896,,,Benjamin Becker,R,178,GER,27.995,83,841,L580,,,Scott Lipsky,R,185,USA,27.833,912,20,6-4 3-6 6-3,3,Q3,70,15,3,71,38,32,23,14,0,1,9,5,83,47,36,22,14,2,4
2009-440,'s-Hertogenbosch,Grass,32,250,O,20090614,23,V309,,,Kristof Vliegen,R,193,BEL,26.979,89,814,A438,,,Andrew Anderson,R,193,RSA,26.185,996,15,6-1 7-5,3,Q3,66,6,4,59,38,32,12,10,2,2,3,0,50,36,23,8,9,2,5
2009-440,'s-Hertogenbosch,Grass,32,250,O,20090614,24,D776,,,Thiemo de Bakker,R,193,NED,20.734,204,351,C445,,,Frantisek Cermak,R,193,CZE,32.58,768,34,6-1 6-2,3,Q3,38,15,0,29,17,17,11,7,0,0,11,5,56,38,23,4,8,7,12
2009-440,'s-Hertogenbosch,Grass,32,250,O,20090614,25,N233,,,Dick Norman,L,203,BEL,38.289,266,246,P567,6,,Filip Prpic,R,173,SWE,27.053,325,181,6-2 7-5,3,Q3,72,17,5,62,33,26,18,10,3,3,9,5,65,39,29,9,10,4,7
2009-741,Eastbourne,Grass,32,250,O,20090614,1,BI23,,,Liam Broady,L,183,GBR,15.441,,,TB19,,,David Thomson,,,,,,,6-4 6-2,3,Q1,57,1,3,53,34,25,11,9,3,4,5,4,49,27,17,9,9,3,7
2009-741,Eastbourne,Grass,32,250,O,20090614,2,E687,,,Daniel Evans,R,175,GBR,19.061,308,195,E762,,,Ahmed El Menshawy,,,,18.283,,,6-2 6-3,3,Q1,50,5,1,46,28,22,10,8,4,5,2,3,52,29,19,7,9,3,8
2009-741,Eastbourne,Grass,32,250,O,20090614,3,H635,,,Ross Hutchins,R,191,GBR,24.307,1056,12,BI29,,,Jarryd Bant,R,183,,16.624,,,6-1 6-0,3,Q1,33,8,1,37,22,17,13,7,1,1,0,2,31,19,7,3,6,2,7
2009-741,Eastbourne,Grass,32,250,O,20090614,4,K609,,,Raven Klaasen,R,178,RSA,26.661,335,174,SK26,,,Sudanwa Sitaram,R,,IND,17.81,1538,2,6-1 6-2,3,Q1,42,3,0,37,25,21,11,8,0,0,1,1,49,42,21,2,7,3,7
2009-741,Eastbourne,Grass,32,250,O,20090614,5,K263,,,Julian Knowle,L,188,AUT,35.127,,,S480,,,Davide Sanguinetti,R,188,ITA,36.802,1333,5,6-2 4-6 6-3,3,Q1,90,10,4,94,60,41,18,14,4,6,6,6,64,39,31,10,13,0,4
2009-741,Eastbourne,Grass,32,250,O,20090614,6,MH15,,,Joshua Milton,R,,GBR,19.666,691,48,GC38,,,Oliver Golding,R,188,GBR,15.707,1865,1,6-2 6-2,3,Q1,46,4,2,44,28,21,8,8,2,4,1,8,41,23,9,5,8,2,8
2009-741,Eastbourne,Grass,32,250,O,20090614,7,MI41,,,George Morgan,R,,,16.348,,,CD30,,,Jack Carpenter,,,,17.175,1878,1,6-2 3-6 6-4,3,Q1,110,6,9,108,48,36,29,13,19,21,10,6,81,46,34,16,14,4,8
2009-741,Eastbourne,Grass,32,250,O,20090614,8,S544,1,,Vincent Spadea,R,183,USA,34.905,98,748,BI23,,,Liam Broady,L,183,GBR,15.441,,,6-1 6-3,3,Q2,50,3,2,39,27,23,8,8,1,2,2,2,44,23,13,7,8,3,8
2009-741,Eastbourne,Grass,32,250,O,20090614,9,K263,,,Julian Knowle,L,188,AUT,35.127,,,Z184,2,,Horacio Zeballos,L,188,ARG,24.131,119,649,7-6(1) 6-3,3,Q2,87,7,1,55,38,34,11,10,1,1,7,2,85,58,32,17,11,6,8
2009-741,Eastbourne,Grass,32,250,O,20090614,10,D499,,,Frank Dancevic,R,185,CAN,24.715,125,621,E687,,,Daniel Evans,R,175,GBR,19.061,308,195,6-3 6-1,3,Q2,62,2,0,49,33,22,11,8,4,5,1,1,54,40,20,5,8,3,8
2009-741,Eastbourne,Grass,32,250,O,20090614,11,K964,,,Brydan Klein,R,188,GBR,19.452,185,394,SI57,,,Daniel Smethurst,R,188,GBR,18.669,845,26,6-3 7-6(2),3,Q2,85,3,8,84,48,38,18,11,3,4,2,5,60,37,26,10,10,2,4
2009-741,Eastbourne,Grass,32,250,O,20090614,12,B929,,,Alex Bogdanovic,L,183,GBR,25.062,189,376,MI41,,,George Morgan,R,,,16.348,,,6-1 6-2,3,Q2,68,8,1,35,20,17,9,7,1,2,1,3,55,20,10,12,8,5,11
2009-741,Eastbourne,Grass,32,250,O,20090614,13,D487,6,,Lukas Dlouhy,R,185,CZE,26.182,246,280,H635,,,Ross Hutchins,R,191,GBR,24.307,1056,12,6-4 7-6(0),3,Q2,80,10,11,71,43,35,13,11,1,3,3,3,76,58,40,4,11,7,10
2009-741,Eastbourne,Grass,32,250,O,20090614,14,K609,,,Raven Klaasen,R,178,RSA,26.661,335,174,SD56,7,,Robert Smeets,L,188,AUS,23.592,252,276,6-2 6-1,3,Q2,46,7,1,44,27,22,10,7,3,3,5,6,47,19,13,8,8,5,10
2009-741,Eastbourne,Grass,32,250,O,20090614,15,I230,,,Tatsuma Ito,R,180,JPN,21.073,288,214,MH15,,,Joshua Milton,R,,GBR,19.666,691,48,7-5 7-5,3,Q2,84,3,2,76,42,31,18,12,2,4,3,1,71,44,28,15,12,1,5
2009-741,Eastbourne,Grass,32,250,O,20090614,16,I230,,,Tatsuma Ito,R,180,JPN,21.073,288,214,S544,1,,Vincent Spadea,R,183,USA,34.905,98,748,6-7(3) 7-5 6-3,3,Q3,115,8,3,95,52,43,29,17,2,2,10,5,94,53,41,25,16,2,4
2009-741,Eastbourne,Grass,32,250,O,20090614,17,D499,,,Frank Dancevic,R,185,CAN,24.715,125,621,D487,6,,Lukas Dlouhy,R,185,CZE,26.182,246,280,6-2 6-2,3,Q3,45,8,1,46,27,22,9,8,0,1,6,7,47,30,19,4,8,4,9
2009-741,Eastbourne,Grass,32,250,O,20090614,18,K964,,,Brydan Klein,R,188,GBR,19.452,185,394,K609,,,Raven Klaasen,R,178,RSA,26.661,335,174,6-7(2) 7-6(3) 7-6(4),3,Q3,163,16,4,133,96,68,21,18,7,9,6,2,135,95,65,23,18,10,12
2009-741,Eastbourne,Grass,32,250,O,20090614,19,B929,,,Alex Bogdanovic,L,183,GBR,25.062,189,376,K263,,,Julian Knowle,L,188,AUT,35.127,,,7-5 6-7(6) 7-6(1),3,Q3,136,22,6,102,66,58,20,18,2,3,14,5,109,72,55,21,18,0,2
2009-540,Wimbledon,Grass,128,G,O,20090622,1,S842,,,Andrea Stoppini,R,191,ITA,29.311,177,410,SC77,1,,Sergiy Stakhovsky,R,193,UKR,23.458,90,794,2-6 6-3 6-3,3,Q1,95,,,,,,,,,,,,,,,,,,
2009-540,Wimbledon,Grass,128,G,O,20090622,2,G511,,,Simon Greul,R,185,GER,28.192,106,692,A678,,,Kevin Anderson,R,203,RSA,23.097,157,469,7-6(3) 6-1,3,Q1,87,,,,,,,,,,,,,,,,,,
2009-540,Wimbledon,Grass,128,G,O,20090622,3,C723,3,,Flavio Cipolla,R,173,ITA,25.673,105,697,M984,,,David Marrero,R,183,ESP,29.205,224,312,6-2 7-6(1),3,Q1,87,,,,,,,,,,,,,,,,,,
2009-540,Wimbledon,Grass,128,G,O,20090622,4,K371,,,Roko Karanusic,R,183,CRO,26.795,110,676,R782,,,Julian Reister,R,188,GER,23.222,227,307,6-2 7-6(5),3,Q1,96,,,,,,,,,,,,,,,,,,
2009-540,Wimbledon,Grass,128,G,O,20090622,5,MA49,5,,Rui Machado,R,178,POR,25.199,116,649,P529,,,Giancarlo Petrazzuolo,R,,ITA,28.873,271,233,6-1 6-4,3,Q1,66,,,,,,,,,,,,,,,,,,
2009-540,Wimbledon,Grass,128,G,O,20090622,6,A410,,,Thiago Alves,R,178,BRA,27.086,118,636,SC73,,,Rogerio Dutra Silva,R,178,BRA,25.377,270,234,7-5 4-6 6-3,3,Q1,101,,,,,,,,,,,,,,,,,,
2009-540,Wimbledon,Grass,128,G,O,20090622,7,BA57,7,,Ilija Bozoljac,R,193,SRB,23.888,114,652,V207,,,Jiri Vanek,R,185,CZE,31.162,182,402,6-1 6-7(11) 6-4,3,Q1,106,,,,,,,,,,,,,,,,,,
2009-540,Wimbledon,Grass,128,G,O,20090622,8,Z184,8,,Horacio Zeballos,L,188,ARG,24.153,139,536,K667,,,Michel Koning,,,NED,25.142,232,296,6-4 7-6(4),3,Q1,67,,,,,,,,,,,,,,,,,,
2009-540,Wimbledon,Grass,128,G,O,20090622,9,U043,,,Danai Udomchoke,R,173,THA,27.863,120,631,N390,,,Frederik Nielsen,R,188,DEN,25.821,272,230,6-4 6-4,3,Q1,69,,,,,,,,,,,,,,,,,,
2009-540,Wimbledon,Grass,128,G,O,20090622,10,BC72,10,,Daniel Brands,R,196,GER,21.933,122,626,R364,,,Bjorn Rehnquist,R,175,SWE,31.461,202,346,6-3 6-2,3,Q1,68,,,,,,,,,,,,,,,,,,
2009-540,Wimbledon,Grass,128,G,O,20090622,11,C882,,,Pablo Cuevas,R,180,URU,23.472,125,611,D479,,,Sebastian Decoud,L,180,ARG,27.759,169,426,2-6 6-2 6-4,3,Q1,106,,,,,,,,,,,,,,,,,,
2009-540,Wimbledon,Grass,128,G,O,20090622,12,K596,,,Alexander Kudryavtsev,R,183,RUS,23.655,213,325,E180,12,,Mikhail Elgin,R,183,RUS,27.688,127,584,7-5 6-4,3,Q1,70,,,,,,,,,,,,,,,,,,
2009-540,Wimbledon,Grass,128,G,O,20090622,13,ME82,,,Adrian Mannarino,L,180,FRA,20.98,128,581,E212,,,Bruno Echagaray,R,183,MEX,26.125,614,61,7-6(6) 6-3,3,Q1,84,,,,,,,,,,,,,,,,,,
2009-540,Wimbledon,Grass,128,G,O,20090622,14,L386,,,Jean-Rene Lisnard,R,173,MON,29.741,229,301,D616,14,,Somdev Devvarman,R,180,IND,24.353,129,574,6-3 6-2,3,Q1,77,,,,,,,,,,,,,,,,,,
2009-540,Wimbledon,Grass,128,G,O,20090622,15,SC47,,,Go Soeda,R,178,JPN,24.794,166,434,K540,15,,Lukasz Kubot,R,191,POL,27.102,130,572,6-4 3-6 11-9,3,Q1,175,,,,,,,,,,,,,,,,,,
2009-540,Wimbledon,Grass,128,G,O,20090622,16,L799,,,Jesse Levine,L,175,CAN,21.687,133,553,G940,,,Sam Groth,R,193,AUS,21.676,248,267,6-4 6-7(3) 7-5,3,Q1,114,,,,,,,,,,,,,,,,,,
2009-540,Wimbledon,Grass,128,G,O,20090622,17,D362,,,Taylor Dent,R,188,USA,28.162,266,237,R397,17,,Olivier Rochus,R,168,BEL,28.424,112,665,6-4 6-7(2) 6-4,3,Q1,129,,,,,,,,,,,,,,,,,,
2009-540,Wimbledon,Grass,128,G,O,20090622,18,R548,,,Rajeev Ram,R,193,USA,25.262,160,461,O207,18,,Lamine Ouahab,R,185,MAR,24.498,135,549,6-4 7-6,3,Q1,98,,,,,,,,,,,,,,,,,,
2009-540,Wimbledon,Grass,128,G,O,20090622,19,F580,,,Martin Fischer,R,180,AUT,22.921,222,320,G725,19,,Santiago Giraldo,R,188,COL,21.569,134,552,6-3 3-6 6-3,3,Q1,106,,,,,,,,,,,,,,,,,,
2009-540,Wimbledon,Grass,128,G,O,20090622,20,L336,,,Harel Levy,R,185,ISR,30.88,219,321,G621,20,,Chris Guccione,L,201,AUS,23.896,141,530,5-7 7-6 6-3,3,Q1,99,,,,,,,,,,,,,,,,,,
2009-540,Wimbledon,Grass,128,G,O,20090622,21,E254,21,,Brendan Evans,R,188,USA,23.206,138,543,ME05,,,Marinko Matosevic,R,193,AUS,23.871,210,332,6-4 6-2,3,Q1,60,,,,,,,,,,,,,,,,,,
2009-540,Wimbledon,Grass,128,G,O,20090622,22,BC11,,,Sergei Bubka,R,188,UKR,22.363,192,365,R685,22,,Lukas Rosol,R,193,CZE,23.912,165,436,6-4 7-5,3,Q1,74,,,,,,,,,,,,,,,,,,
2009-540,Wimbledon,Grass,128,G,O,20090622,23,R750,23,,Pere Riba,R,183,ESP,21.207,144,507,C786,,,Kamil Capkovic,R,198,SVK,23.055,269,235,6-3 6-1,3,Q1,50,,,,,,,,,,,,,,,,,,
2009-540,Wimbledon,Grass,128,G,O,20090622,24,B804,,,Karol Beck,R,180,SVK,27.22,143,518,I145,,,Kyu Tae Im,R,185,KOR,28.457,214,325,6-3 6-2,3,Q1,63,,,,,,,,,,,,,,,,,,
2009-540,Wimbledon,Grass,128,G,O,20090622,25,H693,25,,Ricardo Hocevar,R,180,BRA,24.12,152,479,L503,,,Paolo Lorenzi,R,183,ITA,27.518,203,346,7-6(3) 3-6 6-4,3,Q1,130,,,,,,,,,,,,,,,,,,
2009-540,Wimbledon,Grass,128,G,O,20090622,26,B752,,,Stephane Bohli,R,185,SUI,25.911,180,404,P488,26,,Olivier Patience,R,180,FRA,29.243,155,472,7-5 4-6 6-4,3,Q1,109,,,,,,,,,,,,,,,,,,
2009-540,Wimbledon,Grass,128,G,O,20090622,27,F432,,,Alexander Flock,R,191,GER,26.105,244,275,T332,27,,Tomas Tenconi,R,178,ITA,28.799,149,487,1-6 6-4 9-7,3,Q1,123,,,,,,,,,,,,,,,,,,
2009-540,Wimbledon,Grass,128,G,O,20090622,28,A487,28,,Prakash Amritraj,R,188,IND,25.722,154,475,V564,,,Antonio Veic,R,180,CRO,21.342,257,254,6-3 6-4,3,Q1,63,,,,,,,,,,,,,,,,,,
2009-540,Wimbledon,Grass,128,G,O,20090622,29,B764,29,,Juan Pablo Brzezicki,R,178,ARG,27.195,156,470,A366,,,Diego Alvarez,,0,ARG,29.295,249,267,6-3 6-2,3,Q1,72,,,,,,,,,,,,,,,,,,
2009-540,Wimbledon,Grass,128,G,O,20090622,30,MH15,,,Joshua Milton,R,,GBR,19.688,702,45,SD78,30,,Alexandre Sidorenko,R,185,FRA,21.342,168,431,2-6 7-6(4) 6-1,3,Q1,90,,,,,,,,,,,,,,,,,,
2009-540,Wimbledon,Grass,128,G,O,20090622,31,H377,31,,Dominik Hrbaty,R,180,SVK,31.463,162,443,L523,,,Michael Lammer,R,185,SUI,27.244,211,327,7-6(3) 4-6 6-4,3,Q1,139,,,,,,,,,,,,,,,,,,
2009-540,Wimbledon,Grass,128,G,O,20090622,32,F444,,,Alejandro Falla,L,185,COL,25.604,178,408,Y124,32,,Donald Young,L,183,USA,19.915,159,463,6-4 6-4,3,Q1,74,,,,,,,,,,,,,,,,,,
2009-540,Wimbledon,Grass,128,G,O,20090622,33,BC65,,,Matthias Bachinger,R,188,GER,22.223,236,282,W359,,,Todd Widom,R,,USA,26.163,215,323,6-3 6-3,3,Q1,55,,,,,,,,,,,,,,,,,,
2009-540,Wimbledon,Grass,128,G,O,20090622,34,BE54,,,Ruben Bemelmans,L,183,BEL,21.437,245,274,P646,,,Carlos Poch-Gradin,L,185,ESP,26.617,259,247,7-6(9) 6-4,3,Q1,80,,,,,,,,,,,,,,,,,,
2009-540,Wimbledon,Grass,128,G,O,20090622,35,C582,,,Marco Chiudinelli,R,185,SUI,27.781,209,335,SI57,,,Daniel Smethurst,R,188,GBR,18.691,835,26,7-6(4) 6-4,3,Q1,107,,,,,,,,,,,,,,,,,,
2009-540,Wimbledon,Grass,128,G,O,20090622,36,CB14,,,Daniel Cox,R,170,GBR,18.732,623,59,N349,,,Conor Niland,R,185,IRL,27.756,262,244,6-3 1-6 8-6,3,Q1,134,,,,,,,,,,,,,,,,,,
2009-540,Wimbledon,Grass,128,G,O,20090622,37,C968,,,Marco Crugnola,R,188,ITA,26.081,176,414,ME89,,,Illya Marchenko,R,185,UKR,21.788,253,259,6-3 2-6 7-5,3,Q1,143,,,,,,,,,,,,,,,,,,
2009-540,Wimbledon,Grass,128,G,O,20090622,38,D351,,,Sebastien De Chaunac,R,183,FRA,31.707,193,361,V195,,,Fernando Vicente,R,180,ESP,32.29,254,257,6-3 6-1,3,Q1,84,,,,,,,,,,,,,,,,,,
2009-540,Wimbledon,Grass,128,G,O,20090622,39,D617,,,Ryler DeHeart,L,183,USA,25.467,230,297,F392,,,Marcel Felder,R,,URU,24.953,304,197,6-2 6-3,3,Q1,61,,,,,,,,,,,,,,,,,,
2009-540,Wimbledon,Grass,128,G,O,20090622,40,F433,,,Franco Ferreiro,R,188,BRA,24.975,208,335,D353,,,Jose De Armas,R,,VEN,28.244,255,257,6-4 6-1,3,Q1,57,,,,,,,,,,,,,,,,,,
2009-540,Wimbledon,Grass,128,G,O,20090622,41,G822,,,Riccardo Ghedin,R,185,ITA,23.546,268,235,V379,,,Izak Van der Merwe,R,196,RSA,25.405,234,284,5-2 RET,3,Q1,31,,,,,,,,,,,,,,,,,,
2009-540,Wimbledon,Grass,128,G,O,20090622,42,G551,,,Santiago Gonzalez,R,191,MEX,26.324,228,304,L430,,,Giovanni Lapentti,R,193,ECU,26.407,163,440,7-6(5) 4-6 6-3,3,Q1,134,,,,,,,,,,,,,,,,,,
2009-540,Wimbledon,Grass,128,G,O,20090622,43,G527,,,Luka Gregorc,R,188,SLO,25.352,195,355,MD50,,,Andre Miele,R,,BRA,22.196,281,217,6-4 6-4,3,Q1,71,,,,,,,,,,,,,,,,,,
2009-540,Wimbledon,Grass,128,G,O,20090622,44,H804,,,Andreas Haider-Maurer,R,191,AUT,22.253,233,294,D646,,,Ivan Dodig,R,183,CRO,24.468,200,347,6-4 6-4,3,Q1,67,,,,,,,,,,,,,,,,,,
2009-540,Wimbledon,Grass,128,G,O,20090622,45,K839,,,Tobias Kamke,R,178,GER,23.088,301,200,MA36,,,Gabriel Moraru,R,180,ROU,27.398,264,242,7-5 1-0 RET,3,Q1,61,,,,,,,,,,,,,,,,,,
2009-540,Wimbledon,Grass,128,G,O,20090622,46,K834,,,Blaz Kavcic,R,188,SLO,22.3,187,374,SD56,,,Robert Smeets,L,188,AUS,23.614,243,276,3-6 6-1 6-4,3,Q1,87,,,,,,,,,,,,,,,,,,
2009-540,Wimbledon,Grass,128,G,O,20090622,47,K436,,,Dieter Kindlmann,R,183,GER,27.053,205,343,B977,,,Richard Bloomfield,R,185,GBR,26.155,314,183,6-4 6-0,3,Q1,70,,,,,,,,,,,,,,,,,,
2009-540,Wimbledon,Grass,128,G,O,20090622,48,L797,,,Lukas Lacko,R,188,SVK,21.634,201,347,SG87,,,Ryan Sweeting,R,196,USA,21.941,164,436,1-6 6-3 6-4,3,Q1,98,,,,,,,,,,,,,,,,,,
2009-540,Wimbledon,Grass,128,G,O,20090622,49,L515,,,Peter Luczak,R,183,AUS,29.81,158,468,P605,,,Jaroslav Pospisil,R,175,CZE,28.364,302,200,6-3 6-2,3,Q1,70,,,,,,,,,,,,,,,,,,
2009-540,Wimbledon,Grass,128,G,O,20090622,50,M680,,,Xavier Malisse,R,185,BEL,28.925,170,425,D424,,,Rik De Voest,R,180,RSA,29.046,206,337,7-6(3) 7-6(6),3,Q1,109,,,,,,,,,,,,,,,,,,
2009-540,Wimbledon,Grass,128,G,O,20090622,51,M836,,,Dominik Meffert,R,196,GER,28.203,194,356,G372,,,Stefano Galvani,R,175,ITA,32.052,226,307,7-5 6-4,3,Q1,91,,,,,,,,,,,,,,,,,,
2009-540,Wimbledon,Grass,128,G,O,20090622,52,M915,,,Daniel Munoz de la Nava,L,175,ESP,27.395,167,433,M708,,,Ricardo Mello,L,175,BRA,28.501,196,353,7-5 5-7 6-3,3,Q1,110,,,,,,,,,,,,,,,,,,
2009-540,Wimbledon,Grass,128,G,O,20090622,53,P467,,,Alexander Peya,R,183,AUT,28.986,197,352,SG64,,,Joao Souza,R,193,BRA,21.07,223,315,6-4 4-6 6-2,3,Q1,84,,,,,,,,,,,,,,,,,,
2009-540,Wimbledon,Grass,128,G,O,20090622,54,P491,,,Kristian Pless,R,188,DEN,28.364,324,177,K771,,,Marsel Ilhan,R,191,TUR,22.031,186,384,7-6(5) 4-6 6-4,3,Q1,113,,,,,,,,,,,,,,,,,,
2009-540,Wimbledon,Grass,128,G,O,20090622,55,R612,,,Stephane Robert,R,185,FRA,29.098,183,391,E673,,,Chris Eaton,R,,GBR,21.569,318,181,6-4 6-2,3,Q1,60,,,,,,,,,,,,,,,,,,
2009-540,Wimbledon,Grass,128,G,O,20090622,56,R613,,,Edouard Roger-Vasselin,R,185,FRA,25.566,172,425,J290,,,Scoville Jenkins,R,188,USA,22.746,221,320,6-7(4) 6-3 6-0,3,Q1,99,,,,,,,,,,,,,,,,,,
2009-540,Wimbledon,Grass,128,G,O,20090622,57,S673,,,Joseph Sirianni,R,178,AUS,34.428,256,255,S799,,,Pavel Snobel,L,191,CZE,29.314,212,326,6-4 3-6 6-1,3,Q1,85,,,,,,,,,,,,,,,,,,
2009-540,Wimbledon,Grass,128,G,O,20090622,58,SE83,,,Alexander Slabinsky,R,185,GBR,23.296,383,143,C666,,,Adrian Cruciat,R,,ROU,26.229,273,230,6-4 6-4,3,Q1,68,,,,,,,,,,,,,,,,,,
2009-540,Wimbledon,Grass,128,G,O,20090622,59,TA46,,,Bernard Tomic,R,196,AUS,16.668,354,164,B842,,,Alex Bogomolov Jr.,R,178,RUS,26.166,179,406,7-6(5) 7-6(1),3,Q1,94,,,,,,,,,,,,,,,,,,
2009-540,Wimbledon,Grass,128,G,O,20090622,60,W361,,,Sam Warburg,R,191,USA,26.149,217,322,U061,,,Adrian Ungur,R,178,ROU,24.413,332,172,7-6(4) 7-5,3,Q1,102,,,,,,,,,,,,,,,,,,
2009-540,Wimbledon,Grass,128,G,O,20090622,61,W521,,,Marcus Willis,L,191,GBR,18.702,818,28,D438,,,Amer Delic,R,196,BIH,26.979,181,403,7-6(7) 7-6(6),3,Q1,98,,,,,,,,,,,,,,,,,,
2009-540,Wimbledon,Grass,128,G,O,20090622,62,Y070,,,Michael Yani,R,185,USA,28.474,251,266,L480,,,Marc Lopez,R,175,ESP,26.894,276,224,6-1 6-1,3,Q1,48,,,,,,,,,,,,,,,,,,
2009-540,Wimbledon,Grass,128,G,O,20090622,63,Z198,,,Caio Zampieri,R,183,BRA,23.072,239,279,A674,,,Juan-Pablo Amado,R,0,ARG,23.222,240,279,6-2 6-2,3,Q1,74,,,,,,,,,,,,,,,,,,
2009-540,Wimbledon,Grass,128,G,O,20090622,64,Z189,,,Grega Zemlja,R,183,SLO,22.73,218,322,E224,,,Victor Estrella Burgos,R,170,DOM,28.887,247,267,6-4 6-2,3,Q1,62,,,,,,,,,,,,,,,,,,
2009-540,Wimbledon,Grass,128,G,O,20090622,65,G511,,,Simon Greul,R,185,GER,28.192,106,692,M836,,,Dominik Meffert,R,196,GER,28.203,194,356,6-4 7-5,3,Q2,86,,,,,,,,,,,,,,,,,,
2009-540,Wimbledon,Grass,128,G,O,20090622,66,M915,,,Daniel Munoz de la Nava,L,175,ESP,27.395,167,433,C723,3,,Flavio Cipolla,R,173,ITA,25.673,105,697,7-6(6) 5-7 8-6,3,Q2,174,,,,,,,,,,,,,,,,,,
2009-540,Wimbledon,Grass,128,G,O,20090622,67,K371,,,Roko Karanusic,R,183,CRO,26.795,110,676,SE83,,,Alexander Slabinsky,R,185,GBR,23.296,383,143,7-6(4) 6-1,3,Q2,70,,,,,,,,,,,,,,,,,,
2009-540,Wimbledon,Grass,128,G,O,20090622,68,L797,,,Lukas Lacko,R,188,SVK,21.634,201,347,MA49,5,,Rui Machado,R,178,POR,25.199,116,649,1-6 6-2 8-6,3,Q2,122,,,,,,,,,,,,,,,,,,
2009-540,Wimbledon,Grass,128,G,O,20090622,69,A410,,,Thiago Alves,R,178,BRA,27.086,118,636,K839,,,Tobias Kamke,R,178,GER,23.088,301,200,6-4 7-5,3,Q2,82,,,,,,,,,,,,,,,,,,
2009-540,Wimbledon,Grass,128,G,O,20090622,70,D351,,,Sebastien De Chaunac,R,183,FRA,31.707,193,361,BA57,7,,Ilija Bozoljac,R,193,SRB,23.888,114,652,6-3 7-6(3),3,Q2,93,,,,,,,,,,,,,,,,,,
2009-540,Wimbledon,Grass,128,G,O,20090622,71,R613,,,Edouard Roger-Vasselin,R,185,FRA,25.566,172,425,Z184,8,,Horacio Zeballos,L,188,ARG,24.153,139,536,7-6(4) 6-3,3,Q2,95,,,,,,,,,,,,,,,,,,
2009-540,Wimbledon,Grass,128,G,O,20090622,72,U043,,,Danai Udomchoke,R,173,THA,27.863,120,631,H804,,,Andreas Haider-Maurer,R,191,AUT,22.253,233,294,4-6 6-4 8-6,3,Q2,134,,,,,,,,,,,,,,,,,,
2009-540,Wimbledon,Grass,128,G,O,20090622,73,BE54,,,Ruben Bemelmans,L,183,BEL,21.437,245,274,BC72,10,,Daniel Brands,R,196,GER,21.933,122,626,6-3 7-6(3),3,Q2,70,,,,,,,,,,,,,,,,,,
2009-540,Wimbledon,Grass,128,G,O,20090622,74,C882,,,Pablo Cuevas,R,180,URU,23.472,125,611,D617,,,Ryler DeHeart,L,183,USA,25.467,230,297,6-2 5-7 6-4,3,Q2,92,,,,,,,,,,,,,,,,,,
2009-540,Wimbledon,Grass,128,G,O,20090622,75,ME82,,,Adrian Mannarino,L,180,FRA,20.98,128,581,R612,,,Stephane Robert,R,185,FRA,29.098,183,391,2-6 6-3 6-4,3,Q2,97,,,,,,,,,,,,,,,,,,
2009-540,Wimbledon,Grass,128,G,O,20090622,76,L799,,,Jesse Levine,L,175,CAN,21.687,133,553,K436,,,Dieter Kindlmann,R,183,GER,27.053,205,343,6-2 6-3,3,Q2,64,,,,,,,,,,,,,,,,,,
2009-540,Wimbledon,Grass,128,G,O,20090622,77,G527,,,Luka Gregorc,R,188,SLO,25.352,195,355,E254,21,,Brendan Evans,R,188,USA,23.206,138,543,6-4 0-6 16-14,3,Q2,148,,,,,,,,,,,,,,,,,,
2009-540,Wimbledon,Grass,128,G,O,20090622,78,C968,,,Marco Crugnola,R,188,ITA,26.081,176,414,R750,23,,Pere Riba,R,183,ESP,21.207,144,507,7-6(3) 6-3,3,Q2,86,,,,,,,,,,,,,,,,,,
2009-540,Wimbledon,Grass,128,G,O,20090622,79,B804,,,Karol Beck,R,180,SVK,27.22,143,518,F433,,,Franco Ferreiro,R,188,BRA,24.975,208,335,7-5 6-7(3) 6-2,3,Q2,142,,,,,,,,,,,,,,,,,,
2009-540,Wimbledon,Grass,128,G,O,20090622,80,Z198,,,Caio Zampieri,R,183,BRA,23.072,239,279,H693,25,,Ricardo Hocevar,R,180,BRA,24.12,152,479,6-4 6-4,3,Q2,72,,,,,,,,,,,,,,,,,,
2009-540,Wimbledon,Grass,128,G,O,20090622,81,A487,28,,Prakash Amritraj,R,188,IND,25.722,154,475,CB14,,,Daniel Cox,R,170,GBR,18.732,623,59,6-3 6-3,3,Q2,82,,,,,,,,,,,,,,,,,,
2009-540,Wimbledon,Grass,128,G,O,20090622,82,TA46,,,Bernard Tomic,R,196,AUS,16.668,354,164,B764,29,,Juan Pablo Brzezicki,R,178,ARG,27.195,156,470,6-3 6-3,3,Q2,48,,,,,,,,,,,,,,,,,,
2009-540,Wimbledon,Grass,128,G,O,20090622,83,G551,,,Santiago Gonzalez,R,191,MEX,26.324,228,304,H377,31,,Dominik Hrbaty,R,180,SVK,31.463,162,443,6-4 6-4,3,Q2,58,,,,,,,,,,,,,,,,,,
2009-540,Wimbledon,Grass,128,G,O,20090622,84,BC65,,,Matthias Bachinger,R,188,GER,22.223,236,282,F432,,,Alexander Flock,R,191,GER,26.105,244,275,6-3 7-5,3,Q2,79,,,,,,,,,,,,,,,,,,
2009-540,Wimbledon,Grass,128,G,O,20090622,85,D362,,,Taylor Dent,R,188,USA,28.162,266,237,L515,,,Peter Luczak,R,183,AUS,29.81,158,468,7-6(4) 6-3,3,Q2,84,,,,,,,,,,,,,,,,,,
2009-540,Wimbledon,Grass,128,G,O,20090622,86,F444,,,Alejandro Falla,L,185,COL,25.604,178,408,C582,,,Marco Chiudinelli,R,185,SUI,27.781,209,335,4-6 6-4 15-13,3,Q2,208,,,,,,,,,,,,,,,,,,
2009-540,Wimbledon,Grass,128,G,O,20090622,87,F580,,,Martin Fischer,R,180,AUT,22.921,222,320,P491,,,Kristian Pless,R,188,DEN,28.364,324,177,6-2 6-4,3,Q2,59,,,,,,,,,,,,,,,,,,
2009-540,Wimbledon,Grass,128,G,O,20090622,88,G822,,,Riccardo Ghedin,R,185,ITA,23.546,268,235,K596,,,Alexander Kudryavtsev,R,183,RUS,23.655,213,325,5-7 7-6(3) 6-2,3,Q2,121,,,,,,,,,,,,,,,,,,
2009-540,Wimbledon,Grass,128,G,O,20090622,89,K834,,,Blaz Kavcic,R,188,SLO,22.3,187,374,B752,,,Stephane Bohli,R,185,SUI,25.911,180,404,6-4 6-4,3,Q2,83,,,,,,,,,,,,,,,,,,
2009-540,Wimbledon,Grass,128,G,O,20090622,90,M680,,,Xavier Malisse,R,185,BEL,28.925,170,425,L336,,,Harel Levy,R,185,ISR,30.88,219,321,6-0 3-6 6-3,3,Q2,86,,,,,,,,,,,,,,,,,,
2009-540,Wimbledon,Grass,128,G,O,20090622,91,P467,,,Alexander Peya,R,183,AUT,28.986,197,352,MH15,,,Joshua Milton,R,,GBR,19.688,702,45,3-6 6-4 6-2,3,Q2,84,,,,,,,,,,,,,,,,,,
2009-540,Wimbledon,Grass,128,G,O,20090622,92,R548,,,Rajeev Ram,R,193,USA,25.262,160,461,W361,,,Sam Warburg,R,191,USA,26.149,217,322,6-3 6-2,3,Q2,65,,,,,,,,,,,,,,,,,,
2009-540,Wimbledon,Grass,128,G,O,20090622,93,S673,,,Joseph Sirianni,R,178,AUS,34.428,256,255,L386,,,Jean-Rene Lisnard,R,173,MON,29.741,229,301,6-4 6-4,3,Q2,86,,,,,,,,,,,,,,,,,,
2009-540,Wimbledon,Grass,128,G,O,20090622,94,S842,,,Andrea Stoppini,R,191,ITA,29.311,177,410,W521,,,Marcus Willis,L,191,GBR,18.702,818,28,6-2 6-4,3,Q2,65,,,,,,,,,,,,,,,,,,
2009-540,Wimbledon,Grass,128,G,O,20090622,95,Y070,,,Michael Yani,R,185,USA,28.474,251,266,SC47,,,Go Soeda,R,178,JPN,24.794,166,434,6-2 7-6(5),3,Q2,83,,,,,,,,,,,,,,,,,,
2009-540,Wimbledon,Grass,128,G,O,20090622,96,Z189,,,Grega Zemlja,R,183,SLO,22.73,218,322,BC11,,,Sergei Bubka,R,188,UKR,22.363,192,365,6-3 6-7(4) 6-4,3,Q2,103,,,,,,,,,,,,,,,,,,
2009-540,Wimbledon,Grass,128,G,O,20090622,97,G511,,,Simon Greul,R,185,GER,28.192,106,692,B804,,,Karol Beck,R,180,SVK,27.22,143,518,5-7 7-6(6) 6-2 7-6(5),5,Q3,216,,,,,,,,,,,,,,,,,,
2009-540,Wimbledon,Grass,128,G,O,20090622,98,K371,,,Roko Karanusic,R,183,CRO,26.795,110,676,F580,,,Martin Fischer,R,180,AUT,22.921,222,320,6-2 6-4 4-6 6-3,5,Q3,149,,,,,,,,,,,,,,,,,,
2009-540,Wimbledon,Grass,128,G,O,20090622,99,P467,,,Alexander Peya,R,183,AUT,28.986,197,352,A410,,,Thiago Alves,R,178,BRA,27.086,118,636,7-6(4) 6-1 6-1,5,Q3,94,,,,,,,,,,,,,,,,,,
2009-540,Wimbledon,Grass,128,G,O,20090622,100,Z189,,,Grega Zemlja,R,183,SLO,22.73,218,322,U043,,,Danai Udomchoke,R,173,THA,27.863,120,631,6-4 7-6(4) 6-4,5,Q3,121,,,,,,,,,,,,,,,,,,
2009-540,Wimbledon,Grass,128,G,O,20090622,101,D362,,,Taylor Dent,R,188,USA,28.162,266,237,C882,,,Pablo Cuevas,R,180,URU,23.472,125,611,6-3 7-5 6-7(7) 6-3,5,Q3,153,,,,,,,,,,,,,,,,,,
2009-540,Wimbledon,Grass,128,G,O,20090622,102,ME82,,,Adrian Mannarino,L,180,FRA,20.98,128,581,K834,,,Blaz Kavcic,R,188,SLO,22.3,187,374,6-3 6-2 7-6(6),5,Q3,123,,,,,,,,,,,,,,,,,,
2009-540,Wimbledon,Grass,128,G,O,20090622,103,L799,,,Jesse Levine,L,175,CAN,21.687,133,553,BC65,,,Matthias Bachinger,R,188,GER,22.223,236,282,6-2 7-5 6-2,5,Q3,86,,,,,,,,,,,,,,,,,,
2009-540,Wimbledon,Grass,128,G,O,20090622,104,Y070,,,Michael Yani,R,185,USA,28.474,251,266,A487,28,,Prakash Amritraj,R,188,IND,25.722,154,475,3-6 7-5 6-3 6-4,5,Q3,154,,,,,,,,,,,,,,,,,,
2009-540,Wimbledon,Grass,128,G,O,20090622,105,F444,,,Alejandro Falla,L,185,COL,25.604,178,408,D351,,,Sebastien De Chaunac,R,183,FRA,31.707,193,361,6-4 6-4 6-4,5,Q3,111,,,,,,,,,,,,,,,,,,
2009-540,Wimbledon,Grass,128,G,O,20090622,106,G822,,,Riccardo Ghedin,R,185,ITA,23.546,268,235,C968,,,Marco Crugnola,R,188,ITA,26.081,176,414,7-6(6) 6-3 6-1,5,Q3,115,,,,,,,,,,,,,,,,,,
2009-540,Wimbledon,Grass,128,G,O,20090622,107,G551,,,Santiago Gonzalez,R,191,MEX,26.324,228,304,BE54,,,Ruben Bemelmans,L,183,BEL,21.437,245,274,6-3 6-3 7-6(8),5,Q3,120,,,,,,,,,,,,,,,,,,
2009-540,Wimbledon,Grass,128,G,O,20090622,108,G527,,,Luka Gregorc,R,188,SLO,25.352,195,355,S673,,,Joseph Sirianni,R,178,AUS,34.428,256,255,6-4 6-4 7-5,5,Q3,111,,,,,,,,,,,,,,,,,,
2009-540,Wimbledon,Grass,128,G,O,20090622,109,L797,,,Lukas Lacko,R,188,SVK,21.634,201,347,Z198,,,Caio Zampieri,R,183,BRA,23.072,239,279,6-2 6-4 6-2,5,Q3,75,,,,,,,,,,,,,,,,,,
2009-540,Wimbledon,Grass,128,G,O,20090622,110,M680,,,Xavier Malisse,R,185,BEL,28.925,170,425,M915,,,Daniel Munoz de la Nava,L,175,ESP,27.395,167,433,6-3 7-6(2) 6-0,5,Q3,108,,,,,,,,,,,,,,,,,,
2009-540,Wimbledon,Grass,128,G,O,20090622,111,R548,,,Rajeev Ram,R,193,USA,25.262,160,461,S842,,,Andrea Stoppini,R,191,ITA,29.311,177,410,6-4 6-2 6-4,5,Q3,92,,,,,,,,,,,,,,,,,,
2009-540,Wimbledon,Grass,128,G,O,20090622,112,R613,,,Edouard Roger-Vasselin,R,185,FRA,25.566,172,425,TA46,,,Bernard Tomic,R,196,AUS,16.668,354,164,7-6(1) 6-4 6-0,5,Q3,103,,,,,,,,,,,,,,,,,,
2009-315,Newport,Grass,32,250,O,20090706,1,M708,,,Ricardo Mello,L,175,BRA,28.539,204,345,SM67,,,Christian W. Schultz,,,USA,18.634,,,6-2 6-2,3,Q1,47,3,0,41,32,27,7,8,0,0,1,3,49,28,17,7,8,4,8
2009-315,Newport,Grass,32,250,O,20090706,2,P467,,,Alexander Peya,R,183,AUT,29.024,203,347,R977,,,Matt Reid,R,183,AUS,18.971,708,41,6-7(5) 6-4 6-0,3,Q1,103,11,5,90,52,37,23,14,4,6,3,4,90,48,30,17,14,2,8
2009-315,Newport,Grass,32,250,O,20090706,3,D424,,,Rik De Voest,R,180,RSA,29.084,216,321,K257,,,Michael Kohlmann,R,188,GER,35.483,1297,5,4-6 7-6(2) 6-2,3,Q1,112,12,9,118,76,54,23,15,12,14,8,4,88,45,32,23,15,2,5
2009-315,Newport,Grass,32,250,O,20090706,4,G940,,,Sam Groth,R,193,AUS,21.714,266,225,E673,,,Chris Eaton,R,,GBR,21.607,533,81,7-6(4) 6-3,3,Q1,70,16,1,54,32,30,14,10,0,0,3,4,67,41,29,13,11,3,5
2009-315,Newport,Grass,32,250,O,20090706,5,L836,,,Nick Lindahl,R,183,AUS,20.931,293,193,J239,,,Damar Johnson,,,JAM,25.451,,,6-4 6-3,3,Q1,70,7,0,46,25,22,16,9,2,2,1,1,78,53,35,10,10,6,9
2009-315,Newport,Grass,32,250,O,20090706,6,M747,,,Frank Moser,R,196,GER,32.783,,,P324,,,Sebastian Prieto,R,180,ARG,34.133,,,7-5 6-3,3,Q1,55,8,4,54,34,30,10,10,0,0,8,4,56,27,21,15,11,1,4
2009-315,Newport,Grass,32,250,O,20090706,7,Q019,,,Aisam-Ul-Haq Qureshi,R,183,PAK,29.303,288,200,L580,,,Scott Lipsky,R,185,USA,27.893,,,6-3 7-6(3),3,Q1,77,17,3,68,44,38,12,11,1,1,7,3,64,31,21,19,10,2,3
2009-315,Newport,Grass,32,250,O,20090706,8,SD23,,,Artem Sitak,R,185,NZL,23.406,484,95,G811,,,Jamie Gresh,,,USA,29.358,1689,2,6-4 6-3,3,Q1,80,6,4,58,32,27,11,9,4,5,0,6,51,28,20,8,10,0,4
2009-315,Newport,Grass,32,250,O,20090706,9,T957,,,Nathan Thompson,,,USA,26.554,446,110,PB27,,,Todd Paul,L,180,USA,23.526,598,63,1-6 7-6(5) 6-3,3,Q1,98,7,4,76,41,33,18,13,8,11,6,4,111,71,49,18,15,7,10
2009-315,Newport,Grass,32,250,O,20090706,10,V379,,,Izak Van der Merwe,R,196,RSA,25.443,252,244,M815,,,Toshihide Matsui,R,178,JPN,31.214,416,122,6-2 7-5,3,Q1,72,6,3,52,27,21,19,10,2,3,6,7,68,46,30,8,10,7,11
2009-315,Newport,Grass,32,250,O,20090706,11,R548,,,Rajeev Ram,R,193,USA,25.3,181,392,L836,,,Nick Lindahl,R,183,AUS,20.931,293,193,7-6(4) 6-3,3,Q2,81,9,1,57,35,31,18,11,0,0,12,4,78,48,38,12,10,6,7
2009-315,Newport,Grass,32,250,O,20090706,12,S944,2,,Simon Stadler,L,183,GER,25.963,231,276,SD23,,,Artem Sitak,R,185,NZL,23.406,484,95,6-2 6-1,3,Q2,44,0,0,41,34,23,4,7,1,2,2,7,45,18,12,4,8,2,8
2009-315,Newport,Grass,32,250,O,20090706,13,SC47,3,,Go Soeda,R,178,JPN,24.832,176,408,M747,,,Frank Moser,R,196,GER,32.783,,,6-3 7-6(5),3,Q2,79,3,2,71,42,32,17,10,1,2,7,1,82,59,42,8,11,3,6
2009-315,Newport,Grass,32,250,O,20090706,14,S842,4,,Andrea Stoppini,R,191,ITA,29.35,170,424,Q019,,,Aisam-Ul-Haq Qureshi,R,183,PAK,29.303,288,200,6-7(5) 7-6(6) RET,3,Q2,129,4,4,79,43,35,17,12,3,5,16,7,103,65,50,13,12,5,7
2009-315,Newport,Grass,32,250,O,20090706,15,F444,,,Alejandro Falla,L,185,COL,25.643,168,433,T957,,,Nathan Thompson,,,USA,26.554,446,110,6-2 7-5,3,Q2,96,4,6,95,52,30,24,10,17,19,7,9,70,39,21,12,10,4,9
2009-315,Newport,Grass,32,250,O,20090706,16,G940,,,Sam Groth,R,193,AUS,21.714,266,225,G744,6,,Josh Goodall,R,188,GBR,23.718,192,366,6-3 6-4,3,Q2,66,16,2,48,25,25,16,10,1,1,2,4,66,32,21,18,9,4,6
2009-315,Newport,Grass,32,250,O,20090706,17,M708,,,Ricardo Mello,L,175,BRA,28.539,204,345,D424,,,Rik De Voest,R,180,RSA,29.084,216,321,7-6(5) 7-5,3,Q2,88,3,4,76,50,37,12,12,1,3,6,2,85,58,42,12,12,7,10
2009-315,Newport,Grass,32,250,O,20090706,18,P467,,,Alexander Peya,R,183,AUT,29.024,203,347,V379,,,Izak Van der Merwe,R,196,RSA,25.443,252,244,6-3 6-4,3,Q2,54,9,1,56,33,27,15,10,1,1,4,0,46,34,21,10,9,0,2
2009-315,Newport,Grass,32,250,O,20090706,19,M708,,,Ricardo Mello,L,175,BRA,28.539,204,345,R548,,,Rajeev Ram,R,193,USA,25.3,181,392,W/O,3,Q3,,,,,,,,,,,,,,,,,,,
2009-315,Newport,Grass,32,250,O,20090706,20,G940,,,Sam Groth,R,193,AUS,21.714,266,225,S944,2,,Simon Stadler,L,183,GER,25.963,231,276,7-6(9) 6-4,3,Q3,81,11,5,70,40,36,18,11,0,0,1,2,80,58,44,10,11,2,3
2009-315,Newport,Grass,32,250,O,20090706,21,P467,,,Alexander Peya,R,183,AUT,29.024,203,347,SC47,3,,Go Soeda,R,178,JPN,24.832,176,408,6-3 6-1,3,Q3,67,2,2,55,27,24,14,8,4,4,1,2,64,41,21,11,8,5,9
2009-315,Newport,Grass,32,250,O,20090706,22,F444,,,Alejandro Falla,L,185,COL,25.643,168,433,S842,4,,Andrea Stoppini,R,191,ITA,29.35,170,424,4-6 6-0 7-6(6),3,Q3,109,3,5,86,44,34,20,14,1,4,7,6,98,55,38,18,14,9,14
2009-316,Bastad,Clay,28,250,O,20090713,1,104443,4,,Lamine Ouahab,R,185,MAR,24.556,142,501,110255,,,Robert Gustafsson,,,SWE,29.569,1231,6,6-3 6-2,3,Q1,68,1,2,52,32,23,11,8,2,3,0,4,58,35,18,8,8,2,6
2009-316,Bastad,Clay,28,250,O,20090713,2,103429,,,Peter Luczak,R,183,AUS,29.867,145,481,110256,,,Tobias Blomgren,,,,,,,6-2 6-2,3,Q1,55,3,0,42,25,20,10,8,0,0,1,2,48,30,14,7,7,3,7
2009-316,Bastad,Clay,28,250,O,20090713,3,104884,,,Ervin Eleskovic,R,,SWE,22.182,588,64,103126,6,,Bjorn Rehnquist,R,175,SWE,31.518,261,220,6-4 7-6(3),3,Q1,102,6,2,78,48,36,14,11,4,6,3,5,84,52,32,12,11,5,8
2009-316,Bastad,Clay,28,250,O,20090713,4,104441,,,Erling Tveit,L,,NOR,24.539,727,36,102524,7,,Joseph Sirianni,R,178,AUS,34.486,226,269,6-3 6-2,3,Q1,72,5,1,54,32,24,12,9,2,3,2,6,62,38,18,9,8,3,7
2009-316,Bastad,Clay,28,250,O,20090713,5,103908,8,,Filip Prpic,R,173,SWE,27.132,313,176,110257,,,Jeffrey Mira Svensson,,,,,1348,4,7-5 6-2,3,Q1,84,2,3,68,44,30,12,11,3,5,1,4,72,42,22,10,9,4,8
2009-316,Bastad,Clay,28,250,O,20090713,6,105443,,,Markus Eriksson,R,188,SWE,19.619,1017,13,110258,,,Anders Lindstrom,,,,,1185,8,6-3 7-6(5),3,Q1,96,4,2,72,45,32,14,11,4,6,2,5,78,48,28,10,11,5,9
2009-316,Bastad,Clay,28,250,O,20090713,7,105151,,,Tim Goransson,,,SWE,21.298,507,84,104993,,,Carl Bergman,,,,,861,22,6-1 6-1,3,Q1,52,3,1,40,24,20,10,8,0,0,1,3,44,28,12,6,7,2,7
2009-316,Bastad,Clay,28,250,O,20090713,8,105870,,,Christian Lindell,R,193,SWE,17.645,1327,4,110259,,,Daniel Kumlin,,,,,1192,7,6-2 6-4,3,Q1,72,4,2,58,35,26,12,9,3,4,2,3,62,38,22,9,9,2,6
2009-316,Bastad,Clay,28,250,O,20090713,9,110260,,,David Nord,,,,,1820,1,104107,,,Rickard Holmstrom,,,,,1334,4,3-6 7-5 7-6(6),3,Q1,152,4,5,115,70,45,22,16,9,14,5,6,118,68,42,24,16,6,11
2009-316,Bastad,Clay,28,250,O,20090713,10,104312,,,Michal Przysiezny,R,185,POL,25.405,573,66,110265,,,Jonas Pontus Norberg,,,,,1553,2,6-3 6-2,3,Q1,62,4,2,48,30,22,10,8,1,2,1,3,54,32,16,8,8,3,7
2009-316,Bastad,Clay,28,250,O,20090713,11,105165,,,Patrik Rosenholm,R,178,SWE,21.355,735,35,105018,,,Andrew Coelho,L,180,AUS,21.78,391,129,7-6(4) 3-6 7-5,3,Q1,155,5,6,112,68,46,21,16,8,13,7,4,108,62,40,22,16,5,10
2009-316,Bastad,Clay,28,250,O,20090713,12,105451,,,Milos Sekulic,R,178,SWE,19.688,1123,9,110263,,,Patrik Brydolf,,,,,1553,2,6-3 7-6(5),3,Q1,94,3,3,78,48,34,16,10,3,5,2,4,82,51,30,14,11,6,10
2009-316,Bastad,Clay,28,250,O,20090713,13,104610,,,Adam Vejmelka,,,CZE,23.825,370,139,110264,,,Jesper Brunstrom,,,,,1854,1,6-1 6-3,3,Q1,58,4,1,46,29,23,10,8,1,2,1,2,50,30,15,8,8,2,6
2009-316,Bastad,Clay,28,250,O,20090713,14,103819,,,Potito Starace,R,188,ITA,27.997,65,895,105870,,,Christian Lindell,R,193,SWE,17.645,1327,4,6-3 6-3,3,Q2,74,2,1,54,35,26,12,9,2,3,1,3,58,38,20,9,9,4,8
2009-316,Bastad,Clay,28,250,O,20090713,15,104571,,,Daniel Gimeno-Traver,R,183,ESP,23.932,91,729,105443,,,Markus Eriksson,R,188,SWE,19.619,1017,13,6-2 7-5,3,Q2,88,4,2,68,42,31,14,10,3,4,2,4,72,45,26,11,10,5,9
2009-316,Bastad,Clay,28,250,O,20090713,16,103082,,,Guillermo Canas,R,185,ARG,31.63,151,452,104312,,,Michal Przysiezny,R,185,POL,25.405,573,66,7-6(9) 6-3,3,Q2,108,3,2,76,49,35,14,11,6,8,5,4,80,52,34,12,10,7,10
2009-316,Bastad,Clay,28,250,O,20090713,17,104443,4,,Lamine Ouahab,R,185,MAR,24.556,142,501,105165,,,Patrik Rosenholm,R,178,SWE,21.355,735,35,6-4 6-2,3,Q2,76,2,1,58,36,26,13,9,2,3,1,3,62,38,21,9,9,4,8
2009-316,Bastad,Clay,28,250,O,20090713,18,103429,,,Peter Luczak,R,183,AUS,29.867,145,481,104610,,,Adam Vejmelka,,,CZE,23.825,370,139,6-3 4-1 RET,3,Q2,48,1,1,38,24,18,8,7,1,2,0,2,35,20,9,6,7,2,5
2009-316,Bastad,Clay,28,250,O,20090713,19,105151,,,Tim Goransson,,,SWE,21.298,507,84,103908,8,,Filip Prpic,R,173,SWE,27.132,313,176,0-6 7-5 7-6(1),3,Q2,142,3,4,102,60,42,18,15,7,11,4,5,105,64,40,19,16,6,10
2009-316,Bastad,Clay,28,250,O,20090713,20,104884,,,Ervin Eleskovic,R,,SWE,22.182,588,64,105451,,,Milos Sekulic,R,178,SWE,19.688,1123,9,6-3 6-0,3,Q2,54,4,1,42,26,21,10,8,0,0,1,3,48,30,14,6,7,3,8
2009-316,Bastad,Clay,28,250,O,20090713,21,104439,,,Erling Tveit,L,,NOR,24.539,727,36,110260,,,David Nord,,,SWE,,1820,1,6-2 6-3,3,Q2,68,2,2,52,32,24,11,9,1,2,1,4,55,34,18,7,8,3,7
2009-316,Bastad,Clay,28,250,O,20090713,22,S843,,,Potito Starace,R,188,ITA,27.997,65,895,E639,,,Ervin Eleskovic,R,,SWE,22.182,588,64,6-4 6-4,3,Q3,77,1,1,62,53,39,6,10,1,1,1,2,57,38,29,9,10,5,7
2009-316,Bastad,Clay,28,250,O,20090713,23,104571,,,Daniel Gimeno-Traver,R,183,ESP,23.932,91,729,104439,,,Erling Tveit,L,,NOR,24.539,727,36,6-3 6-4,3,Q3,82,4,2,65,38,27,14,10,4,6,3,2,68,41,24,11,9,4,8
2009-316,Bastad,Clay,28,250,O,20090713,24,C433,,,Guillermo Canas,R,185,ARG,31.63,151,452,G861,,,Tim Goransson,,,SWE,21.298,507,84,6-2 6-0,3,Q3,58,3,1,34,21,19,9,7,0,0,1,2,34,20,10,2,7,1,6
2009-316,Bastad,Clay,28,250,O,20090713,25,103429,,,Peter Luczak,R,183,AUS,29.867,145,481,104443,4,,Lamine Ouahab,R,185,MAR,24.556,142,501,6-4 6-1,3,Q3,71,2,2,55,32,23,12,10,3,5,1,3,58,34,18,10,8,3,7
2009-321,Stuttgart,Clay,32,250,O,20090713,1,J263,,,Woong-Sun Jun,R,191,KOR,23.08,358,143,S367,,,Martin Sinner,R,180,GER,41.429,989,14,7-5 6-2,3,Q1,70,7,5,60,30,26,18,10,2,2,2,4,64,40,25,13,10,4,7
2009-321,Stuttgart,Clay,32,250,O,20090713,2,J230,,,Rameez Junaid,R,,AUS,28.134,501,85,SK94,,,Cedrik-Marcel Stebe,L,180,GER,18.76,717,38,2-6 6-4 7-5,3,Q1,138,6,5,107,66,45,18,15,8,12,2,3,88,56,36,20,15,2,6
2009-321,Stuttgart,Clay,32,250,O,20090713,3,K540,,,Lukasz Kubot,R,191,POL,27.159,127,556,MK36,,,Christian Mohs,L,,GER,17.44,,,6-1 6-0,3,Q2,40,5,1,33,27,24,4,7,0,0,1,3,38,22,9,5,6,4,9
2009-321,Stuttgart,Clay,32,250,O,20090713,4,A596,,,Pablo Andujar,R,180,ESP,23.469,140,502,G414,,,Adrian Garcia,R,175,CHI,31.135,382,131,6-4 6-2,3,Q2,83,5,5,59,33,23,12,9,3,6,0,5,72,48,26,7,9,16,22
2009-321,Stuttgart,Clay,32,250,O,20090713,5,M915,,,Daniel Munoz de la Nava,L,175,ESP,27.452,168,409,L908,,,Nils Langer,R,193,GER,19.463,512,83,7-5 6-3,3,Q2,85,2,2,62,43,33,11,11,1,2,3,2,69,40,26,13,10,6,9
2009-321,Stuttgart,Clay,32,250,O,20090713,6,SD78,,,Alexandre Sidorenko,R,185,FRA,21.399,193,351,J230,,,Rameez Junaid,R,,AUS,28.134,501,85,7-5 7-6(7),3,Q2,110,6,3,77,47,34,16,12,1,3,1,3,88,56,34,16,12,3,6
2009-321,Stuttgart,Clay,32,250,O,20090713,7,M836,,,Dominik Meffert,R,196,GER,28.26,205,323,J263,,,Woong-Sun Jun,R,191,KOR,23.08,358,143,6-2 6-3,3,Q2,57,4,5,51,32,25,9,9,1,2,4,1,48,32,22,4,8,3,7
2009-321,Stuttgart,Clay,32,250,O,20090713,8,T296,,,Gabriel Trujillo-Soler,R,,ESP,29.785,336,161,A622,6,,Andrea Arnaboldi,L,180,ITA,21.544,235,252,6-4 6-4,3,Q2,73,3,0,59,34,24,17,10,3,4,1,1,53,31,21,12,10,1,4
2009-321,Stuttgart,Clay,32,250,O,20090713,9,F432,7,,Alexander Flock,R,191,GER,26.163,240,248,M760,,,Oliver Marach,R,185,AUT,28.991,558,70,4-6 6-3 6-3,3,Q2,136,8,3,89,54,38,18,14,8,10,5,2,95,52,34,22,14,4,8
2009-321,Stuttgart,Clay,32,250,O,20090713,10,C445,,,Frantisek Cermak,R,193,CZE,32.66,739,34,CA33,8,,Inigo Cervantes,R,180,ESP,19.617,275,207,7-5 2-6 6-3,3,Q2,124,4,6,89,47,31,23,15,3,8,2,5,98,58,38,16,14,10,15
2009-321,Stuttgart,Clay,32,250,O,20090713,11,K540,,,Lukasz Kubot,R,191,POL,27.159,127,556,C445,,,Frantisek Cermak,R,193,CZE,32.66,739,34,6-4 6-2,3,Q3,90,1,5,65,40,27,16,9,6,6,7,2,70,39,26,12,9,6,9
2009-321,Stuttgart,Clay,32,250,O,20090713,12,A596,,,Pablo Andujar,R,180,ESP,23.469,140,502,T296,,,Gabriel Trujillo-Soler,R,,ESP,29.785,336,161,6-4 4-6 7-6(4),3,Q3,147,5,3,95,65,45,14,16,3,8,5,0,108,63,41,23,16,6,11
2009-321,Stuttgart,Clay,32,250,O,20090713,13,M915,,,Daniel Munoz de la Nava,L,175,ESP,27.452,168,409,F432,7,,Alexander Flock,R,191,GER,26.163,240,248,6-4 6-2,3,Q3,90,1,1,54,31,24,11,9,4,6,2,3,58,30,18,11,9,4,9
2009-321,Stuttgart,Clay,32,250,O,20090713,14,M836,,,Dominik Meffert,R,196,GER,28.26,205,323,SD78,,,Alexandre Sidorenko,R,185,FRA,21.399,193,351,6-4 5-7 6-4,3,Q3,129,2,6,96,61,42,19,16,4,7,3,2,103,63,43,20,16,6,10
2009-414,Hamburg,Clay,48,500,O,20090719,1,G676,3,,Daniel Gimeno-Traver,R,183,ESP,23.948,91,729,A622,,,Andrea Arnaboldi,L,180,ITA,21.561,235,252,7-6(5) 2-6 6-4,3,Q1,130,4,3,97,71,47,13,15,6,9,3,2,102,70,47,18,15,5,7
2009-414,Hamburg,Clay,48,500,O,20090719,2,K760,,,Evgeny Korolev,R,185,KAZ,21.426,95,713,R782,,,Julian Reister,R,188,GER,23.296,191,351,6-3 7-6(6),3,Q1,101,6,1,83,49,34,20,11,5,6,0,1,64,42,23,16,10,2,4
2009-414,Hamburg,Clay,48,500,O,20090719,3,G710,,,Marcel Granollers,R,191,ESP,23.269,96,710,G414,,,Adrian Garcia,R,175,CHI,31.151,382,131,6-4 6-4,3,Q1,87,1,2,70,34,27,21,10,5,5,1,2,63,39,28,11,10,4,6
2009-414,Hamburg,Clay,48,500,O,20090719,4,J214,6,,Diego Junqueira,L,178,ARG,28.556,103,662,SL28,,,Jan-Lennard Struff,R,193,GER,19.233,1294,5,2-6 6-3 7-6(4),3,Q1,127,2,4,99,56,37,21,14,6,10,10,2,101,56,37,24,15,5,9
2009-414,Hamburg,Clay,48,500,O,20090719,5,C882,,,Pablo Cuevas,R,180,URU,23.546,107,649,P646,,,Carlos Poch-Gradin,L,185,ESP,26.691,253,234,6-4 6-2,3,Q1,73,4,1,43,29,24,12,9,0,0,3,4,65,41,25,11,9,1,4
2009-414,Hamburg,Clay,48,500,O,20090719,6,BG52,,,Jaan-Frederik Brunken,R,,FIN,19.231,1004,14,ME82,8,,Adrian Mannarino,L,180,FRA,21.054,116,611,6-2 6-3,3,Q1,72,3,0,53,39,29,8,9,3,4,4,0,58,38,21,10,8,3,7
2009-414,Hamburg,Clay,48,500,O,20090719,7,M836,,,Dominik Meffert,R,196,GER,28.277,205,323,A596,9,,Pablo Andujar,R,180,ESP,23.485,140,502,4-6 6-3 6-2,3,Q1,122,3,5,84,48,33,24,14,9,11,3,2,83,59,36,13,13,3,7
2009-414,Hamburg,Clay,48,500,O,20090719,8,R750,,,Pere Riba,R,183,ESP,21.281,144,487,L908,,,Nils Langer,R,193,GER,19.48,512,83,6-3 6-4,3,Q1,90,3,0,52,26,18,16,10,3,6,0,5,52,21,12,13,9,2,7
2009-414,Hamburg,Clay,48,500,O,20090719,9,C433,11,,Guillermo Canas,R,185,ARG,31.647,151,452,C546,,,Teodor-Dacian Craciun,R,170,ROU,29.117,454,101,6-3 6-3,3,Q1,71,2,1,49,29,21,12,9,2,4,0,2,59,40,23,5,9,6,11
2009-414,Hamburg,Clay,48,500,O,20090719,10,K310,12,,Stefan Koubek,L,175,AUT,32.542,154,445,H500,,,Philipp Hammer,R,,GER,28,,,6-3 6-7(5) 6-1,3,Q1,128,6,5,104,55,38,27,15,9,11,1,2,108,68,40,19,13,8,13
2009-414,Hamburg,Clay,48,500,O,20090719,11,S843,,,Potito Starace,R,188,ITA,28.014,65,895,C433,11,,Guillermo Canas,R,185,ARG,31.647,151,452,6-4 6-2,3,Q2,72,1,0,51,43,31,5,9,1,2,1,2,50,26,15,10,9,1,5
2009-414,Hamburg,Clay,48,500,O,20090719,12,C856,,,Victor Crivoi,R,185,ROU,27.151,85,771,M836,,,Dominik Meffert,R,196,GER,28.277,205,323,6-0 7-5,3,Q2,84,1,0,69,39,24,19,9,4,5,3,3,56,36,22,6,9,2,7
2009-414,Hamburg,Clay,48,500,O,20090719,13,C882,,,Pablo Cuevas,R,180,URU,23.546,107,649,G676,3,,Daniel Gimeno-Traver,R,183,ESP,23.948,91,729,6-2 7-6(3),3,Q2,97,2,2,63,29,23,22,10,3,4,2,1,65,44,30,9,10,5,8
2009-414,Hamburg,Clay,48,500,O,20090719,14,K760,,,Evgeny Korolev,R,185,KAZ,21.426,95,713,K310,12,,Stefan Koubek,L,175,AUT,32.542,154,445,6-2 6-2,3,Q2,60,4,2,52,34,21,10,8,5,7,0,4,42,20,6,10,8,4,10
2009-414,Hamburg,Clay,48,500,O,20090719,15,G710,,,Marcel Granollers,R,191,ESP,23.269,96,710,BG52,,,Jaan-Frederik Brunken,R,,FIN,19.231,1004,14,6-2 6-3,3,Q2,75,3,0,59,33,24,17,9,3,3,0,1,47,35,21,4,8,1,4
2009-414,Hamburg,Clay,48,500,O,20090719,16,R750,,,Pere Riba,R,183,ESP,21.281,144,487,J214,6,,Diego Junqueira,L,178,ARG,28.556,103,662,6-3 6-1,3,Q2,79,5,1,52,31,26,9,8,3,3,0,3,51,36,17,8,8,1,5
2009-419,Indianapolis,Hard,32,250,O,20090719,1,D424,7,,Rik De Voest,R,180,RSA,29.12,207,321,T995,,,Jonathan Tragardh,R,,USA,23.294,,,6-1 6-1,3,Q1,56,5,1,36,19,17,11,7,0,0,4,5,62,31,18,9,7,6,11
2009-419,Indianapolis,Hard,32,250,O,20090719,2,W359,8,,Todd Widom,R,,USA,26.237,222,272,K859,,,Bryan Koniecko,,,USA,22.015,792,28,6-4 5-7 7-5,3,Q1,163,1,2,120,56,36,31,17,5,10,7,10,113,58,38,23,17,7,13
2009-419,Indianapolis,Hard,32,250,O,20090719,3,A961,,,Matthew Allare,,,USA,20.334,1553,2,K902,,,Ashwin Kumar,,,USA,23.819,1108,9,7-5 6-3,3,Q1,73,4,0,62,29,21,22,11,2,3,3,5,63,35,25,13,10,1,4
2009-419,Indianapolis,Hard,32,250,O,20090719,4,M614,,,Cecil Mamiit,R,173,PHI,33.06,448,106,A749,,,Pedro Ast,,0,VEN,20.934,1759,2,W/O,3,Q1,,,,,,,,,,,,,,,,,,,
2009-419,Indianapolis,Hard,32,250,O,20090719,5,M747,,,Frank Moser,R,196,GER,32.819,,,SD20,,,Juan-Francisco Spina,,,ARG,24.197,809,26,6-3 6-3,3,Q1,68,2,7,78,46,33,13,9,5,6,7,5,59,29,22,11,9,10,14
2009-419,Indianapolis,Hard,32,250,O,20090719,6,N563,,,Dennis Nevolo,R,,USA,19.573,,,H653,,,Javier Herrera-Eguiluz,,,MEX,25.248,1308,5,6-3 6-0,3,Q1,65,0,1,39,24,14,9,7,2,4,1,6,58,30,13,9,8,5,12
2009-419,Indianapolis,Hard,32,250,O,20090719,7,N291,,,Frederic Niemeyer,R,191,CAN,33.235,523,80,G940,,,Sam Groth,R,193,AUS,21.749,230,257,6-4 4-6 7-6(9),3,Q1,129,5,6,99,58,42,19,16,3,7,15,9,110,54,41,25,16,8,12
2009-419,Indianapolis,Hard,32,250,O,20090719,8,Q019,,,Aisam-Ul-Haq Qureshi,R,183,PAK,29.339,325,170,BB44,,,Joe Bates,R,,USA,26.576,,,6-3 1-6 6-3,3,Q1,107,6,5,74,48,32,12,12,5,9,5,4,99,56,37,17,13,10,15
2009-419,Indianapolis,Hard,32,250,O,20090719,9,R532,,,Michael Rubin,,,USA,27.877,948,16,G810,,,Ruben Gonzales,R,,PHI,23.852,1385,4,6-3 6-3,3,Q1,88,6,0,50,30,25,7,9,0,2,0,5,78,58,31,6,9,6,11
2009-419,Indianapolis,Hard,32,250,O,20090719,10,T136,,,Jeff Tarango,L,180,USA,40.66,,,F698,,,Taylor Fogleman,,,USA,22.089,,,6-0 4-6 7-6(5),3,Q1,90,3,5,85,53,40,15,14,5,9,4,2,82,51,31,14,14,3,9
2009-419,Indianapolis,Hard,32,250,O,20090719,11,L799,,,Jesse Levine,L,175,CAN,21.76,119,583,M614,,,Cecil Mamiit,R,173,PHI,33.06,448,106,7-5 6-3,3,Q2,81,4,9,71,33,25,20,11,8,10,4,3,60,31,21,13,10,2,6
2009-419,Indianapolis,Hard,32,250,O,20090719,12,B842,,,Alex Bogomolov Jr.,R,178,RUS,26.24,163,418,N563,,,Dennis Nevolo,R,,USA,19.573,,,6-3 6-2,3,Q2,76,1,1,50,38,26,7,9,1,3,2,3,69,35,17,15,8,10,15
2009-419,Indianapolis,Hard,32,250,O,20090719,13,SC47,,,Go Soeda,R,178,JPN,24.868,173,396,N291,,,Frederic Niemeyer,R,191,CAN,33.235,523,80,7-6(4) 7-5,3,Q2,117,7,3,90,55,40,14,12,5,8,4,4,83,42,27,19,12,2,6
2009-419,Indianapolis,Hard,32,250,O,20090719,14,D351,,,Sebastien De Chaunac,R,183,FRA,31.781,179,375,T136,,,Jeff Tarango,L,180,USA,40.66,,,6-3 6-4,3,Q2,66,9,3,56,29,26,15,10,4,5,2,1,51,29,19,11,9,3,6
2009-419,Indianapolis,Hard,32,250,O,20090719,15,Q019,,,Aisam-Ul-Haq Qureshi,R,183,PAK,29.339,325,170,G527,5,,Luka Gregorc,R,188,SLO,25.426,180,373,6-3 7-6(4),3,Q2,99,8,5,78,48,39,14,11,5,5,6,4,63,39,27,14,10,1,2
2009-419,Indianapolis,Hard,32,250,O,20090719,16,M680,6,,Xavier Malisse,R,185,BEL,28.999,181,372,R532,,,Michael Rubin,,,USA,27.877,948,16,6-2 6-2,3,Q2,63,5,2,54,21,17,17,8,4,5,2,3,55,27,18,8,8,5,10
2009-419,Indianapolis,Hard,32,250,O,20090719,17,D424,7,,Rik De Voest,R,180,RSA,29.12,207,321,A961,,,Matthew Allare,,,USA,20.334,1553,2,6-1 7-6(4),3,Q2,69,3,3,55,34,29,15,10,0,0,5,5,83,47,27,20,9,6,8
2009-419,Indianapolis,Hard,32,250,O,20090719,18,W359,8,,Todd Widom,R,,USA,26.237,222,272,M747,,,Frank Moser,R,196,GER,32.819,,,6-1 6-1,3,Q2,48,1,2,40,27,22,7,7,2,2,2,4,42,25,13,5,7,3,8
2009-419,Indianapolis,Hard,32,250,O,20090719,19,L799,,,Jesse Levine,L,175,CAN,21.76,119,583,M680,6,,Xavier Malisse,R,185,BEL,28.999,181,372,7-6(5) 7-5,3,Q3,99,5,13,85,49,37,16,12,9,12,9,7,95,52,34,21,12,6,10
2009-419,Indianapolis,Hard,32,250,O,20090719,20,B842,,,Alex Bogomolov Jr.,R,178,RUS,26.24,163,418,Q019,,,Aisam-Ul-Haq Qureshi,R,183,PAK,29.339,325,170,7-5 6-4,3,Q3,90,6,3,70,52,41,9,11,3,3,9,8,76,39,28,17,11,6,8
2009-419,Indianapolis,Hard,32,250,O,20090719,21,SC47,,,Go Soeda,R,178,JPN,24.868,173,396,D424,7,,Rik De Voest,R,180,RSA,29.12,207,321,3-6 6-3 6-4,3,Q3,116,1,7,91,53,38,16,14,6,9,2,3,75,49,35,11,14,3,7
2009-419,Indianapolis,Hard,32,250,O,20090719,22,D351,,,Sebastien De Chaunac,R,183,FRA,31.781,179,375,W359,8,,Todd Widom,R,,USA,26.237,222,272,6-1 6-3,3,Q3,75,7,1,52,31,26,9,8,1,1,2,2,53,27,13,11,8,4,8
2009-314,Gstaad,Clay,32,250,O,20090726,1,C736,,,Olivier Charroin,,183,FRA,27.379,1420,3,M021,,,Pablo Martin-Adalia,R,,ESP,21.183,499,84,6-4 5-7 6-3,3,Q1,118,5,0,98,48,38,27,16,1,3,1,7,96,62,40,19,15,8,11
2009-314,Gstaad,Clay,32,250,O,20090726,2,C546,,,Teodor-Dacian Craciun,R,170,ROU,29.136,462,95,K767,,,Dejan Katic,,,SRB,21.385,1375,4,6-2 6-3,3,Q1,78,2,2,48,28,22,12,9,0,1,6,5,49,20,15,11,8,5,9
2009-314,Gstaad,Clay,32,250,O,20090726,3,D551,,,Farrukh Dustov,R,193,UZB,23.179,452,97,R883,,,Robin Roshardt,R,,SUI,21.424,873,20,3-6 6-0 6-1,3,Q1,80,7,1,61,52,37,6,11,3,4,4,2,73,55,32,7,11,5,10
2009-314,Gstaad,Clay,32,250,O,20090726,4,M778,,,David Martin,L,185,USA,28.422,,,S965,,,Israel Sevilla-Maruhenda,,,ESP,,,,6-1 6-0,3,Q1,43,5,3,34,18,16,10,6,2,2,0,3,51,32,15,4,7,5,11
2009-314,Gstaad,Clay,32,250,O,20090726,5,P519,,,Julio Peralta,R,188,CHI,27.877,628,52,P324,,,Sebastian Prieto,R,180,ARG,34.188,,,6-3 6-1,3,Q1,44,6,0,43,34,28,6,8,0,0,2,2,40,17,7,12,8,1,5
2009-314,Gstaad,Clay,32,250,O,20090726,6,T964,,,Patrick Taubert,,,GER,21.996,537,75,D502,,,Yann Dupuy,,,FRA,31.266,,,6-4 3-6 7-6(3),3,Q1,111,8,2,100,57,42,29,15,2,3,11,4,91,39,33,32,16,2,3
2009-314,Gstaad,Clay,32,250,O,20090726,7,V311,,,Roman Valent,R,183,SUI,26.051,1742,1,M935,,,Philipp Marx,R,188,GER,27.474,,,6-2 6-1,3,Q1,50,4,2,40,23,19,13,8,0,0,8,5,62,40,20,10,7,8,12
2009-314,Gstaad,Clay,32,250,O,20090726,8,Z074,,,Tomas Zib,R,178,CZE,33.484,447,100,MG54,,,Yann Marti,R,170,SUI,21.133,663,46,6-0 6-3,3,Q1,48,2,1,34,18,12,14,7,1,2,1,2,42,23,10,7,8,2,8
2009-314,Gstaad,Clay,32,250,O,20090726,9,BD20,,,Thomaz Bellucci,L,188,BRA,21.572,117,581,C546,,,Teodor-Dacian Craciun,R,170,ROU,29.136,462,95,6-2 6-1,3,Q2,62,2,0,35,25,20,8,7,0,0,0,3,74,40,22,11,8,11,16
2009-314,Gstaad,Clay,32,250,O,20090726,10,L523,,,Michael Lammer,R,185,SUI,27.337,189,348,T964,,,Patrick Taubert,,,GER,21.996,537,75,6-2 6-4,3,Q2,60,4,0,47,38,30,7,9,3,3,1,2,58,44,24,7,9,4,7
2009-314,Gstaad,Clay,32,250,O,20090726,11,D551,,,Farrukh Dustov,R,193,UZB,23.179,452,97,V247,3,,Robin Vik,R,183,CZE,29.47,238,244,0-6 6-3 6-4,3,Q2,90,7,2,77,59,38,8,13,4,8,3,6,78,46,32,16,12,8,11
2009-314,Gstaad,Clay,32,250,O,20090726,12,103720,,,Thierry Ascione,R,188,FRA,28.52,261,214,102715,,,Tomas Zib,R,178,CZE,33.484,447,100,6-3 6-4,3,Q2,84,5,1,62,40,29,11,10,4,6,2,3,65,38,22,12,9,4,9
2009-314,Gstaad,Clay,32,250,O,20090726,13,R772,5,,Albert Ramos-Vinolas,L,188,ESP,21.522,330,158,C736,,,Olivier Charroin,,183,FRA,27.379,1420,3,7-5 6-3,3,Q2,82,2,3,56,36,30,13,10,1,1,2,6,71,37,26,16,11,6,9
2009-314,Gstaad,Clay,32,250,O,20090726,14,D874,,,Federico Delbonis,L,193,ARG,18.806,377,129,V311,,,Roman Valent,R,183,SUI,26.051,1742,1,6-1 6-7(5) 7-6(5),3,Q2,128,6,0,109,73,46,20,16,5,9,2,3,103,69,41,14,15,3,9
2009-314,Gstaad,Clay,32,250,O,20090726,15,M778,,,David Martin,L,185,USA,28.422,,,SG88,7,,Alexander Sadecky,L,193,SUI,22.056,385,126,6-2 6-1,3,Q2,60,2,8,55,25,22,13,7,3,3,3,4,44,24,17,4,8,0,5
2009-314,Gstaad,Clay,32,250,O,20090726,16,104468,8,,Dustin Brown,R,196,JAM,24.63,402,121,103812,,,Julio Peralta,R,188,CHI,27.877,628,52,7-6(3) 6-1,3,Q2,70,8,4,72,40,33,14,10,4,5,2,3,68,42,25,10,9,4,8
2009-314,Gstaad,Clay,32,250,O,20090726,17,BD20,,,Thomaz Bellucci,L,188,BRA,21.572,117,581,BA65,8,,Dustin Brown,R,196,JAM,24.63,402,121,6-4 3-1 RET,3,Q3,46,1,0,36,33,24,3,7,0,1,3,1,43,33,18,5,7,0,3
2009-314,Gstaad,Clay,32,250,O,20090726,18,D874,,,Federico Delbonis,L,193,ARG,18.806,377,129,L523,,,Michael Lammer,R,185,SUI,27.337,189,348,2-6 6-4 7-6(5),3,Q3,160,4,5,133,81,45,26,15,15,22,5,2,99,55,37,21,15,7,13
2009-314,Gstaad,Clay,32,250,O,20090726,19,A356,,,Thierry Ascione,R,188,FRA,28.52,261,214,M778,,,David Martin,L,185,USA,28.422,,,6-3 6-3,3,Q3,63,3,1,52,33,26,10,9,2,3,4,5,54,25,16,15,9,1,5
2009-314,Gstaad,Clay,32,250,O,20090726,20,D551,,,Farrukh Dustov,R,193,UZB,23.179,452,97,R772,5,,Albert Ramos-Vinolas,L,188,ESP,21.522,330,158,6-4 6-4,3,Q3,98,5,4,68,44,28,14,10,5,7,4,3,62,42,26,10,10,3,7
2009-423,Los Angeles,Hard,28,250,O,20090727,1,O264,,,Josselin Ouanna,R,193,FRA,23.285,110,603,D351,,,Sebastien De Chaunac,R,183,FRA,31.803,168,387,6-4 6-4,3,Q1,88,7,7,66,39,29,12,10,7,9,7,5,58,22,17,15,10,4,8
2009-423,Los Angeles,Hard,28,250,O,20090727,2,D616,,,Somdev Devvarman,R,180,IND,24.449,152,441,S842,,,Andrea Stoppini,R,191,ITA,29.407,201,322,6-1 6-2,3,Q1,52,6,2,43,28,25,8,7,5,5,0,5,52,24,12,11,8,6,11
2009-423,Los Angeles,Hard,28,250,O,20090727,3,A487,,,Prakash Amritraj,R,188,IND,25.818,263,210,G725,3,,Santiago Giraldo,R,188,COL,21.665,127,539,7-6(5) 3-6 6-4,3,Q1,137,10,2,108,68,48,19,15,6,9,8,4,105,75,50,17,16,7,10
2009-423,Los Angeles,Hard,28,250,O,20090727,4,Y124,4,,Donald Young,L,183,USA,20.011,163,396,R581,,,Antonio Ruiz-Rosales,R,193,MEX,24.854,951,16,6-1 4-6 6-3,3,Q1,96,5,6,94,53,39,15,13,3,7,0,1,70,44,18,13,13,4,11
2009-423,Los Angeles,Hard,28,250,O,20090727,5,B842,5,,Alex Bogomolov Jr.,R,178,RUS,26.261,143,483,BF17,,,Devin Britton,R,193,USA,18.363,1383,4,6-4 3-6 6-4,3,Q1,103,4,7,93,62,41,15,14,8,12,12,8,86,44,37,12,15,5,10
2009-423,Los Angeles,Hard,28,250,O,20090727,6,SG87,,,Ryan Sweeting,R,196,USA,22.037,155,430,J323,,,Richard Johnson,,,USA,23.398,1259,6,6-2 6-1,3,Q1,53,10,6,43,25,21,10,7,4,4,0,2,43,26,15,5,8,2,7
2009-423,Los Angeles,Hard,28,250,O,20090727,7,SC47,7,,Go Soeda,R,178,JPN,24.89,166,392,G974,,,Geoff Gehrke,R,185,USA,30.563,,,6-0 6-0,3,Q1,50,2,2,29,17,15,9,6,0,0,1,6,36,18,8,1,6,1,7
2009-423,Los Angeles,Hard,28,250,O,20090727,8,V205,,,Dusan Vemic,R,188,SRB,33.109,399,120,F444,8,,Alejandro Falla,L,185,COL,25.7,177,366,6-4 6-3,3,Q1,74,3,3,57,39,30,10,10,0,1,2,7,56,29,21,11,9,1,4
2009-423,Los Angeles,Hard,28,250,O,20090727,9,BD59,,,Carsten Ball,L,198,AUS,22.103,205,311,Y114,,,Daniel Yoo,L,180,KOR,23.836,367,131,6-2 6-4,3,Q1,74,10,4,53,32,28,12,9,2,2,0,1,64,36,21,16,9,5,8
2009-423,Los Angeles,Hard,28,250,O,20090727,10,G527,,,Luka Gregorc,R,188,SLO,25.448,175,373,R853,,,Nima Roshan,,,AUS,24.175,746,32,7-5 6-4,3,Q1,76,4,4,58,34,29,15,11,3,4,5,3,65,40,29,9,11,3,6
2009-423,Los Angeles,Hard,28,250,O,20090727,11,J386,,,Steve Johnson,R,188,USA,19.589,1140,8,SM42,,,J.T. Sundling,,,USA,18.527,,,6-7(5) 6-4 6-2,3,Q1,123,6,7,91,41,34,26,15,2,4,4,6,112,60,43,19,15,13,18
2009-423,Los Angeles,Hard,28,250,O,20090727,12,KB02,,,Robert Khoury,R,,USA,21.32,1335,4,X002,,,Jia-Ping Xia,R,165,CHN,40.405,,,6-2 6-4,3,Q1,84,6,8,63,31,23,14,9,2,4,4,5,62,33,21,9,9,10,15
2009-423,Los Angeles,Hard,28,250,O,20090727,13,L848,,,Thomas Liversage,,,RSA,23.176,1238,6,KB62,,,Austin Karosi,R,178,USA,19.346,,,6-2 6-4,3,Q1,75,1,2,50,34,26,11,9,1,1,2,9,70,36,26,14,9,7,10
2009-423,Los Angeles,Hard,28,250,O,20090727,14,L761,,,James Ludlow,,,USA,24.148,1009,13,D891,,,Jared Drucker,,,USA,23.162,1258,6,7-5 6-2,3,Q1,70,7,1,62,34,26,17,10,4,5,0,6,56,26,16,15,10,5,9
2009-423,Los Angeles,Hard,28,250,O,20090727,15,M614,,,Cecil Mamiit,R,173,PHI,33.081,431,106,K409,,,Phillip King,R,175,USA,27.603,1590,2,6-4 6-4,3,Q1,84,3,3,63,33,22,17,10,2,4,1,4,61,26,15,18,10,5,9
2009-423,Los Angeles,Hard,28,250,O,20090727,16,M747,,,Frank Moser,R,196,GER,32.841,,,SB63,,,Gary Sacks,,,RSA,22.626,1772,1,7-6(6) 6-1,3,Q1,79,3,3,63,39,29,14,9,4,5,2,9,68,36,21,15,10,4,8
2009-423,Los Angeles,Hard,28,250,O,20090727,17,O264,,,Josselin Ouanna,R,193,FRA,23.285,110,603,KB02,,,Robert Khoury,R,,USA,21.32,1335,4,6-2 6-1,3,Q2,47,3,2,34,17,14,14,7,0,0,1,5,43,20,12,9,8,4,9
2009-423,Los Angeles,Hard,28,250,O,20090727,18,D616,,,Somdev Devvarman,R,180,IND,24.449,152,441,G527,,,Luka Gregorc,R,188,SLO,25.448,175,373,6-1 7-6(1),3,Q2,79,5,1,58,35,26,15,10,1,3,3,4,56,33,18,11,9,5,9
2009-423,Los Angeles,Hard,28,250,O,20090727,19,Y124,4,,Donald Young,L,183,USA,20.011,163,396,L848,,,Thomas Liversage,,,RSA,23.176,1238,6,6-2 6-3,3,Q2,69,3,8,79,47,33,13,9,14,16,3,3,43,28,15,4,8,0,5
2009-423,Los Angeles,Hard,28,250,O,20090727,20,B842,5,,Alex Bogomolov Jr.,R,178,RUS,26.261,143,483,L761,,,James Ludlow,,,USA,24.148,1009,13,6-1 6-1,3,Q2,38,1,0,32,24,22,6,7,0,0,0,1,40,18,10,7,7,0,5
2009-423,Los Angeles,Hard,28,250,O,20090727,21,SG87,,,Ryan Sweeting,R,196,USA,22.037,155,430,J386,,,Steve Johnson,R,188,USA,19.589,1140,8,6-2 6-1,3,Q2,59,2,4,39,25,20,8,7,0,0,1,5,58,33,18,9,8,8,13
2009-423,Los Angeles,Hard,28,250,O,20090727,22,BD59,,,Carsten Ball,L,198,AUS,22.103,205,311,SC47,7,,Go Soeda,R,178,JPN,24.89,166,392,6-4 6-4,3,Q2,66,16,6,51,28,25,15,10,0,0,1,3,72,49,30,13,10,5,7
2009-423,Los Angeles,Hard,28,250,O,20090727,23,A487,,,Prakash Amritraj,R,188,IND,25.818,263,210,M747,,,Frank Moser,R,196,GER,32.841,,,6-0 7-6(3),3,Q2,102,6,2,71,48,37,11,9,7,8,3,4,73,42,29,10,9,11,15
2009-423,Los Angeles,Hard,28,250,O,20090727,24,V205,,,Dusan Vemic,R,188,SRB,33.109,399,120,M614,,,Cecil Mamiit,R,173,PHI,33.081,431,106,5-7 7-6(4) 7-6(5),3,Q2,180,8,6,121,79,60,21,18,4,6,12,7,116,61,48,31,18,3,4
2009-423,Los Angeles,Hard,28,250,O,20090727,25,O264,,,Josselin Ouanna,R,193,FRA,23.285,110,603,V205,,,Dusan Vemic,R,188,SRB,33.109,399,120,6-3 6-2,3,Q3,70,2,0,41,23,20,13,8,0,0,2,3,54,34,19,11,9,3,7
2009-423,Los Angeles,Hard,28,250,O,20090727,26,D616,,,Somdev Devvarman,R,180,IND,24.449,152,441,B842,5,,Alex Bogomolov Jr.,R,178,RUS,26.261,143,483,7-5 6-2,3,Q3,99,3,2,56,35,25,9,10,2,5,0,1,68,46,22,10,10,4,10
2009-423,Los Angeles,Hard,28,250,O,20090727,27,104932,,,Carsten Ball,L,198,AUS,22.103,205,311,105379,4,,Donald Young,L,183,USA,20.011,163,396,6-3 6-0,3,Q3,54,9,1,41,25,22,11,8,0,0,1,4,45,26,13,5,7,1,6
2009-423,Los Angeles,Hard,28,250,O,20090727,28,SG87,,,Ryan Sweeting,R,196,USA,22.037,155,430,A487,,,Prakash Amritraj,R,188,IND,25.818,263,210,7-5 7-6(0),3,Q3,90,13,9,69,40,35,15,12,2,4,2,2,71,48,32,10,12,1,4
2009-439,Umag,Clay,32,250,O,20090727,1,MF09,,,Nikola Mektic,R,183,CRO,20.589,546,71,V298,7,,Cristian Villagran,R,180,SUI,27.515,323,161,6-7(5) 6-2 6-2,3,Q1,127,6,0,103,63,46,20,14,8,9,2,1,89,72,45,6,14,5,10
2009-439,Umag,Clay,32,250,O,20090727,2,SH08,8,,Marek Semjan,R,,SVK,21.719,324,160,PD24,,,Borut Puc,L,193,CRO,18.519,1112,9,6-3 3-6 6-3,3,Q1,126,0,5,85,60,43,15,14,4,6,0,1,101,70,44,16,13,6,9
2009-439,Umag,Clay,32,250,O,20090727,3,D749,,,Daniel Danilovic,R,,SWE,21.005,500,83,CC54,,,Nikola Cacic,R,183,SRB,18.637,1207,7,6-7(5) 6-0 6-2,3,Q1,113,6,3,92,61,48,13,13,6,7,2,1,93,63,37,14,13,5,11
2009-439,Umag,Clay,32,250,O,20090727,4,K966,,,Martin Klizan,L,191,SVK,20.044,350,143,L987,,,Dusan Lajovic,R,183,SRB,19.075,952,16,2-6 6-1 7-5,3,Q1,113,0,1,94,56,36,20,14,4,8,1,1,82,62,33,12,13,2,7
2009-439,Umag,Clay,32,250,O,20090727,5,MI43,,,Gerald Melzer,L,188,AUT,19.039,825,23,L565,,,Albert Loncaric,,,CRO,28.183,1361,4,6-2 3-6 7-5,3,Q1,140,7,2,106,75,45,16,15,6,11,1,5,99,66,37,14,14,10,16
2009-439,Umag,Clay,32,250,O,20090727,6,O168,,,Vladimir Obradovic,R,196,SRB,28.474,468,89,Z246,,,Miljan Zekic,R,185,SRB,21.04,717,36,6-4 7-6(6),3,Q1,111,3,10,85,50,36,17,11,7,9,5,5,70,50,34,7,11,6,9
2009-439,Umag,Clay,32,250,O,20090727,7,SI06,,,Antonio Sancic,R,180,CRO,20.674,375,129,A837,,,Toni Androic,R,168,CRO,17.58,1439,3,6-3 4-6 6-2,3,Q1,97,12,2,89,50,34,21,13,3,6,1,3,80,50,31,11,14,6,12
2009-439,Umag,Clay,32,250,O,20090727,8,T310,,,Goran Tosic,R,,SRB,26.804,481,86,B908,,,Johan Brunstrom,L,193,SWE,29.314,874,20,6-2 4-6 6-3,3,Q1,162,5,0,72,52,43,10,14,1,2,8,8,77,42,36,12,13,7,10
2009-439,Umag,Clay,32,250,O,20090727,9,V624,,,Ilija Vucic,R,188,SRB,18.776,1006,13,Z104,,,Lovro Zovko,R,191,CRO,28.359,,,7-6(5) 1-6 6-4,3,Q1,119,3,4,85,75,49,3,14,2,6,9,10,103,78,49,13,15,7,10
2009-439,Umag,Clay,32,250,O,20090727,10,Z134,,,Igor Zelenay,R,198,SVK,26.817,,,SG86,,,Vedran Siljegovic,,,CRO,20.945,1643,2,3-6 6-4 6-2,3,Q1,126,5,4,91,56,39,15,13,4,7,3,7,104,66,40,15,14,8,13
2009-439,Umag,Clay,32,250,O,20090727,11,G710,,,Marcel Granollers,R,191,ESP,23.291,99,660,V624,,,Ilija Vucic,R,188,SRB,18.776,1006,13,6-2 6-3,3,Q2,59,3,4,53,31,24,12,8,6,6,0,2,53,33,18,10,9,2,6
2009-439,Umag,Clay,32,250,O,20090727,12,R383,,,Ruben Ramirez Hidalgo,R,183,ESP,31.554,101,650,MI43,,,Gerald Melzer,L,188,AUT,19.039,825,23,6-0 6-3,3,Q2,62,0,3,44,28,23,9,8,0,1,1,2,56,36,19,7,7,3,8
2009-439,Umag,Clay,32,250,O,20090727,13,K966,,,Martin Klizan,L,191,SVK,20.044,350,143,K371,3,,Roko Karanusic,R,183,CRO,26.891,123,554,6-3 7-6(5),3,Q2,101,1,1,92,58,39,15,11,11,14,4,2,69,38,23,15,10,3,7
2009-439,Umag,Clay,32,250,O,20090727,14,C514,,,Juan Ignacio Chela,R,191,ARG,29.908,165,393,Z134,,,Igor Zelenay,R,198,SVK,26.817,,,6-1 6-0,3,Q2,41,1,4,37,24,21,5,7,1,2,1,4,34,18,6,3,6,4,10
2009-439,Umag,Clay,32,250,O,20090727,15,Z189,,,Grega Zemlja,R,183,SLO,22.825,184,352,O168,,,Vladimir Obradovic,R,196,SRB,28.474,468,89,6-3 2-1 RET,3,Q2,54,2,0,32,19,17,7,6,1,2,2,1,44,23,16,6,6,4,7
2009-439,Umag,Clay,32,250,O,20090727,16,C706,6,,Nikola Ciric,L,201,SRB,25.985,321,162,D749,,,Daniel Danilovic,R,,SWE,21.005,500,83,6-7(5) 6-4 6-3,3,Q2,142,6,1,101,59,44,27,16,6,7,5,5,113,64,47,24,15,9,12
2009-439,Umag,Clay,32,250,O,20090727,17,SI06,,,Antonio Sancic,R,180,CRO,20.674,375,129,SH08,8,,Marek Semjan,R,,SVK,21.719,324,160,6-7(2) 6-0 6-2,3,Q2,120,7,1,87,41,34,22,13,5,6,2,1,82,48,27,18,13,4,10
2009-439,Umag,Clay,32,250,O,20090727,18,T310,,,Goran Tosic,R,,SRB,26.804,481,86,MF09,,,Nikola Mektic,R,183,CRO,20.589,546,71,3-6 6-3 6-4,3,Q2,133,2,1,92,62,37,16,14,11,16,6,6,85,44,27,18,14,6,12
2009-439,Umag,Clay,32,250,O,20090727,19,G710,,,Marcel Granollers,R,191,ESP,23.291,99,660,C706,6,,Nikola Ciric,L,201,SRB,25.985,321,162,6-1 6-4,3,Q3,57,0,2,45,24,21,13,9,1,2,1,4,43,26,16,7,8,2,6
2009-439,Umag,Clay,32,250,O,20090727,20,R383,,,Ruben Ramirez Hidalgo,R,183,ESP,31.554,101,650,T310,,,Goran Tosic,R,,SRB,26.804,481,86,7-5 6-3,3,Q3,97,0,2,62,42,28,12,11,2,4,1,0,65,40,21,15,10,3,7
2009-439,Umag,Clay,32,250,O,20090727,21,C514,,,Juan Ignacio Chela,R,191,ARG,29.908,165,393,SI06,,,Antonio Sancic,R,180,CRO,20.674,375,129,6-3 6-4,3,Q3,97,0,6,58,25,21,14,9,4,6,4,0,74,31,17,19,10,9,14
2009-439,Umag,Clay,32,250,O,20090727,22,K966,,,Martin Klizan,L,191,SVK,20.044,350,143,Z189,,,Grega Zemlja,R,183,SLO,22.825,184,352,6-3 6-3,3,Q3,102,3,1,74,38,26,16,9,5,7,2,2,69,39,22,11,9,6,11
2009-418,Washington,Hard,48,500,O,20090802,1,L290,,,Nicolas Lapentti,R,188,ECU,32.969,106,620,D487,,,Lukas Dlouhy,R,185,CZE,26.316,245,232,6-3 6-3,3,Q1,70,4,3,63,36,28,14,9,2,3,3,9,56,32,20,10,9,2,6
2009-418,Washington,Hard,48,500,O,20090802,2,O264,2,,Josselin Ouanna,R,193,FRA,23.302,110,603,K596,,,Alexander Kudryavtsev,R,183,RUS,23.767,239,238,6-3 7-5,3,Q1,74,6,4,60,35,30,12,11,1,2,6,5,67,37,22,15,10,5,8
2009-418,Washington,Hard,48,500,O,20090802,3,M760,,,Oliver Marach,R,185,AUT,29.046,549,70,G621,3,,Chris Guccione,L,201,AUS,24.008,112,600,7-6(3) 6-3,3,Q1,86,12,6,72,42,39,15,11,4,4,10,3,70,43,34,13,10,5,6
2009-418,Washington,Hard,48,500,O,20090802,4,G725,,,Santiago Giraldo,R,188,COL,21.681,127,539,F733,,,Mitchell Frank,R,185,USA,16.794,,,6-2 6-3,3,Q1,72,2,3,57,34,23,12,8,4,5,2,3,65,28,19,12,9,6,11
2009-418,Washington,Hard,48,500,O,20090802,5,E254,5,,Brendan Evans,R,188,USA,23.318,130,531,O388,,,Junior A. Ore,L,178,USA,16.898,,,6-1 6-2,3,Q1,58,4,3,61,42,31,9,8,3,3,1,2,41,22,13,7,7,1,5
2009-418,Washington,Hard,48,500,O,20090802,6,K540,6,,Lukasz Kubot,R,191,POL,27.214,136,503,E687,,,Daniel Evans,R,175,GBR,19.195,249,227,6-2 7-6,3,Q1,105,2,7,73,44,31,10,10,3,7,1,12,80,37,23,13,10,5,11
2009-418,Washington,Hard,48,500,O,20090802,7,SE73,,,Yuichi Sugita,R,175,JPN,20.871,262,212,B842,7,,Alex Bogomolov Jr.,R,178,RUS,26.278,143,483,6-1 4-6 6-1,3,Q1,108,3,3,83,40,30,22,12,4,6,1,6,86,52,29,14,12,13,19
2009-418,Washington,Hard,48,500,O,20090802,8,W387,,,Jesse Witten,R,178,USA,26.798,277,198,R628,8,,Laurent Recouderc,R,,AND,25.062,147,469,6-2 6-4,3,Q1,63,11,2,60,36,28,12,9,6,6,3,2,58,28,19,15,9,6,9
2009-418,Washington,Hard,48,500,O,20090802,9,D616,,,Somdev Devvarman,R,180,IND,24.465,152,441,I230,,,Tatsuma Ito,R,180,JPN,21.207,270,202,6-3 6-3,3,Q1,74,6,0,54,39,29,10,9,3,4,1,1,64,38,24,10,9,6,10
2009-418,Washington,Hard,48,500,O,20090802,10,D351,,,Sebastien De Chaunac,R,183,FRA,31.819,168,387,KB09,,,Denis Kudla,R,180,USA,16.958,,,6-3 4-6 6-2,3,Q1,102,7,4,74,31,23,23,13,3,6,3,8,80,38,24,17,14,3,9
2009-418,Washington,Hard,48,500,O,20090802,11,F444,,,Alejandro Falla,L,185,COL,25.717,177,366,O252,,,Scott Oudsema,R,191,USA,23.088,531,76,1-6 7-6(2) 1-0 RET,3,Q1,80,1,2,55,31,23,12,9,0,3,12,3,68,44,32,11,11,2,4
2009-418,Washington,Hard,48,500,O,20090802,12,S550,,,Takao Suzuki,R,175,JPN,32.865,320,162,W359,12,,Todd Widom,R,,USA,26.275,232,244,6-7(4) 6-2 6-3,3,Q1,153,14,6,84,42,30,28,14,4,5,5,9,112,71,51,17,15,5,10
2009-418,Washington,Hard,48,500,O,20090802,13,F444,,,Alejandro Falla,L,185,COL,25.717,177,366,L290,,,Nicolas Lapentti,R,188,ECU,32.969,106,620,6-2 3-6 6-4,3,Q2,124,1,2,90,52,33,20,13,7,11,5,5,82,53,37,7,14,3,9
2009-418,Washington,Hard,48,500,O,20090802,14,D616,,,Somdev Devvarman,R,180,IND,24.465,152,441,O264,2,,Josselin Ouanna,R,193,FRA,23.302,110,603,2-6 6-1 7-5,3,Q2,114,7,3,71,51,38,10,13,3,6,5,7,93,45,31,21,14,9,14
2009-418,Washington,Hard,48,500,O,20090802,15,G725,,,Santiago Giraldo,R,188,COL,21.681,127,539,S550,,,Takao Suzuki,R,175,JPN,32.865,320,162,3-6 6-2 RET,3,Q2,73,2,0,57,42,28,8,8,4,5,7,0,61,39,26,10,9,2,4
2009-418,Washington,Hard,48,500,O,20090802,16,D351,,,Sebastien De Chaunac,R,183,FRA,31.819,168,387,E254,5,,Brendan Evans,R,188,USA,23.318,130,531,4-6 7-6(3) 7-6(4),3,Q2,156,11,4,101,56,46,29,17,4,6,10,4,111,74,56,18,17,2,3
2009-418,Washington,Hard,48,500,O,20090802,17,W387,,,Jesse Witten,R,178,USA,26.798,277,198,K540,6,,Lukasz Kubot,R,191,POL,27.214,136,503,3-6 7-6(5) 6-4,3,Q2,149,11,5,93,51,35,20,15,3,7,6,4,108,68,48,17,16,5,9
2009-418,Washington,Hard,48,500,O,20090802,18,SE73,,,Yuichi Sugita,R,175,JPN,20.871,262,212,M760,,,Oliver Marach,R,185,AUT,29.046,549,70,6-4 2-0 RET,3,Q2,86,0,2,55,32,23,8,6,11,12,1,1,53,30,18,9,6,5,8
2009-421,Canada Masters,Hard,56,M,O,20090810,1,F316,,,Juan Carlos Ferrero,R,183,ESP,29.492,29,1405,KB12,,,Pavel Krainik,R,,CAN,16.865,,,6-1 6-0,3,Q1,39,3,0,34,23,20,8,7,0,0,2,4,37,21,8,5,6,6,11
2009-421,Canada Masters,Hard,56,M,O,20090810,2,B747,,,Julien Benneteau,R,185,FRA,27.639,58,890,K540,,,Lukasz Kubot,R,191,POL,27.236,137,481,6-4 4-6 6-3,3,Q1,145,2,3,89,56,38,15,14,4,8,0,8,97,66,41,13,15,11,17
2009-421,Canada Masters,Hard,56,M,O,20090810,3,G806,,,Andrey Golubev,R,180,KAZ,22.053,66,842,D686,,,Pierre-Ludovic Duclos,R,188,CAN,23.587,312,167,6-2 6-2,3,Q1,71,3,1,41,22,17,10,8,1,3,3,4,56,31,15,9,8,8,14
2009-421,Canada Masters,Hard,56,M,O,20090810,4,R975,,,Milos Raonic,R,196,CAN,18.62,679,40,G681,4,,Teymuraz Gabashvili,R,185,GEO,24.216,77,769,6-7(7) 6-2 7-5,3,Q1,142,13,8,119,68,52,28,16,7,8,3,4,96,62,45,19,16,2,6
2009-421,Canada Masters,Hard,56,M,O,20090810,5,H442,,,Jan Hernych,R,188,CZE,30.094,86,725,PD07,,,Vasek Pospisil,R,193,CAN,19.132,682,40,6-2 6-2,3,Q1,51,0,2,37,22,20,12,8,0,0,1,5,52,23,15,12,8,3,7
2009-421,Canada Masters,Hard,56,M,O,20090810,6,G858,6,,Ernests Gulbis,R,191,LAT,20.945,101,640,D487,,,Lukas Dlouhy,R,185,CZE,26.338,240,232,6-1 6-2,3,Q1,57,5,4,53,33,27,10,8,2,2,2,8,58,37,20,8,7,4,8
2009-421,Canada Masters,Hard,56,M,O,20090810,7,B842,,,Alex Bogomolov Jr.,R,178,RUS,26.3,147,451,K358,7,,Kevin Kim,R,180,USA,31.042,103,626,6-0 6-1,3,Q1,46,3,1,39,30,24,5,7,0,0,1,4,41,19,8,7,6,6,11
2009-421,Canada Masters,Hard,56,M,O,20090810,8,O264,8,,Josselin Ouanna,R,193,FRA,23.324,106,609,ME31,,,Vincent Millot,L,173,FRA,23.526,237,236,6-7(4) 7-6(13) 6-0,3,Q1,134,11,4,105,65,37,27,15,5,8,6,8,132,80,45,26,15,10,16
2009-421,Canada Masters,Hard,56,M,O,20090810,9,L290,,,Nicolas Lapentti,R,188,ECU,32.991,171,374,B678,9,,Michael Berrer,L,193,GER,29.109,124,521,1-6 6-4 6-2,3,Q1,113,1,5,71,40,27,17,13,3,7,4,10,86,45,32,17,12,11,15
2009-421,Canada Masters,Hard,56,M,O,20090810,10,D646,,,Ivan Dodig,R,183,CRO,24.602,183,352,R548,10,,Rajeev Ram,R,193,USA,25.396,126,520,7-6(2) 6-4,3,Q1,103,8,5,74,33,25,27,11,3,5,4,2,84,47,32,16,11,9,12
2009-421,Canada Masters,Hard,56,M,O,20090810,11,L428,11,,Michael Llodra,L,191,FRA,29.229,113,576,C582,,,Marco Chiudinelli,R,185,SUI,27.915,168,386,5-7 7-6(1) 6-2,3,Q1,130,18,6,105,70,55,16,16,7,9,4,2,102,66,48,18,16,2,5
2009-421,Canada Masters,Hard,56,M,O,20090810,12,L799,,,Jesse Levine,L,175,CAN,21.821,119,535,R628,,,Laurent Recouderc,R,,AND,25.084,152,421,3-6 6-3 6-4,3,Q1,102,10,6,91,57,41,18,14,4,6,3,3,74,39,28,21,14,1,4
2009-421,Canada Masters,Hard,56,M,O,20090810,13,D351,,,Sebastien De Chaunac,R,183,FRA,31.841,155,416,E254,13,,Brendan Evans,R,188,USA,23.34,128,514,6-4 5-7 6-4,3,Q1,145,6,0,88,43,34,26,16,2,5,13,2,111,70,45,21,16,15,19
2009-421,Canada Masters,Hard,56,M,O,20090810,14,F444,,,Alejandro Falla,L,185,COL,25.739,163,396,G725,14,,Santiago Giraldo,R,188,COL,21.703,131,511,3-6 6-4 6-4,3,Q1,149,4,4,123,82,49,22,15,13,16,0,1,78,51,36,13,14,6,9
2009-421,Canada Masters,Hard,56,M,O,20090810,15,F316,,,Juan Carlos Ferrero,R,183,ESP,29.492,29,1405,D646,,,Ivan Dodig,R,183,CRO,24.602,183,352,6-4 0-1 RET,3,Q2,36,2,0,28,24,19,3,5,0,0,3,0,30,19,15,6,6,0,1
2009-421,Canada Masters,Hard,56,M,O,20090810,16,B747,,,Julien Benneteau,R,185,FRA,27.639,58,890,L290,,,Nicolas Lapentti,R,188,ECU,32.991,171,374,6-7(7) 6-4 6-2,3,Q2,150,4,3,85,52,41,18,15,0,2,4,1,101,71,47,10,15,6,11
2009-421,Canada Masters,Hard,56,M,O,20090810,17,L799,,,Jesse Levine,L,175,CAN,21.821,119,535,G806,,,Andrey Golubev,R,180,KAZ,22.053,66,842,7-5 3-6 6-2,3,Q2,130,5,9,103,63,48,15,14,8,11,8,2,102,66,42,15,15,10,15
2009-421,Canada Masters,Hard,56,M,O,20090810,18,H442,,,Jan Hernych,R,188,CZE,30.094,86,725,D351,,,Sebastien De Chaunac,R,183,FRA,31.841,155,416,6-4 6-1,3,Q2,74,1,2,51,30,24,13,8,3,3,2,6,56,25,14,13,9,3,7
2009-421,Canada Masters,Hard,56,M,O,20090810,19,F444,,,Alejandro Falla,L,185,COL,25.739,163,396,G858,6,,Ernests Gulbis,R,191,LAT,20.945,101,640,7-6(4) 7-5,3,Q2,91,3,4,81,44,36,16,12,2,4,5,2,77,51,35,12,12,1,4
2009-421,Canada Masters,Hard,56,M,O,20090810,20,B842,,,Alex Bogomolov Jr.,R,178,RUS,26.3,147,451,O264,8,,Josselin Ouanna,R,193,FRA,23.324,106,609,2-1 RET,3,Q2,9,2,0,8,5,5,3,2,0,0,0,1,6,4,3,1,1,0,0
2009-421,Canada Masters,Hard,56,M,O,20090810,21,R975,,,Milos Raonic,R,196,CAN,18.62,679,40,L428,11,,Michael Llodra,L,191,FRA,29.229,113,576,6-4 7-6(3),3,Q2,90,12,1,76,51,37,14,11,2,3,5,1,70,48,34,11,11,2,4
2009-422,Cincinnati Masters,Hard,56,M,O,20090816,1,L360,,,Ivan Ljubicic,R,193,CRO,30.412,56,906,L799,,,Jesse Levine,L,175,CAN,21.837,119,535,6-1 7-6(4),3,Q1,72,19,2,60,30,27,19,10,2,2,7,6,68,42,27,14,9,2,4
2009-422,Cincinnati Masters,Hard,56,M,O,20090816,2,B747,,,Julien Benneteau,R,185,FRA,27.655,58,890,R368,,,Michael Russell,R,173,USA,31.294,115,560,7-6(1) 7-5,3,Q1,127,2,4,74,46,31,19,12,1,3,1,2,91,62,35,17,12,6,9
2009-422,Cincinnati Masters,Hard,56,M,O,20090816,3,L575,,,Yen-Hsun Lu,R,180,TPE,26.007,60,871,SC77,,,Sergiy Stakhovsky,R,193,UKR,23.608,117,540,7-5 3-6 6-3,3,Q1,118,2,7,112,69,46,24,15,7,9,12,1,83,57,44,12,15,1,4
2009-422,Cincinnati Masters,Hard,56,M,O,20090816,4,Y061,,,Mikhail Youzhny,R,183,RUS,27.143,65,850,G725,,,Santiago Giraldo,R,188,COL,21.719,131,511,4-6 6-4 7-6(3),3,Q1,132,6,2,86,56,42,20,16,2,5,3,0,108,64,45,25,16,7,10
2009-422,Cincinnati Masters,Hard,56,M,O,20090816,5,G621,,,Chris Guccione,L,201,AUS,24.047,125,520,G806,5,,Andrey Golubev,R,180,KAZ,22.07,66,842,7-6(5) 6-4,3,Q1,81,9,4,67,44,39,14,11,1,1,7,3,74,52,36,15,11,4,5
2009-422,Cincinnati Masters,Hard,56,M,O,20090816,6,BA98,,,Simone Bolelli,R,183,ITA,23.855,72,801,BF17,,,Devin Britton,R,193,USA,18.418,1380,4,6-4 6-3,3,Q1,72,5,2,51,34,29,7,9,1,2,7,9,77,33,23,19,10,8,12
2009-422,Cincinnati Masters,Hard,56,M,O,20090816,7,I165,7,,Denis Istomin,R,185,UZB,22.94,74,780,L428,,,Michael Llodra,L,191,FRA,29.246,113,576,6-3 7-6(5),3,Q1,90,9,0,83,62,45,10,11,5,6,7,8,60,32,27,13,10,2,4
2009-422,Cincinnati Masters,Hard,56,M,O,20090816,8,K448,8,,Robert Kendrick,R,191,USA,29.752,75,773,B837,,,Marcos Baghdatis,R,178,CYP,24.164,111,580,4-6 6-3 6-4,3,Q1,125,11,9,99,58,43,20,15,6,8,13,4,93,51,38,20,14,5,8
2009-422,Cincinnati Masters,Hard,56,M,O,20090816,9,K540,,,Lukasz Kubot,R,191,POL,27.253,137,481,G681,9,,Teymuraz Gabashvili,R,185,GEO,24.233,77,769,6-1 6-2,3,Q1,76,3,4,39,24,18,7,7,0,1,3,8,60,26,15,10,8,0,6
2009-422,Cincinnati Masters,Hard,56,M,O,20090816,10,H442,,,Jan Hernych,R,188,CZE,30.111,86,725,H940,,,Ryan Harrison,R,185,USA,17.276,631,49,6-3 6-3,3,Q1,64,4,1,61,44,30,12,9,4,4,6,0,51,33,18,10,9,3,6
2009-422,Cincinnati Masters,Hard,56,M,O,20090816,11,S636,11,,Rainer Schuettler,R,180,GER,33.309,91,700,L290,,,Nicolas Lapentti,R,188,ECU,33.008,171,374,6-3 7-5,3,Q1,91,5,1,53,33,24,14,10,1,2,1,2,76,41,28,14,11,10,14
2009-422,Cincinnati Masters,Hard,56,M,O,20090816,12,ME82,12,,Adrian Mannarino,L,180,FRA,21.131,94,671,Y124,,,Donald Young,L,183,USA,20.066,176,366,6-4 7-6(6),3,Q1,98,7,7,81,54,37,11,11,6,9,2,6,79,44,27,14,11,5,9
2009-422,Cincinnati Masters,Hard,56,M,O,20090816,13,R548,,,Rajeev Ram,R,193,USA,25.413,126,520,G858,13,,Ernests Gulbis,R,191,LAT,20.961,101,640,3-6 6-3 6-4,3,Q1,100,14,5,89,53,46,15,14,5,6,7,4,84,57,41,14,14,2,4
2009-422,Cincinnati Masters,Hard,56,M,O,20090816,14,K358,14,,Kevin Kim,R,180,USA,31.058,103,626,E254,,,Brendan Evans,R,188,USA,23.357,128,514,7-6(2) 6-2,3,Q1,79,5,5,67,31,24,16,10,2,5,5,3,73,51,27,7,10,2,7
2009-422,Cincinnati Masters,Hard,56,M,O,20090816,15,L360,,,Ivan Ljubicic,R,193,CRO,30.412,56,906,R548,,,Rajeev Ram,R,193,USA,25.413,126,520,6-4 4-6 6-3,3,Q2,132,19,6,98,57,48,16,15,4,6,14,7,103,54,40,21,14,6,9
2009-422,Cincinnati Masters,Hard,56,M,O,20090816,16,K540,,,Lukasz Kubot,R,191,POL,27.253,137,481,B747,,,Julien Benneteau,R,185,FRA,27.655,58,890,6-2 7-5,3,Q2,109,5,1,59,36,28,13,10,4,5,3,2,74,41,24,15,10,3,7
2009-422,Cincinnati Masters,Hard,56,M,O,20090816,17,L575,,,Yen-Hsun Lu,R,180,TPE,26.007,60,871,S636,11,,Rainer Schuettler,R,180,GER,33.309,91,700,4-6 6-4 6-1,3,Q2,126,3,3,105,60,42,22,13,10,12,4,1,84,56,35,13,14,3,8
2009-422,Cincinnati Masters,Hard,56,M,O,20090816,18,Y061,,,Mikhail Youzhny,R,183,RUS,27.143,65,850,ME82,12,,Adrian Mannarino,L,180,FRA,21.131,94,671,6-2 6-1,3,Q2,56,2,0,38,25,20,9,7,0,0,3,4,40,21,12,4,8,1,6
2009-422,Cincinnati Masters,Hard,56,M,O,20090816,19,BA98,,,Simone Bolelli,R,183,ITA,23.855,72,801,K358,14,,Kevin Kim,R,180,USA,31.058,103,626,6-3 7-6(3),3,Q2,97,11,3,89,60,40,17,11,4,5,11,3,67,42,32,12,10,4,6
2009-422,Cincinnati Masters,Hard,56,M,O,20090816,20,H442,,,Jan Hernych,R,188,CZE,30.111,86,725,I165,7,,Denis Istomin,R,185,UZB,22.94,74,780,6-2 4-6 6-2,3,Q2,100,7,1,68,44,33,16,13,2,4,4,0,82,58,37,10,13,2,7
2009-422,Cincinnati Masters,Hard,56,M,O,20090816,21,G621,,,Chris Guccione,L,201,AUS,24.047,125,520,K448,8,,Robert Kendrick,R,191,USA,29.752,75,773,7-6(10) 7-5,3,Q2,89,19,4,82,48,40,16,12,2,3,11,0,78,54,42,12,12,0,2
2009-3348,New Haven,Hard,48,250,O,20090823,1,G628,1,,Richard Gasquet,R,183,FRA,23.181,38,1135,R532,,,Michael Rubin,,,USA,27.973,922,16,6-2 6-3,3,Q1,67,2,2,38,22,17,13,8,1,2,3,1,57,29,15,14,9,4,9
2009-3348,New Haven,Hard,48,250,O,20090823,2,C882,,,Pablo Cuevas,R,180,URU,23.641,68,813,PB27,,,Todd Paul,L,180,USA,23.658,681,39,6-4 6-1,3,Q1,60,4,3,41,23,21,12,8,2,2,0,1,54,33,18,8,9,5,9
2009-3348,New Haven,Hard,48,250,O,20090823,3,MA96,,,Tigran Martirosyan,,,ARM,26.116,420,101,H442,3,,Jan Hernych,R,188,CZE,30.13,72,795,5-7 6-4 7-5,3,Q1,125,3,2,101,68,50,17,17,3,6,3,5,122,70,46,25,17,8,12
2009-3348,New Haven,Hard,48,250,O,20090823,4,BC68,,,Philip Bester,R,188,CAN,20.879,561,63,C856,4,,Victor Crivoi,R,185,ROU,27.247,75,770,6-2 6-1,3,Q1,49,11,0,46,30,26,9,8,3,3,2,4,44,28,15,8,7,2,6
2009-3348,New Haven,Hard,48,250,O,20090823,5,SF36,,,Igor Sijsling,R,191,NED,22.015,307,168,K760,5,,Evgeny Korolev,R,185,KAZ,21.522,82,732,2-6 6-4 6-2,3,Q1,96,8,5,81,45,29,18,13,3,7,5,8,68,35,26,11,13,2,7
2009-3348,New Haven,Hard,48,250,O,20090823,6,R397,,,Olivier Rochus,R,168,BEL,28.594,88,690,PE94,,,Marc Powers,R,178,USA,19.121,,,6-1 6-2,3,Q1,57,2,0,42,17,15,18,8,1,1,1,1,42,16,7,12,7,3,7
2009-3348,New Haven,Hard,48,250,O,20090823,7,G717,,,Fred Gil,R,173,POR,24.416,110,579,BB68,,,Stephen Bass,,,USA,24.361,489,81,6-3 7-5,3,Q1,80,1,4,68,32,27,20,11,3,3,0,2,60,33,24,15,10,0,2
2009-3348,New Haven,Hard,48,250,O,20090823,8,L290,,,Nicolas Lapentti,R,188,ECU,33.027,165,378,L799,8,,Jesse Levine,L,175,CAN,21.856,112,570,7-6(5) 7-5,3,Q1,110,9,2,73,44,31,15,12,3,6,9,7,81,43,32,13,12,1,5
2009-3348,New Haven,Hard,48,250,O,20090823,9,D646,,,Ivan Dodig,R,183,CRO,24.638,171,366,O269,,,Greg Ouellette,L,178,USA,23.264,581,59,6-3 6-3,3,Q1,66,1,2,55,36,29,10,9,3,4,3,2,44,22,14,9,9,1,5
2009-3348,New Haven,Hard,48,250,O,20090823,10,E254,,,Brendan Evans,R,188,USA,23.376,122,514,BE93,,,Chase Buchanan,R,193,USA,18.22,925,16,7-6(6) 3-6 6-3,3,Q1,155,6,1,108,64,41,24,15,7,11,5,5,108,68,46,17,15,7,11
2009-3348,New Haven,Hard,48,250,O,20090823,11,F464,,,Luis Manuel Flores,L,,MEX,24.556,431,96,BF17,,,Devin Britton,R,193,USA,18.437,1378,4,6-4 6-2,3,Q1,85,2,1,62,32,25,18,9,4,4,6,8,75,32,22,18,9,7,10
2009-3348,New Haven,Hard,48,250,O,20090823,12,K922,,,Roy Kalmanovich,,,USA,20.134,1027,11,CD61,,,Jordan Cox,R,188,USA,17.626,1141,8,7-5 6-2,3,Q1,88,5,3,58,29,24,15,10,0,1,4,4,65,43,27,8,10,5,9
2009-3348,New Haven,Hard,48,250,O,20090823,13,N390,,,Frederik Nielsen,R,188,DEN,25.99,319,161,N334,,,Eric Nunez,R,188,USA,27.373,369,125,6-3 6-3,3,Q1,67,5,2,48,32,28,8,9,0,0,5,1,59,32,17,16,9,2,5
2009-3348,New Haven,Hard,48,250,O,20090823,14,SC77,,,Sergiy Stakhovsky,R,193,UKR,23.628,134,476,R977,,,Matt Reid,R,183,AUS,19.102,538,68,6-3 6-2,3,Q1,66,5,2,53,32,26,11,9,1,2,1,6,56,29,17,11,8,4,8
2009-3348,New Haven,Hard,48,250,O,20090823,15,SG87,,,Ryan Sweeting,R,196,USA,22.111,143,458,S544,,,Vincent Spadea,R,183,USA,35.097,129,495,6-2 6-2,3,Q1,59,8,1,47,33,26,9,8,4,4,4,5,53,27,17,9,8,6,10
2009-3348,New Haven,Hard,48,250,O,20090823,16,V205,,,Dusan Vemic,R,188,SRB,33.183,458,90,E720,,,Adam El Mihdawy,,,USA,20.038,726,31,7-5 6-3,3,Q1,84,8,2,61,45,35,10,11,0,1,3,3,65,34,25,12,10,3,6
2009-3348,New Haven,Hard,48,250,O,20090823,17,V205,,,Dusan Vemic,R,188,SRB,33.183,458,90,G628,1,,Richard Gasquet,R,183,FRA,23.181,38,1135,7-6(3) 4-6 6-3,3,Q2,126,18,3,88,60,48,20,16,1,2,8,2,89,58,49,16,15,2,3
2009-3348,New Haven,Hard,48,250,O,20090823,18,C882,,,Pablo Cuevas,R,180,URU,23.641,68,813,SC77,,,Sergiy Stakhovsky,R,193,UKR,23.628,134,476,6-4 2-6 6-2,3,Q2,102,5,4,68,42,30,15,13,2,5,8,8,86,50,34,15,13,7,11
2009-3348,New Haven,Hard,48,250,O,20090823,19,R397,,,Olivier Rochus,R,168,BEL,28.594,88,690,SG87,,,Ryan Sweeting,R,196,USA,22.111,143,458,6-1 2-1 RET,3,Q2,46,4,0,30,19,16,6,5,2,2,2,5,34,14,11,5,5,3,6
2009-3348,New Haven,Hard,48,250,O,20090823,20,G717,,,Fred Gil,R,173,POR,24.416,110,579,E254,,,Brendan Evans,R,188,USA,23.376,122,514,6-4 6-4,3,Q2,79,5,4,60,33,27,15,10,3,4,1,3,73,38,26,14,10,6,9
2009-3348,New Haven,Hard,48,250,O,20090823,21,BC68,,,Philip Bester,R,188,CAN,20.879,561,63,D646,,,Ivan Dodig,R,183,CRO,24.638,171,366,4-6 6-2 5-1 RET,3,Q2,116,8,8,72,32,28,20,12,4,6,6,4,81,36,21,23,12,2,7
2009-3348,New Haven,Hard,48,250,O,20090823,22,L290,,,Nicolas Lapentti,R,188,ECU,33.027,165,378,F464,,,Luis Manuel Flores,L,,MEX,24.556,431,96,6-4 4-6 6-3,3,Q2,150,6,1,94,60,45,16,15,1,3,4,4,95,46,31,29,14,6,9
2009-3348,New Haven,Hard,48,250,O,20090823,23,MA96,,,Tigran Martirosyan,,,ARM,26.116,420,101,K922,,,Roy Kalmanovich,,,USA,20.134,1027,11,6-4 6-2,3,Q2,77,4,3,53,35,29,10,9,1,1,2,4,62,34,23,12,9,11,14
2009-3348,New Haven,Hard,48,250,O,20090823,24,N390,,,Frederik Nielsen,R,188,DEN,25.99,319,161,SF36,,,Igor Sijsling,R,191,NED,22.015,307,168,5-7 6-3 6-2,3,Q2,86,7,5,88,54,44,18,15,2,3,9,2,88,60,43,12,14,3,6
2009-3348,New Haven,Hard,48,250,O,20090823,25,C882,,,Pablo Cuevas,R,180,URU,23.641,68,813,R397,,,Olivier Rochus,R,168,BEL,28.594,88,690,6-3 6-4,3,Q3,74,17,1,55,32,28,14,10,1,1,1,2,49,27,20,11,9,0,2
2009-3348,New Haven,Hard,48,250,O,20090823,26,G717,,,Fred Gil,R,173,POR,24.416,110,579,V205,,,Dusan Vemic,R,188,SRB,33.183,458,90,6-1 6-7(7) 6-3,3,Q3,157,7,4,73,49,38,16,13,3,4,10,7,123,83,46,19,15,8,14
2009-3348,New Haven,Hard,48,250,O,20090823,27,L290,,,Nicolas Lapentti,R,188,ECU,33.027,165,378,MA96,,,Tigran Martirosyan,,,ARM,26.116,420,101,6-0 6-3,3,Q3,57,2,2,45,24,19,13,8,2,3,4,1,44,25,13,6,7,1,6
2009-3348,New Haven,Hard,48,250,O,20090823,28,N390,,,Frederik Nielsen,R,188,DEN,25.99,319,161,BC68,,,Philip Bester,R,188,CAN,20.879,561,63,6-4 7-6(4),3,Q3,87,1,1,69,55,38,9,11,0,1,8,8,83,39,28,22,11,6,8
2009-560,US Open,Hard,128,G,O,20090831,1,BD20,,,Thomaz Bellucci,L,188,BRA,21.67,69,813,P529,,,Giancarlo Petrazzuolo,R,,ITA,29.065,389,117,6-2 6-0,3,Q1,46,4,0,35,18,15,13,7,0,0,0,2,43,20,10,8,7,6,11
2009-560,US Open,Hard,128,G,O,20090831,2,Z184,,,Horacio Zeballos,L,188,ARG,24.345,76,750,M680,,,Xavier Malisse,R,185,BEL,29.117,178,347,7-5 4-6 6-1,3,Q1,119,7,5,93,50,37,27,15,3,5,9,2,90,56,37,17,14,5,9
2009-560,US Open,Hard,128,G,O,20090831,3,L515,,,Peter Luczak,R,183,AUS,30.001,78,744,D646,,,Ivan Dodig,R,183,CRO,24.66,177,348,6-2 6-4,3,Q1,81,6,3,56,33,28,9,9,3,4,3,4,62,30,16,16,9,4,8
2009-560,US Open,Hard,128,G,O,20090831,4,ME82,4,,Adrian Mannarino,L,180,FRA,21.172,91,677,S944,,,Simon Stadler,L,183,GER,26.116,254,220,6-2 6-3,3,Q1,95,5,0,75,37,27,22,9,6,6,1,2,65,44,25,10,8,6,9
2009-560,US Open,Hard,128,G,O,20090831,5,O264,,,Josselin Ouanna,R,193,FRA,23.381,103,623,M800,,,Jan Minar,R,,CZE,28.394,233,241,6-4 6-3,3,Q1,82,11,3,51,29,27,13,10,2,3,3,3,92,69,42,7,9,13,16
2009-560,US Open,Hard,128,G,O,20090831,6,M836,,,Dominik Meffert,R,196,GER,28.394,174,350,D499,6,,Frank Dancevic,R,185,CAN,24.928,104,603,1-6 6-4 6-1,3,Q1,99,6,4,75,45,35,14,12,3,5,5,3,73,39,30,15,12,7,10
2009-560,US Open,Hard,128,G,O,20090831,7,MA49,,,Rui Machado,R,178,POR,25.391,109,585,H693,,,Ricardo Hocevar,R,180,BRA,24.312,179,347,6-4 6-4,3,Q1,86,2,4,61,39,29,12,10,7,9,4,3,63,30,24,10,10,2,6
2009-560,US Open,Hard,128,G,O,20090831,8,K371,8,,Roko Karanusic,R,183,CRO,26.987,111,569,B503,,,George Bastl,R,183,SUI,34.418,281,192,6-0 6-0,3,Q1,53,1,1,34,19,15,10,6,2,2,1,3,37,21,10,2,6,6,12
2009-560,US Open,Hard,128,G,O,20090831,9,R368,9,,Michael Russell,R,173,USA,31.335,112,560,G753,,,David Guez,R,185,FRA,26.73,216,266,6-3 7-6(6),3,Q1,125,2,1,84,60,40,10,11,5,8,1,1,80,52,26,15,10,6,10
2009-560,US Open,Hard,128,G,O,20090831,10,B678,,,Michael Berrer,L,193,GER,29.166,120,521,W361,,,Sam Warburg,R,191,USA,26.341,189,326,3-6 6-3 7-6(3),3,Q1,165,3,8,119,78,50,21,15,9,13,15,3,98,73,49,9,15,6,10
2009-560,US Open,Hard,128,G,O,20090831,11,G725,11,,Santiago Giraldo,R,188,COL,21.76,123,511,F580,,,Martin Fischer,R,180,AUT,23.113,171,353,7-6(4) 7-6(7),3,Q1,124,6,3,78,47,36,16,12,0,2,2,3,90,56,39,15,12,4,6
2009-560,US Open,Hard,128,G,O,20090831,12,K540,12,,Lukasz Kubot,R,191,POL,27.294,124,506,D487,,,Lukas Dlouhy,R,185,CZE,26.396,378,122,6-0 6-3,3,Q1,61,2,2,55,31,21,17,8,3,3,4,1,35,19,12,5,7,0,4
2009-560,US Open,Hard,128,G,O,20090831,13,BC72,13,,Daniel Brands,R,196,GER,22.125,126,504,D752,,,Niels Desein,R,191,BEL,22.229,221,260,3-6 6-3 7-5,3,Q1,105,10,3,84,55,43,14,15,2,4,7,18,103,49,36,23,15,7,10
2009-560,US Open,Hard,128,G,O,20090831,14,L430,,,Giovanni Lapentti,R,193,ECU,26.598,182,341,M873,14,,Nicolas Mahut,R,191,FRA,27.608,127,502,4-6 6-1 6-3,3,Q1,98,4,2,78,52,39,14,13,5,7,7,5,72,44,25,16,13,2,7
2009-560,US Open,Hard,128,G,O,20090831,15,G527,,,Luka Gregorc,R,188,SLO,25.544,302,175,S544,15,,Vincent Spadea,R,183,USA,35.118,130,485,6-4 7-6(2),3,Q1,99,8,5,88,49,36,19,11,4,5,4,6,81,39,31,18,11,3,5
2009-560,US Open,Hard,128,G,O,20090831,16,D616,,,Somdev Devvarman,R,180,IND,24.545,162,386,B842,16,,Alex Bogomolov Jr.,R,178,RUS,26.357,133,476,6-3 6-3,3,Q1,75,3,0,53,32,25,11,9,3,4,2,3,49,33,20,4,9,0,4
2009-560,US Open,Hard,128,G,O,20090831,17,O327,,,Guillermo Olaso,R,175,ESP,21.435,301,176,L503,17,,Paolo Lorenzi,R,183,ITA,27.71,136,470,6-2 2-6 7-6(4),3,Q1,153,1,5,87,49,37,15,14,4,8,3,9,103,50,35,22,14,11,14
2009-560,US Open,Hard,128,G,O,20090831,18,L336,18,,Harel Levy,R,185,ISR,31.072,138,464,W503,,,James Ward,R,188,GBR,22.557,203,297,6-2 6-3,3,Q1,61,5,0,49,26,23,16,9,0,0,6,3,50,25,15,12,8,2,5
2009-560,US Open,Hard,128,G,O,20090831,19,K310,19,,Stefan Koubek,L,175,AUT,32.66,140,458,C866,,,Jose Checa-Calvo,R,191,ESP,24.413,255,220,6-3 6-4,3,Q1,69,10,3,61,37,30,14,10,3,3,8,5,61,30,24,13,9,6,8
2009-560,US Open,Hard,128,G,O,20090831,20,SF62,,,Tim Smyczek,R,175,USA,21.67,288,187,C487,20,,Arnaud Clement,R,173,FRA,31.704,143,455,7-6(6) 7-6(4),3,Q1,141,10,6,89,50,35,18,12,2,5,1,3,107,56,40,23,12,7,10
2009-560,US Open,Hard,128,G,O,20090831,21,B752,21,,Stephane Bohli,R,185,SUI,26.103,144,450,D837,,,Luigi D'Agord,,,ITA,24.89,326,158,6-7(2) 6-4 6-2,3,Q1,120,8,3,94,42,36,29,15,4,5,9,3,97,53,37,24,15,4,8
2009-560,US Open,Hard,128,G,O,20090831,22,E224,,,Victor Estrella Burgos,R,170,DOM,29.079,265,205,A678,22,,Kevin Anderson,R,203,RSA,23.288,148,432,7-5 7-6(6),3,Q1,103,1,3,81,47,37,18,12,4,5,8,2,69,46,39,10,12,1,3
2009-560,US Open,Hard,128,G,O,20090831,23,D351,23,,Sebastien De Chaunac,R,183,FRA,31.899,149,428,CD61,,,Jordan Cox,R,188,USA,17.648,1143,8,6-1 6-2,3,Q1,60,5,5,44,23,21,12,8,1,1,0,1,44,20,9,12,7,3,7
2009-560,US Open,Hard,128,G,O,20090831,24,L523,,,Michael Lammer,R,185,SUI,27.436,176,348,R628,24,,Laurent Recouderc,R,,AND,25.142,150,421,6-3 6-3,3,Q1,65,1,2,44,22,18,15,9,0,1,1,2,59,37,20,11,9,0,4
2009-560,US Open,Hard,128,G,O,20090831,25,K834,25,,Blaz Kavcic,R,188,SLO,22.491,152,412,G940,,,Sam Groth,R,193,AUS,21.867,251,221,3-6 6-3 6-4,3,Q1,99,2,2,69,38,31,21,14,3,5,14,4,84,53,44,10,14,2,4
2009-560,US Open,Hard,128,G,O,20090831,26,SD78,26,,Alexandre Sidorenko,R,185,FRA,21.533,153,411,SI78,,,Blake Strode,R,188,USA,22.146,701,34,6-3 6-1,3,Q1,61,4,5,47,27,22,10,7,1,1,1,2,47,32,12,10,9,2,7
2009-560,US Open,Hard,128,G,O,20090831,27,BD59,,,Carsten Ball,L,198,AUS,22.198,155,402,A366,,,Diego Alvarez,,0,ARG,29.487,219,265,7-6(2) 7-6(4),3,Q1,111,12,4,85,47,41,20,12,5,7,5,5,107,61,40,23,12,12,14
2009-560,US Open,Hard,128,G,O,20090831,28,L797,28,,Lukas Lacko,R,188,SVK,21.826,156,397,SE73,,,Yuichi Sugita,R,175,JPN,20.95,304,174,6-4 6-1,3,Q1,57,3,2,44,24,16,12,8,0,2,1,3,50,31,16,6,9,5,11
2009-560,US Open,Hard,128,G,O,20090831,29,Y070,,,Michael Yani,R,185,USA,28.665,253,220,R613,29,,Edouard Roger-Vasselin,R,185,FRA,25.758,158,396,6-1 6-3,3,Q1,57,5,1,42,25,20,13,8,0,0,0,1,56,37,23,5,8,5,9
2009-560,US Open,Hard,128,G,O,20090831,30,J290,,,Scoville Jenkins,R,188,USA,22.938,259,211,H377,30,,Dominik Hrbaty,R,180,SVK,31.655,159,390,6-3 6-4,3,Q1,65,7,2,63,37,25,19,10,1,1,0,2,43,32,24,5,9,0,2
2009-560,US Open,Hard,128,G,O,20090831,31,F444,,,Alejandro Falla,L,185,COL,25.796,160,386,A487,,,Prakash Amritraj,R,188,IND,25.914,258,214,7-6(5) 4-6 6-3,3,Q1,142,5,2,100,53,34,29,16,8,12,5,3,109,61,41,21,15,6,10
2009-560,US Open,Hard,128,G,O,20090831,32,C582,,,Marco Chiudinelli,R,185,SUI,27.973,161,386,SG64,,,Joao Souza,R,193,BRA,21.262,191,324,6-3 6-4,3,Q1,73,7,1,47,27,26,15,10,1,1,5,2,61,37,27,10,9,3,5
2009-560,US Open,Hard,128,G,O,20090831,33,BE54,,,Ruben Bemelmans,L,183,BEL,21.629,209,277,ME05,,,Marinko Matosevic,R,193,AUS,24.063,168,365,6-3 RET,3,Q1,32,1,3,28,11,7,11,5,1,2,1,1,26,11,7,7,4,2,4
2009-560,US Open,Hard,128,G,O,20090831,34,B764,,,Juan Pablo Brzezicki,R,178,ARG,27.387,188,334,SL08,,,Tennys Sandgren,R,188,USA,18.111,1277,5,6-4 6-3,3,Q1,86,2,1,73,48,29,17,9,6,6,6,2,64,41,28,10,10,5,8
2009-560,US Open,Hard,128,G,O,20090831,35,BC11,,,Sergei Bubka,R,188,UKR,22.554,198,309,L836,,,Nick Lindahl,R,183,AUS,21.084,247,228,6-2 6-1,3,Q1,54,6,0,34,18,18,10,7,0,0,1,4,65,34,19,11,8,11,16
2009-560,US Open,Hard,128,G,O,20090831,36,CA33,,,Inigo Cervantes,R,180,ESP,19.751,226,252,C768,,,Lester Cook,R,180,USA,25.352,268,201,7-6(4) 7-5,3,Q1,112,5,10,85,36,28,23,12,6,9,3,7,83,42,28,18,12,9,13
2009-560,US Open,Hard,128,G,O,20090831,37,D424,,,Rik De Voest,R,180,RSA,29.238,184,338,Z189,,,Grega Zemlja,R,183,SLO,22.921,173,352,7-6(7) 6-4,3,Q1,101,5,1,83,42,30,23,11,5,7,7,5,77,38,26,21,11,2,5
2009-560,US Open,Hard,128,G,O,20090831,38,D875,,,Grigor Dimitrov,R,191,BUL,18.294,271,199,K839,,,Tobias Kamke,R,178,GER,23.28,287,188,6-3 7-5,3,Q1,87,2,0,55,32,22,17,10,1,2,1,6,74,41,27,14,11,3,7
2009-560,US Open,Hard,128,G,O,20090831,39,SG56,,,Daniel Dutra da Silva,L,,BRA,21.155,286,188,G822,,,Riccardo Ghedin,R,185,ITA,23.737,228,249,4-6 6-3 7-6(7),3,Q1,125,6,1,94,69,52,16,16,0,2,7,9,112,64,53,18,15,4,6
2009-560,US Open,Hard,128,G,O,20090831,40,G551,,,Santiago Gonzalez,R,191,MEX,26.516,207,279,D878,,,Alexander Domijan,,,USA,17.993,703,34,7-6(4) 7-5,3,Q1,94,6,4,78,38,31,20,12,5,7,3,1,78,47,30,16,12,6,9
2009-560,US Open,Hard,128,G,O,20090831,41,K771,,,Marsel Ilhan,R,191,TUR,22.223,231,243,H940,,,Ryan Harrison,R,185,USA,17.317,612,52,6-4 0-6 7-5,3,Q1,104,0,5,92,57,39,15,14,6,11,9,5,88,39,28,26,14,0,2
2009-560,US Open,Hard,128,G,O,20090831,42,I145,,,Kyu Tae Im,R,185,KOR,28.649,190,324,D617,,,Ryler DeHeart,L,183,USA,25.659,206,287,6-2 6-7(2) 6-3,3,Q1,124,0,7,91,55,38,20,15,1,4,0,6,92,55,37,16,14,6,12
2009-560,US Open,Hard,128,G,O,20090831,43,I230,,,Tatsuma Ito,R,180,JPN,21.287,274,199,S799,,,Pavel Snobel,L,191,CZE,29.506,290,186,7-5 6-4,3,Q1,90,2,1,72,41,31,17,11,7,8,3,1,67,43,26,14,11,5,8
2009-560,US Open,Hard,128,G,O,20090831,44,J397,,,Jerzy Janowicz,R,203,POL,18.798,230,244,S842,,,Andrea Stoppini,R,191,ITA,29.503,232,242,5-7 6-2 6-3,3,Q1,107,10,5,76,39,34,20,14,5,7,5,3,84,39,24,25,15,3,8
2009-560,US Open,Hard,128,G,O,20090831,45,K436,,,Dieter Kindlmann,R,183,GER,27.244,222,258,Z198,,,Caio Zampieri,R,183,BRA,23.264,283,190,6-4 6-2,3,Q1,64,3,2,55,37,29,11,9,3,3,2,0,55,38,22,8,9,5,8
2009-560,US Open,Hard,128,G,O,20090831,46,K609,,,Raven Klaasen,R,178,RSA,26.875,299,176,BC65,,,Matthias Bachinger,R,188,GER,22.415,224,257,7-5 7-5,3,Q1,89,4,1,72,37,29,23,12,4,4,1,4,73,40,29,17,12,3,5
2009-560,US Open,Hard,128,G,O,20090831,47,K926,,,Mikhail Kukushkin,R,183,KAZ,21.681,169,359,F337,,,Zack Fleishman,R,188,USA,29.457,729,30,6-1 6-3,3,Q1,54,3,5,45,19,14,12,8,1,4,1,8,51,21,10,8,8,2,9
2009-560,US Open,Hard,128,G,O,20090831,48,ME89,,,Illya Marchenko,R,185,UKR,21.979,199,308,LB19,,,Ryan Lipman,,,USA,18.891,,,6-4 7-6(5),3,Q1,96,6,4,78,49,31,16,11,5,7,1,2,72,47,31,11,11,8,11
2009-560,US Open,Hard,128,G,O,20090831,49,MF57,,,Michael McClune,R,188,USA,20.025,379,122,W359,,,Todd Widom,R,,USA,26.355,250,226,7-6(13) 2-6 6-4,3,Q1,174,20,5,116,65,48,26,15,2,4,5,2,113,80,55,22,15,6,6
2009-560,US Open,Hard,128,G,O,20090831,50,M708,,,Ricardo Mello,L,175,BRA,28.693,187,334,K596,,,Alexander Kudryavtsev,R,183,RUS,23.847,244,234,6-3 6-4,3,Q1,70,3,2,78,51,35,15,10,4,5,4,3,52,29,20,12,9,4,8
2009-560,US Open,Hard,128,G,O,20090831,51,MG08,,,Yannick Mertens,R,185,BEL,22.185,291,185,P646,,,Carlos Poch-Gradin,L,185,ESP,26.809,217,266,6-4 6-4,3,Q1,89,1,3,57,40,33,7,10,2,3,0,2,68,42,29,10,10,2,5
2009-560,US Open,Hard,128,G,O,20090831,52,N349,,,Conor Niland,R,185,IRL,27.948,408,107,S673,,,Joseph Sirianni,R,178,AUS,34.62,243,235,6-0 6-4,3,Q1,57,4,0,40,28,24,8,8,0,0,4,3,46,24,14,9,8,2,6
2009-560,US Open,Hard,128,G,O,20090831,53,P467,,,Alexander Peya,R,183,AUT,29.177,263,208,B929,,,Alex Bogdanovic,L,183,GBR,25.276,227,251,3-6 7-6(5) 6-3,3,Q1,138,5,3,90,49,36,19,14,4,8,6,5,100,54,34,21,16,4,10
2009-560,US Open,Hard,128,G,O,20090831,54,PB22,,,Peter Polansky,R,183,CAN,21.21,202,301,K737,,,Alex Kuznetsov,R,183,USA,22.568,212,274,7-6(3) 6-2,3,Q1,107,8,4,65,26,21,19,10,1,3,9,4,84,42,25,19,10,7,11
2009-560,US Open,Hard,128,G,O,20090831,55,R782,,,Julian Reister,R,188,GER,23.414,167,366,G374,,,Gaston Gaudio,R,175,ARG,30.727,313,166,6-1 7-6(3),3,Q1,73,3,0,55,32,24,16,9,1,2,4,8,73,42,25,14,10,5,9
2009-560,US Open,Hard,128,G,O,20090831,56,R612,,,Stephane Robert,R,185,FRA,29.29,166,376,ME31,,,Vincent Millot,L,173,FRA,23.584,240,236,6-4 6-4,3,Q1,75,5,1,56,38,30,8,10,3,5,4,1,79,48,26,15,10,13,17
2009-560,US Open,Hard,128,G,O,20090831,57,R685,,,Lukas Rosol,R,193,CZE,24.104,183,341,D353,,,Jose De Armas,R,,VEN,28.435,292,184,6-1 3-6 6-4,3,Q1,78,9,1,71,43,33,16,13,0,2,9,6,79,52,36,11,13,6,10
2009-560,US Open,Hard,128,G,O,20090831,58,SB28,,,Carlos Salamanca,L,196,COL,26.626,280,192,SB15,,,Pablo Santos,R,183,ESP,25.21,234,241,6-1 6-4,3,Q1,50,5,0,40,23,22,14,9,0,0,3,2,49,28,17,11,8,3,6
2009-560,US Open,Hard,128,G,O,20090831,59,SF36,,,Igor Sijsling,R,191,NED,22.037,311,168,G744,,,Josh Goodall,R,188,GBR,23.871,249,227,6-7(7) 6-2 4-2 RET,3,Q1,93,9,2,76,43,34,22,13,0,1,4,4,82,44,33,16,13,1,5
2009-560,US Open,Hard,128,G,O,20090831,60,S877,,,Julio Silva,R,173,BRA,30.168,197,311,E687,,,Daniel Evans,R,175,GBR,19.274,309,171,7-6(0) 7-6(0),3,Q1,140,4,4,88,53,38,18,12,3,5,12,3,93,49,30,22,12,5,8
2009-560,US Open,Hard,128,G,O,20090831,61,V379,,,Izak Van der Merwe,R,196,RSA,25.596,300,176,G323,,,Eric Gomes,R,,BRA,24.895,335,147,6-4 6-1,3,Q1,57,9,2,41,28,21,8,8,0,1,0,3,56,44,24,3,9,2,7
2009-560,US Open,Hard,128,G,O,20090831,62,V576,,,Michael Venus,R,191,NZL,21.875,783,25,F392,,,Marcel Felder,R,,URU,25.144,245,233,7-6(5) 6-4,3,Q1,98,5,2,69,35,26,20,11,2,4,1,2,80,54,33,14,11,3,6
2009-560,US Open,Hard,128,G,O,20090831,63,W387,,,Jesse Witten,R,178,USA,26.877,276,197,SC47,,,Go Soeda,R,178,JPN,24.986,186,336,6-2 6-1,3,Q1,48,8,4,46,24,21,11,8,2,3,0,2,43,33,15,3,7,2,7
2009-560,US Open,Hard,128,G,O,20090831,64,Y124,,,Donald Young,L,183,USA,20.107,185,336,C968,,,Marco Crugnola,R,188,ITA,26.272,201,304,7-6(2) 6-4,3,Q1,113,1,1,74,47,36,17,11,2,2,5,4,92,51,34,22,11,9,9
2009-560,US Open,Hard,128,G,O,20090831,65,BD20,,,Thomaz Bellucci,L,188,BRA,21.67,69,813,D875,,,Grigor Dimitrov,R,191,BUL,18.294,271,199,6-4 6-3,3,Q2,81,2,2,56,31,23,15,9,4,5,2,2,66,33,21,17,10,5,9
2009-560,US Open,Hard,128,G,O,20090831,66,Z184,,,Horacio Zeballos,L,188,ARG,24.345,76,750,BC11,,,Sergei Bubka,R,188,UKR,22.554,198,309,6-3 6-4,3,Q2,67,3,0,56,35,29,13,10,2,2,2,1,50,32,23,10,9,1,3
2009-560,US Open,Hard,128,G,O,20090831,67,L515,,,Peter Luczak,R,183,AUS,30.001,78,744,SB28,,,Carlos Salamanca,L,196,COL,26.626,280,192,7-6(7) 6-2,3,Q2,96,2,3,67,42,32,12,10,6,8,6,5,85,52,36,9,10,2,6
2009-560,US Open,Hard,128,G,O,20090831,68,M708,,,Ricardo Mello,L,175,BRA,28.693,187,334,ME82,4,,Adrian Mannarino,L,180,FRA,21.172,91,677,6-2 6-3,3,Q2,78,2,5,62,33,23,14,9,7,9,1,2,63,31,17,12,8,4,9
2009-560,US Open,Hard,128,G,O,20090831,69,O264,,,Josselin Ouanna,R,193,FRA,23.381,103,623,R782,,,Julian Reister,R,188,GER,23.414,167,366,7-5 7-5,3,Q2,91,11,1,63,35,31,16,12,0,1,3,2,75,49,34,13,12,5,8
2009-560,US Open,Hard,128,G,O,20090831,70,MA49,,,Rui Machado,R,178,POR,25.391,109,585,G551,,,Santiago Gonzalez,R,191,MEX,26.516,207,279,7-5 6-4,3,Q2,97,2,1,72,48,33,11,11,3,6,3,9,74,35,26,12,11,6,11
2009-560,US Open,Hard,128,G,O,20090831,71,K371,8,,Roko Karanusic,R,183,CRO,26.987,111,569,V379,,,Izak Van der Merwe,R,196,RSA,25.596,300,176,6-3 6-3,3,Q2,68,0,1,57,34,24,13,9,3,4,3,3,62,38,24,8,9,5,9
2009-560,US Open,Hard,128,G,O,20090831,72,PB22,,,Peter Polansky,R,183,CAN,21.21,202,301,R368,9,,Michael Russell,R,173,USA,31.335,112,560,5-7 6-2 6-4,3,Q2,146,10,7,95,47,33,23,15,9,13,1,7,103,71,38,17,15,9,15
2009-560,US Open,Hard,128,G,O,20090831,73,B678,,,Michael Berrer,L,193,GER,29.166,120,521,R612,,,Stephane Robert,R,185,FRA,29.29,166,376,6-3 6-2,3,Q2,75,4,3,63,46,34,8,9,2,2,1,3,60,43,25,6,8,5,8
2009-560,US Open,Hard,128,G,O,20090831,74,B764,,,Juan Pablo Brzezicki,R,178,ARG,27.387,188,334,G725,11,,Santiago Giraldo,R,188,COL,21.76,123,511,6-4 6-4,3,Q2,89,1,1,62,38,25,12,10,3,5,1,0,57,24,18,15,10,0,4
2009-560,US Open,Hard,128,G,O,20090831,75,I230,,,Tatsuma Ito,R,180,JPN,21.287,274,199,K540,12,,Lukasz Kubot,R,191,POL,27.294,124,506,6-2 3-6 6-4,3,Q2,145,2,8,98,55,34,20,14,7,12,3,4,90,64,40,9,13,7,12
2009-560,US Open,Hard,128,G,O,20090831,76,ME89,,,Illya Marchenko,R,185,UKR,21.979,199,308,BC72,13,,Daniel Brands,R,196,GER,22.125,126,504,3-6 7-5 6-4,3,Q2,125,10,7,97,66,45,16,16,4,7,7,3,88,62,45,12,15,2,5
2009-560,US Open,Hard,128,G,O,20090831,77,K926,,,Mikhail Kukushkin,R,183,KAZ,21.681,169,359,L336,18,,Harel Levy,R,185,ISR,31.072,138,464,6-3 3-6 6-1,3,Q2,125,4,5,86,42,26,29,13,6,8,10,3,102,58,45,12,12,10,14
2009-560,US Open,Hard,128,G,O,20090831,78,K310,19,,Stefan Koubek,L,175,AUT,32.66,140,458,SG56,,,Daniel Dutra da Silva,L,,BRA,21.155,286,188,6-3 6-4,3,Q2,82,4,2,56,33,22,14,10,1,4,1,1,68,38,20,13,9,7,12
2009-560,US Open,Hard,128,G,O,20090831,79,W387,,,Jesse Witten,R,178,USA,26.877,276,197,B752,21,,Stephane Bohli,R,185,SUI,26.103,144,450,3-6 6-2 6-0,3,Q2,84,7,4,66,35,30,15,11,2,3,1,4,77,39,29,14,12,5,10
2009-560,US Open,Hard,128,G,O,20090831,80,K771,,,Marsel Ilhan,R,191,TUR,22.223,231,243,D351,23,,Sebastien De Chaunac,R,183,FRA,31.899,149,428,7-6(4) 7-6(6),3,Q2,120,1,2,83,53,38,15,12,2,6,4,7,81,33,25,22,12,5,9
2009-560,US Open,Hard,128,G,O,20090831,81,K834,25,,Blaz Kavcic,R,188,SLO,22.491,152,412,I145,,,Kyu Tae Im,R,185,KOR,28.649,190,324,7-5 7-6(3),3,Q2,114,3,2,76,50,39,11,12,3,5,2,2,69,37,25,16,12,0,3
2009-560,US Open,Hard,128,G,O,20090831,82,J397,,,Jerzy Janowicz,R,203,POL,18.798,230,244,SD78,26,,Alexandre Sidorenko,R,185,FRA,21.533,153,411,7-6(5) 6-3,3,Q2,77,13,6,65,40,36,14,11,4,5,4,6,68,37,28,15,10,3,5
2009-560,US Open,Hard,128,G,O,20090831,83,BD59,,,Carsten Ball,L,198,AUS,22.198,155,402,D424,,,Rik De Voest,R,180,RSA,29.238,184,338,6-4 5-7 7-6(5),3,Q2,127,15,5,103,62,50,24,17,2,3,5,2,124,84,60,22,17,8,9
2009-560,US Open,Hard,128,G,O,20090831,84,L797,28,,Lukas Lacko,R,188,SVK,21.826,156,397,MG08,,,Yannick Mertens,R,185,BEL,22.185,291,185,6-7(5) 6-2 6-2,3,Q2,104,6,2,84,50,33,22,14,3,5,3,6,108,65,39,18,14,11,17
2009-560,US Open,Hard,128,G,O,20090831,85,F444,,,Alejandro Falla,L,185,COL,25.796,160,386,N349,,,Conor Niland,R,185,IRL,27.948,408,107,6-1 6-1,3,Q2,63,0,0,46,25,16,13,7,4,5,0,4,49,30,11,8,7,3,9
2009-560,US Open,Hard,128,G,O,20090831,86,C582,,,Marco Chiudinelli,R,185,SUI,27.973,161,386,BE54,,,Ruben Bemelmans,L,183,BEL,21.629,209,277,6-4 6-4,3,Q2,76,8,3,58,31,27,13,10,3,4,1,2,57,28,18,17,10,4,7
2009-560,US Open,Hard,128,G,O,20090831,87,D616,,,Somdev Devvarman,R,180,IND,24.545,162,386,SF36,,,Igor Sijsling,R,191,NED,22.037,311,168,6-3 6-7(6) 6-3,3,Q2,139,6,3,117,86,58,17,16,6,8,7,4,85,52,34,18,14,1,5
2009-560,US Open,Hard,128,G,O,20090831,88,J290,,,Scoville Jenkins,R,188,USA,22.938,259,211,MF57,,,Michael McClune,R,188,USA,20.025,379,122,6-3 6-4,3,Q2,76,6,6,57,33,30,13,10,1,1,6,6,64,40,26,11,9,6,8
2009-560,US Open,Hard,128,G,O,20090831,89,K436,,,Dieter Kindlmann,R,183,GER,27.244,222,258,SF62,,,Tim Smyczek,R,175,USA,21.67,288,187,6-2 6-4,3,Q2,74,1,1,60,34,26,17,9,1,1,2,1,54,29,16,15,9,3,6
2009-560,US Open,Hard,128,G,O,20090831,90,L523,,,Michael Lammer,R,185,SUI,27.436,176,348,CA33,,,Inigo Cervantes,R,180,ESP,19.751,226,252,6-4 3-6 6-2,3,Q2,143,1,2,87,37,29,24,13,8,11,7,6,91,39,26,25,14,10,15
2009-560,US Open,Hard,128,G,O,20090831,91,L430,,,Giovanni Lapentti,R,193,ECU,26.598,182,341,V576,,,Michael Venus,R,191,NZL,21.875,783,25,6-3 6-7(1) 6-3,3,Q2,125,8,2,85,53,43,13,14,1,2,7,11,111,51,36,29,16,8,13
2009-560,US Open,Hard,128,G,O,20090831,92,P467,,,Alexander Peya,R,183,AUT,29.177,263,208,M836,,,Dominik Meffert,R,196,GER,28.394,174,350,6-4 7-5,3,Q2,93,8,2,64,36,25,18,11,4,6,0,7,61,33,21,13,11,2,7
2009-560,US Open,Hard,128,G,O,20090831,93,R685,,,Lukas Rosol,R,193,CZE,24.104,183,341,G527,,,Luka Gregorc,R,188,SLO,25.544,302,175,4-6 6-3 6-4,3,Q2,111,16,2,97,51,41,19,15,5,8,5,2,89,58,43,10,14,2,6
2009-560,US Open,Hard,128,G,O,20090831,94,S877,,,Julio Silva,R,173,BRA,30.168,197,311,E224,,,Victor Estrella Burgos,R,170,DOM,29.079,265,205,6-3 6-2,3,Q2,72,3,2,49,31,26,10,9,4,5,1,1,49,34,19,6,8,5,9
2009-560,US Open,Hard,128,G,O,20090831,95,Y070,,,Michael Yani,R,185,USA,28.665,253,220,K609,,,Raven Klaasen,R,178,RSA,26.875,299,176,1-6 7-6(6) 6-2,3,Q2,123,10,4,91,52,37,24,13,8,11,7,1,102,71,48,16,14,8,11
2009-560,US Open,Hard,128,G,O,20090831,96,Y124,,,Donald Young,L,183,USA,20.107,185,336,O327,,,Guillermo Olaso,R,175,ESP,21.435,301,176,7-5 6-2,3,Q2,76,3,3,63,41,25,12,10,5,8,0,4,61,34,17,10,10,4,10
2009-560,US Open,Hard,128,G,O,20090831,97,BD20,,,Thomaz Bellucci,L,188,BRA,21.67,69,813,J290,,,Scoville Jenkins,R,188,USA,22.938,259,211,6-2 6-4,3,Q3,89,7,0,59,42,31,8,9,3,4,1,4,55,30,18,10,9,1,3
2009-560,US Open,Hard,128,G,O,20090831,98,Z184,,,Horacio Zeballos,L,188,ARG,24.345,76,750,K310,19,,Stefan Koubek,L,175,AUT,32.66,140,458,6-4 6-1,3,Q3,60,0,1,44,27,22,12,8,1,1,3,6,57,33,20,10,9,8,12
2009-560,US Open,Hard,128,G,O,20090831,99,Y070,,,Michael Yani,R,185,USA,28.665,253,220,L515,,,Peter Luczak,R,183,AUS,30.001,78,744,6-4 7-6(3),3,Q3,91,7,4,67,41,33,14,11,3,4,4,2,67,50,37,7,11,0,2
2009-560,US Open,Hard,128,G,O,20090831,100,O264,,,Josselin Ouanna,R,193,FRA,23.381,103,623,S877,,,Julio Silva,R,173,BRA,30.168,197,311,4-6 6-4 6-4,3,Q3,120,13,5,95,49,41,20,15,5,7,8,5,107,61,44,22,15,10,13
2009-560,US Open,Hard,128,G,O,20090831,101,K436,,,Dieter Kindlmann,R,183,GER,27.244,222,258,MA49,,,Rui Machado,R,178,POR,25.391,109,585,3-6 7-5 6-4,3,Q3,120,2,5,83,52,37,17,16,3,6,6,4,104,62,36,25,15,4,8
2009-560,US Open,Hard,128,G,O,20090831,102,F444,,,Alejandro Falla,L,185,COL,25.796,160,386,K371,8,,Roko Karanusic,R,183,CRO,26.987,111,569,6-2 6-2,3,Q3,54,2,0,49,30,22,12,8,1,1,0,3,47,24,14,9,8,6,10
2009-560,US Open,Hard,128,G,O,20090831,103,B678,,,Michael Berrer,L,193,GER,29.166,120,521,K834,25,,Blaz Kavcic,R,188,SLO,22.491,152,412,6-2 6-2,3,Q3,68,3,2,50,37,27,5,8,0,2,1,1,48,23,11,8,8,2,8
2009-560,US Open,Hard,128,G,O,20090831,104,BD59,,,Carsten Ball,L,198,AUS,22.198,155,402,I230,,,Tatsuma Ito,R,180,JPN,21.287,274,199,6-3 6-2,3,Q3,59,14,1,56,38,29,11,9,2,2,1,0,43,22,11,11,8,1,4
2009-560,US Open,Hard,128,G,O,20090831,105,PB22,,,Peter Polansky,R,183,CAN,21.21,202,301,L797,28,,Lukas Lacko,R,188,SVK,21.826,156,397,6-3 6-4,3,Q3,64,1,3,65,52,39,5,10,2,4,4,2,53,42,24,8,9,2,5
2009-560,US Open,Hard,128,G,O,20090831,106,C582,,,Marco Chiudinelli,R,185,SUI,27.973,161,386,ME89,,,Illya Marchenko,R,185,UKR,21.979,199,308,7-5 2-6 6-3,3,Q3,147,5,2,98,52,39,22,15,3,7,6,6,86,45,34,20,14,3,6
2009-560,US Open,Hard,128,G,O,20090831,107,B764,,,Juan Pablo Brzezicki,R,178,ARG,27.387,188,334,L523,,,Michael Lammer,R,185,SUI,27.436,176,348,6-2 6-1,3,Q3,83,2,0,59,42,29,10,8,6,6,0,4,42,15,9,13,7,1,3
2009-560,US Open,Hard,128,G,O,20090831,108,D616,,,Somdev Devvarman,R,180,IND,24.545,162,386,J397,,,Jerzy Janowicz,R,203,POL,18.798,230,244,6-3 6-2,3,Q3,80,1,0,53,35,25,13,9,2,2,3,2,49,28,19,8,8,2,5
2009-560,US Open,Hard,128,G,O,20090831,109,K771,,,Marsel Ilhan,R,191,TUR,22.223,231,243,M708,,,Ricardo Mello,L,175,BRA,28.693,187,334,6-4 6-2,3,Q3,68,3,3,62,38,28,12,9,1,2,8,1,47,23,15,10,9,1,5
2009-560,US Open,Hard,128,G,O,20090831,110,L430,,,Giovanni Lapentti,R,193,ECU,26.598,182,341,K926,,,Mikhail Kukushkin,R,183,KAZ,21.681,169,359,6-2 6-4,3,Q3,85,5,3,55,31,21,11,9,2,4,1,4,55,27,18,8,9,4,10
2009-560,US Open,Hard,128,G,O,20090831,111,W387,,,Jesse Witten,R,178,USA,26.877,276,197,P467,,,Alexander Peya,R,183,AUT,29.177,263,208,6-4 6-3,3,Q3,83,5,2,59,30,23,15,10,2,4,1,3,63,28,17,17,9,6,10
2009-560,US Open,Hard,128,G,O,20090831,112,Y124,,,Donald Young,L,183,USA,20.107,185,336,R685,,,Lukas Rosol,R,193,CZE,24.104,183,341,6-3 6-4,3,Q3,66,8,1,58,42,33,11,10,3,3,4,2,59,29,21,16,9,5,7
2009-341,Metz,Hard,28,250,I,20090921,1,I255,,,Jean-Noel Insausti,,,FRA,25.52,412,96,S902,,,Marc Steger,,,FRA,28.216,1602,1,6-4 6-4,3,Q1,79,4,3,66,31,28,17,10,4,4,1,5,53,31,24,13,10,1,3
2009-341,Metz,Hard,28,250,I,20090921,2,L702,,,Mikhail Ledovskikh,R,188,RUS,23.121,483,74,S802,,,Valentin Sanon,R,,CIV,29.339,704,30,6-7(5) 6-4 6-4,3,Q1,125,28,4,95,57,52,18,16,1,1,21,9,120,73,54,22,16,6,8
2009-341,Metz,Hard,28,250,I,20090921,3,R822,,,Laurent Rochette,R,180,FRA,21.626,406,99,SL28,,,Jan-Lennard Struff,R,193,GER,19.409,854,17,6-7(7) 6-1 6-2,3,Q1,114,11,2,91,53,37,21,13,6,8,4,4,90,51,27,20,14,5,12
2009-341,Metz,Hard,28,250,I,20090921,4,SA81,,,Dmitri Sitak,R,183,RUS,26.552,744,26,K512,,,Ivo Klec,R,183,SVK,28.813,360,117,7-6(3) 6-4,3,Q1,105,4,6,90,53,35,15,11,13,17,4,5,61,30,19,12,11,0,5
2009-341,Metz,Hard,28,250,I,20090921,5,V311,,,Roman Valent,R,183,SUI,26.207,1088,7,BH00,,,Olivier Borsos,,,HUN,19.014,,,6-0 6-2,3,Q1,37,1,1,37,22,16,11,7,0,1,1,1,35,19,8,1,7,1,7
2009-341,Metz,Hard,28,250,I,20090921,6,B678,,,Michael Berrer,L,193,GER,29.224,127,472,R822,,,Laurent Rochette,R,180,FRA,21.626,406,99,6-4 6-3,3,Q2,78,3,2,54,39,32,7,9,2,2,7,0,60,35,24,13,10,5,8
2009-341,Metz,Hard,28,250,I,20090921,7,C487,,,Arnaud Clement,R,173,FRA,31.762,138,445,SA81,,,Dmitri Sitak,R,183,RUS,26.552,744,26,6-3 6-2,3,Q2,83,0,2,63,34,26,15,9,6,7,4,3,55,29,16,10,8,4,8
2009-341,Metz,Hard,28,250,I,20090921,8,D351,,,Sebastien De Chaunac,R,183,FRA,31.956,144,424,O195,,,Thomas Oger,,,MON,29.5,471,79,6-4 4-6 6-1,3,Q2,106,6,3,79,35,27,28,14,2,4,5,0,76,42,31,14,13,3,7
2009-341,Metz,Hard,28,250,I,20090921,9,V311,,,Roman Valent,R,183,SUI,26.207,1088,7,K926,4,,Mikhail Kukushkin,R,183,KAZ,21.739,164,347,6-7(2) 6-3 7-6(4),3,Q2,161,5,0,127,91,54,23,16,9,11,2,4,119,75,51,17,17,9,13
2009-341,Metz,Hard,28,250,I,20090921,10,M873,,,Nicolas Mahut,R,191,FRA,27.666,174,325,L702,,,Mikhail Ledovskikh,R,188,RUS,23.121,483,74,6-2 6-4,3,Q2,65,10,1,45,23,20,16,9,0,0,12,1,60,32,24,8,9,2,5
2009-341,Metz,Hard,28,250,I,20090921,11,A356,,,Thierry Ascione,R,188,FRA,28.676,200,266,M902,,,Julien Mathieu,R,,FRA,27.417,,,6-1 7-5,3,Q2,71,13,3,51,31,27,13,10,0,1,1,3,71,41,23,13,9,5,9
2009-341,Metz,Hard,28,250,I,20090921,12,B929,7,,Alex Bogdanovic,L,183,GBR,25.333,247,209,W480,,,Frank Wintermantel,,,GER,21.087,629,44,7-5 6-4,3,Q2,87,2,3,76,51,38,12,11,4,5,4,5,63,33,24,14,11,3,6
2009-341,Metz,Hard,28,250,I,20090921,13,B503,8,,George Bastl,R,183,SUI,34.475,259,192,I255,,,Jean-Noel Insausti,,,FRA,25.52,412,96,6-3 6-3,3,Q2,76,6,4,51,33,28,9,9,2,3,0,3,52,23,17,12,9,5,9
2009-341,Metz,Hard,28,250,I,20090921,14,B678,,,Michael Berrer,L,193,GER,29.224,127,472,M873,,,Nicolas Mahut,R,191,FRA,27.666,174,325,6-4 6-3,3,Q3,92,6,2,72,52,41,7,10,3,3,7,1,59,35,24,11,9,4,6
2009-341,Metz,Hard,28,250,I,20090921,15,A356,,,Thierry Ascione,R,188,FRA,28.676,200,266,C487,,,Arnaud Clement,R,173,FRA,31.762,138,445,6-3 6-2,3,Q3,82,7,2,67,42,31,12,9,4,5,3,2,54,33,22,8,8,5,9
2009-341,Metz,Hard,28,250,I,20090921,16,D351,,,Sebastien De Chaunac,R,183,FRA,31.956,144,424,B929,7,,Alex Bogdanovic,L,183,GBR,25.333,247,209,6-1 1-6 7-6(7),3,Q3,139,14,3,105,65,49,16,13,7,9,10,2,94,62,47,14,13,5,7
2009-341,Metz,Hard,28,250,I,20090921,17,V311,,,Roman Valent,R,183,SUI,26.207,1088,7,B503,8,,George Bastl,R,183,SUI,34.475,259,192,7-6(6) 1-6 6-2,3,Q3,118,0,1,84,62,38,11,14,2,7,7,5,82,58,41,8,13,2,6
2009-773,Bucharest,Clay,32,250,O,20090921,1,K540,1,,Lukasz Kubot,R,191,POL,27.351,139,434,PC54,,,Valentin Palas,,,ROU,21.862,1530,2,6-3 6-2,3,Q1,83,1,2,59,37,24,14,8,4,5,0,4,66,31,18,14,9,4,9
2009-773,Bucharest,Clay,32,250,O,20090921,2,V251,,,Santiago Ventura,R,183,ESP,29.711,112,514,A825,,,Bogdan Andrii,,,ROU,20.227,,,6-3 6-2,3,Q1,49,2,0,49,33,26,12,9,4,4,0,5,42,26,16,9,8,0,3
2009-773,Bucharest,Clay,32,250,O,20090921,3,R750,,,Pere Riba,R,183,ESP,21.457,157,372,A392,,,Artemon Apostu-Efremov,R,0,ROU,30.259,1753,1,6-3 6-1,3,Q1,62,3,0,55,36,26,12,8,2,2,0,2,47,30,16,7,8,1,5
2009-773,Bucharest,Clay,32,250,O,20090921,4,S877,,,Julio Silva,R,173,BRA,30.226,160,354,G802,,,Ilie-Aurelian Giurgiu,R,,ROU,22.3,1110,7,6-0 6-0,3,Q1,36,0,1,29,21,18,6,6,0,0,1,0,35,27,10,0,6,0,6
2009-773,Bucharest,Clay,32,250,O,20090921,5,M915,5,,Daniel Munoz de la Nava,L,175,ESP,27.644,196,272,MA10,,,Marcel-Ioan Miron,,,ROU,27.461,878,16,6-2 4-6 7-5,3,Q1,137,0,1,84,54,41,17,15,1,3,2,3,87,58,38,15,15,5,9
2009-773,Bucharest,Clay,32,250,O,20090921,6,C666,,,Adrian Cruciat,R,,ROU,26.478,446,83,K436,6,,Dieter Kindlmann,R,183,GER,27.302,214,243,6-2 6-3,3,Q1,54,11,0,40,31,28,8,9,0,0,1,2,55,42,28,3,8,3,6
2009-773,Bucharest,Clay,32,250,O,20090921,7,V254,,,Filippo Volandri,R,183,ITA,28.044,227,227,G528,,,Daniele Giorgini,R,180,ITA,25.41,372,110,6-4 2-6 6-3,3,Q1,130,0,4,72,58,30,6,13,0,6,5,7,110,58,37,21,14,9,16
2009-773,Bucharest,Clay,32,250,O,20090921,8,V205,,,Dusan Vemic,R,188,SRB,33.262,429,90,RA17,8,,Guillaume Rufin,R,188,FRA,19.324,261,191,7-6(3) 4-6 7-5,3,Q1,152,8,3,104,70,55,16,17,5,7,2,5,109,59,43,30,17,7,9
2009-773,Bucharest,Clay,32,250,O,20090921,9,C996,,,Alexandru-Daniel Carpen,R,,ROU,22.825,1326,3,D846,,,Adrian-Marin Dancescu,R,,ROU,20.197,,,6-2 6-7(2) 6-4,3,Q1,132,2,5,94,64,42,14,15,3,7,1,9,94,58,36,14,15,9,16
2009-773,Bucharest,Clay,32,250,O,20090921,10,CB76,,,Robert Coman,R,,ROU,18.886,1080,8,F794,,,Ioan Farcas,,,ROU,18.489,,,6-2 6-2,3,Q1,155,0,0,55,29,21,16,8,3,4,0,3,53,26,14,9,8,6,11
2009-773,Bucharest,Clay,32,250,O,20090921,11,C546,,,Teodor-Dacian Craciun,R,170,ROU,29.292,597,49,SN07,,,Vlad-Cristian Smighelschi,,,ROU,19.943,,,6-4 6-3,3,Q1,81,0,2,60,51,33,6,9,8,10,0,5,71,44,23,11,10,3,8
2009-773,Bucharest,Clay,32,250,O,20090921,12,D961,,,Tudor Dumitrescu,,,ROU,20.189,,,BI75,,,Mihai Badescu,,,ROU,28.862,,,6-4 6-4,3,Q1,85,0,2,62,40,29,12,10,2,3,0,9,86,50,32,16,10,7,10
2009-773,Bucharest,Clay,32,250,O,20090921,13,M760,,,Oliver Marach,R,185,AUT,29.183,781,22,N616,,,Catalin-Petre Nedelescu,,,ROU,18.237,,,6-0 6-0,3,Q1,50,0,0,27,24,21,3,6,0,0,0,0,39,32,11,2,6,9,15
2009-773,Bucharest,Clay,32,250,O,20090921,14,PB12,,,Paul-Mihai Puscasu,,,ROU,21.284,1189,6,A703,,,Adnan Al Mahmoud,R,,ROU,21.292,1570,2,6-2 6-2,3,Q1,25,0,0,47,35,28,8,8,2,2,0,1,36,33,18,0,8,0,4
2009-773,Bucharest,Clay,32,250,O,20090921,15,S535,,,Razvan Sabau,R,185,ROU,32.26,655,39,MK89,,,Sergiu Margarit,R,,ROU,18.678,,,6-0 6-2,3,Q1,69,3,2,42,26,19,12,7,1,1,2,0,57,37,18,6,7,6,11
2009-773,Bucharest,Clay,32,250,O,20090921,16,SJ71,,,Andrei Savulescu,,,ROU,17.889,1379,3,E672,,,Laurentiu Erlic,,,ROU,22.754,1095,7,6-3 6-3,3,Q1,71,0,5,49,23,19,13,9,1,3,2,5,61,35,18,13,9,5,10
2009-773,Bucharest,Clay,32,250,O,20090921,17,K540,1,,Lukasz Kubot,R,191,POL,27.351,139,434,C996,,,Alexandru-Daniel Carpen,R,,ROU,22.825,1326,3,6-4 6-0,3,Q2,61,1,3,48,37,30,5,8,5,5,2,9,55,24,16,13,8,2,6
2009-773,Bucharest,Clay,32,250,O,20090921,18,V251,,,Santiago Ventura,R,183,ESP,29.711,112,514,C546,,,Teodor-Dacian Craciun,R,170,ROU,29.292,597,49,6-0 6-3,3,Q2,64,0,0,51,31,24,9,7,3,3,1,0,57,38,21,6,8,2,7
2009-773,Bucharest,Clay,32,250,O,20090921,19,R750,,,Pere Riba,R,183,ESP,21.457,157,372,S535,,,Razvan Sabau,R,185,ROU,32.26,655,39,6-3 6-0,3,Q2,55,10,1,40,26,22,12,8,2,2,0,2,44,26,12,7,7,3,7
2009-773,Bucharest,Clay,32,250,O,20090921,20,S877,,,Julio Silva,R,173,BRA,30.226,160,354,M760,,,Oliver Marach,R,185,AUT,29.183,781,22,6-1 7-6(3),3,Q2,95,6,0,63,46,32,10,10,1,2,3,2,67,43,27,10,9,0,3
2009-773,Bucharest,Clay,32,250,O,20090921,21,M915,5,,Daniel Munoz de la Nava,L,175,ESP,27.644,196,272,SJ71,,,Andrei Savulescu,,,ROU,17.889,1379,3,6-2 6-2,3,Q2,71,2,1,54,26,15,16,8,4,6,0,4,53,32,13,8,8,7,13
2009-773,Bucharest,Clay,32,250,O,20090921,22,V254,,,Filippo Volandri,R,183,ITA,28.044,227,227,D961,,,Tudor Dumitrescu,,,ROU,20.189,,,6-0 6-0,3,Q2,41,1,1,31,26,22,3,6,0,0,2,2,37,23,7,4,6,5,11
2009-773,Bucharest,Clay,32,250,O,20090921,23,CB76,,,Robert Coman,R,,ROU,18.886,1080,8,C666,,,Adrian Cruciat,R,,ROU,26.478,446,83,4-6 4-2 RET,3,Q2,81,1,0,57,40,24,8,8,3,5,0,1,40,22,14,11,8,0,2
2009-773,Bucharest,Clay,32,250,O,20090921,24,V205,,,Dusan Vemic,R,188,SRB,33.262,429,90,PB12,,,Paul-Mihai Puscasu,,,ROU,21.284,1189,6,6-4 6-1,3,Q2,63,5,2,48,26,20,14,8,0,0,2,4,51,27,18,10,9,3,7
2009-773,Bucharest,Clay,32,250,O,20090921,25,V254,,,Filippo Volandri,R,183,ITA,28.044,227,227,K540,1,,Lukasz Kubot,R,191,POL,27.351,139,434,6-3 6-2,3,Q3,79,0,0,51,44,28,4,9,0,2,0,2,69,48,23,10,8,10,15
2009-773,Bucharest,Clay,32,250,O,20090921,26,V251,,,Santiago Ventura,R,183,ESP,29.711,112,514,CB76,,,Robert Coman,R,,ROU,18.886,1080,8,7-6(1) 6-3,3,Q3,111,3,2,67,43,23,14,10,1,5,0,0,88,52,23,19,11,11,17
2009-773,Bucharest,Clay,32,250,O,20090921,27,R750,,,Pere Riba,R,183,ESP,21.457,157,372,V205,,,Dusan Vemic,R,188,SRB,33.262,429,90,6-4 6-2,3,Q3,81,1,3,55,34,28,13,9,3,3,1,4,64,46,29,6,9,6,9
2009-773,Bucharest,Clay,32,250,O,20090921,28,S877,,,Julio Silva,R,173,BRA,30.226,160,354,M915,5,,Daniel Munoz de la Nava,L,175,ESP,27.644,196,272,6-3 6-2,3,Q3,77,0,0,50,42,31,6,9,2,2,2,0,52,35,22,6,8,4,7
2009-1720,Bangkok,Hard,28,250,I,20090928,1,C582,,,Marco Chiudinelli,R,185,SUI,28.049,116,501,RB47,,,Vorachit Runglertmaneepong,,,THA,19.622,,,6-0 6-1,3,Q1,42,3,2,41,31,24,5,7,1,1,1,5,31,17,5,3,6,0,5
2009-1720,Bangkok,Hard,28,250,I,20090928,2,R613,,,Edouard Roger-Vasselin,R,185,FRA,25.834,149,403,D487,,,Lukas Dlouhy,R,185,CZE,26.472,448,82,6-2 6-1,3,Q1,44,2,0,41,27,23,9,8,0,0,2,6,45,32,16,4,7,1,5
2009-1720,Bangkok,Hard,28,250,I,20090928,3,Y124,,,Donald Young,L,183,USA,20.183,156,361,T957,,,Nathan Thompson,,,USA,26.784,415,94,6-1 6-2,3,Q1,63,0,0,45,34,25,8,8,0,0,0,1,47,28,17,6,7,0,4
2009-1720,Bangkok,Hard,28,250,I,20090928,4,SC47,6,,Go Soeda,R,178,JPN,25.062,177,306,J473,,,Deivids Juksa,,,LAT,18.771,,,6-1 6-2,3,Q1,47,3,1,37,24,23,9,8,0,0,0,1,47,35,18,3,7,4,8
2009-1720,Bangkok,Hard,28,250,I,20090928,5,K771,,,Marsel Ilhan,R,191,TUR,22.3,174,316,R518,,,Sanchai Ratiwatana,R,175,THA,27.68,,,7-5 7-5,3,Q1,90,5,0,68,49,34,9,12,2,5,3,4,83,56,33,10,12,5,10
2009-1720,Bangkok,Hard,28,250,I,20090928,6,D424,8,,Rik De Voest,R,180,RSA,29.314,194,278,H507,,,Levar Harper-Griffith,R,,USA,28.066,,,6-3 6-4,3,Q1,56,6,0,50,40,32,8,10,0,0,1,1,48,29,20,11,9,1,3
2009-1720,Bangkok,Hard,28,250,I,20090928,7,D684,,,Weerapat Doakmaiklee,,,THA,22.294,989,10,KA72,,,Warut Korkiatthaworn,,,THA,18.116,1587,1,6-3 6-1,3,Q1,60,7,1,38,27,23,9,8,0,0,1,1,54,30,19,10,8,5,9
2009-1720,Bangkok,Hard,28,250,I,20090928,8,G527,,,Luka Gregorc,R,188,SLO,25.621,274,183,SG66,,,Peerakiat Siriluethaiwattana,,,THA,20.118,923,13,6-0 3-6 6-3,3,Q1,94,6,3,70,50,40,7,12,2,4,2,3,80,50,32,11,12,7,12
2009-1720,Bangkok,Hard,28,250,I,20090928,9,I230,,,Tatsuma Ito,R,180,JPN,21.363,239,213,N433,,,Pongsiri Niroj,,,THA,27.031,1650,1,6-4 6-4,3,Q1,68,2,0,52,30,26,14,10,4,5,6,0,51,29,22,9,10,2,5
2009-1720,Bangkok,Hard,28,250,I,20090928,10,I063,,,Tasuku Iwami,L,168,JPN,31.222,531,60,L979,,,Pitchaya Limpimprorh,,,THA,20.542,,,6-1 6-2,3,Q1,61,0,0,39,32,22,7,7,1,1,0,1,58,44,22,5,8,3,8
2009-1720,Bangkok,Hard,28,250,I,20090928,11,M836,,,Dominik Meffert,R,196,GER,28.471,178,306,C493,,,Jeff Coetzee,R,173,RSA,32.427,,,6-2 6-2,3,Q1,131,5,0,46,33,27,9,8,3,3,1,1,52,33,16,9,8,5,9
2009-1720,Bangkok,Hard,28,250,I,20090928,12,P467,,,Alexander Peya,R,183,AUT,29.254,242,210,SF21,,,Kirati Siributwong,,,THA,22.368,1365,3,6-0 6-2,3,Q1,48,5,2,42,24,18,12,7,0,0,1,3,41,25,12,4,7,1,6
2009-1720,Bangkok,Hard,28,250,I,20090928,13,SH06,,,Peerakit Siributwong,R,,THA,19.097,885,15,KC69,,,Rewat Kitprasertsakul,,,THA,,,,6-3 6-1,3,Q1,64,0,1,43,26,19,12,8,0,1,1,1,56,34,18,9,8,8,13
2009-1720,Bangkok,Hard,28,250,I,20090928,14,S944,,,Simon Stadler,L,183,GER,26.193,286,172,BF94,,,Pongsatorn Benjamas,R,,THA,20.482,,,6-3 6-0,3,Q1,56,1,0,43,29,23,6,7,2,3,1,4,42,27,12,4,8,2,8
2009-1720,Bangkok,Hard,28,250,I,20090928,15,MB02,,,Florian Mayer,R,191,GER,25.982,93,604,I230,,,Tatsuma Ito,R,180,JPN,21.363,239,213,6-3 6-2,3,Q2,59,3,0,48,35,29,5,9,0,1,1,1,47,29,20,5,8,4,8
2009-1720,Bangkok,Hard,28,250,I,20090928,16,M836,,,Dominik Meffert,R,196,GER,28.471,178,306,R548,2,,Rajeev Ram,R,193,USA,25.53,104,544,6-3 3-6 6-1,3,Q2,101,9,2,82,55,40,16,13,3,4,12,1,82,62,42,7,12,1,4
2009-1720,Bangkok,Hard,28,250,I,20090928,17,C582,,,Marco Chiudinelli,R,185,SUI,28.049,116,501,G527,,,Luka Gregorc,R,188,SLO,25.621,274,183,6-1 6-4,3,Q2,63,6,0,46,34,28,9,9,0,0,2,0,52,34,22,5,8,2,5
2009-1720,Bangkok,Hard,28,250,I,20090928,18,R613,,,Edouard Roger-Vasselin,R,185,FRA,25.834,149,403,P467,,,Alexander Peya,R,183,AUT,29.254,242,210,6-3 3-6 7-6(2),3,Q2,134,4,1,101,71,54,15,15,5,7,6,0,93,59,42,19,15,1,3
2009-1720,Bangkok,Hard,28,250,I,20090928,19,Y124,,,Donald Young,L,183,USA,20.183,156,361,I063,,,Tasuku Iwami,L,168,JPN,31.222,531,60,6-4 6-3,3,Q2,80,1,2,71,50,33,13,10,3,4,0,0,54,34,23,9,9,2,5
2009-1720,Bangkok,Hard,28,250,I,20090928,20,SC47,6,,Go Soeda,R,178,JPN,25.062,177,306,S944,,,Simon Stadler,L,183,GER,26.193,286,172,5-7 6-3 6-4,3,Q2,151,1,3,105,71,42,21,16,12,16,1,0,108,76,45,16,15,10,15
2009-1720,Bangkok,Hard,28,250,I,20090928,21,K771,,,Marsel Ilhan,R,191,TUR,22.3,174,316,SH06,,,Peerakit Siributwong,R,,THA,19.097,885,15,6-2 6-4,3,Q2,74,3,1,56,37,27,10,9,4,5,1,5,53,35,23,6,9,0,4
2009-1720,Bangkok,Hard,28,250,I,20090928,22,D424,8,,Rik De Voest,R,180,RSA,29.314,194,278,D684,,,Weerapat Doakmaiklee,,,THA,22.294,989,10,6-3 6-4,3,Q2,83,9,0,65,57,40,4,10,4,5,2,0,66,56,33,4,9,4,7
2009-1720,Bangkok,Hard,28,250,I,20090928,23,MB02,,,Florian Mayer,R,191,GER,25.982,93,604,Y124,,,Donald Young,L,183,USA,20.183,156,361,6-2 6-4,3,Q3,65,4,2,52,39,31,5,9,5,6,0,2,59,37,22,7,9,5,9
2009-1720,Bangkok,Hard,28,250,I,20090928,24,C582,,,Marco Chiudinelli,R,185,SUI,28.049,116,501,SC47,6,,Go Soeda,R,178,JPN,25.062,177,306,6-4 1-6 6-3,3,Q3,116,8,1,73,62,43,5,13,1,4,5,2,96,79,46,10,13,6,9
2009-1720,Bangkok,Hard,28,250,I,20090928,25,R613,,,Edouard Roger-Vasselin,R,185,FRA,25.834,149,403,D424,8,,Rik De Voest,R,180,RSA,29.314,194,278,6-2 6-1,3,Q3,57,1,0,32,26,25,3,7,0,0,3,2,60,38,18,10,8,9,14
2009-1720,Bangkok,Hard,28,250,I,20090928,26,K771,,,Marsel Ilhan,R,191,TUR,22.3,174,316,M836,,,Dominik Meffert,R,196,GER,28.471,178,306,7-5 6-3,3,Q3,72,4,0,53,39,34,7,11,1,2,8,1,56,35,26,9,10,1,4
2009-6003,Kuala Lumpur,Hard,28,250,I,20090928,1,E254,,,Brendan Evans,R,188,USA,23.474,129,464,BE64,,,Mohammed-Faizal Bin Othman,,,MAS,26.606,,,6-0 6-0,3,Q1,32,6,1,29,20,19,5,6,0,0,0,2,29,14,3,2,6,2,8
2009-6003,Kuala Lumpur,Hard,28,250,I,20090928,2,K926,,,Mikhail Kukushkin,R,183,KAZ,21.758,162,347,BI09,,,Abdul-Hazli Bin Zainuddin,R,,MAS,28.898,,,6-2 6-2,3,Q1,59,2,0,50,35,25,9,8,4,5,1,3,50,27,16,6,8,1,6
2009-6003,Kuala Lumpur,Hard,28,250,I,20090928,3,Y070,,,Michael Yani,R,185,USA,28.742,208,253,H523,,,Stephen Huss,R,180,AUS,33.802,,,6-2 6-2,3,Q1,50,3,0,42,29,23,9,8,0,0,3,0,47,27,17,6,8,2,6
2009-6003,Kuala Lumpur,Hard,28,250,I,20090928,4,B757,,,Rohan Bopanna,R,193,IND,29.569,447,82,BE59,,,Kanagaraj Balakrishnan,,,MAS,21.695,,,6-2 6-0,3,Q1,45,10,1,35,25,22,7,7,1,1,1,2,42,18,9,9,7,1,6
2009-6003,Kuala Lumpur,Hard,28,250,I,20090928,5,J263,5,,Woong-Sun Jun,R,191,KOR,23.291,468,77,KC68,,,Mohamed Nazim Khan,,,MAS,16.255,,,7-5 6-2,3,Q1,72,9,5,66,42,35,10,10,6,7,3,5,62,23,15,19,10,0,4
2009-6003,Kuala Lumpur,Hard,28,250,I,20090928,6,Q019,6,,Aisam-Ul-Haq Qureshi,R,183,PAK,29.533,563,54,SN12,,,Khevan Somasundram,,,MAS,,,,6-1 6-1,3,Q1,45,5,2,33,23,21,7,7,0,0,0,7,45,17,11,8,7,5,10
2009-6003,Kuala Lumpur,Hard,28,250,I,20090928,7,F364,,,Mariusz Fyrstenberg,L,191,POL,29.224,,,SA86,7,,Yew-Ming Si,,,MAS,30.097,1569,2,6-4 5-7 7-6(1),3,Q1,136,16,3,95,64,50,19,17,1,3,11,14,114,67,50,21,17,6,8
2009-6003,Kuala Lumpur,Hard,28,250,I,20090928,8,L580,,,Scott Lipsky,R,185,USA,28.123,,,J265,8,,Adam Jaya,,,MAS,24.715,1747,1,6-2 6-2,3,Q1,59,12,1,38,29,24,8,8,0,0,2,3,57,31,14,15,8,1,5
2009-6003,Kuala Lumpur,Hard,28,250,I,20090928,9,E254,,,Brendan Evans,R,188,USA,23.474,129,464,J263,5,,Woong-Sun Jun,R,191,KOR,23.291,468,77,4-6 6-4 6-3,3,Q2,121,5,0,96,65,47,14,15,4,7,9,6,97,60,42,15,14,10,14
2009-6003,Kuala Lumpur,Hard,28,250,I,20090928,10,K926,,,Mikhail Kukushkin,R,183,KAZ,21.758,162,347,Q019,6,,Aisam-Ul-Haq Qureshi,R,183,PAK,29.533,563,54,7-6(3) 6-2,3,Q2,92,8,4,64,37,27,16,10,2,3,4,3,69,35,24,13,10,6,9
2009-6003,Kuala Lumpur,Hard,28,250,I,20090928,11,Y070,,,Michael Yani,R,185,USA,28.742,208,253,L580,,,Scott Lipsky,R,185,USA,28.123,,,4-6 6-3 6-3,3,Q2,99,4,2,75,43,37,20,14,2,3,12,3,106,66,46,15,14,10,13
2009-6003,Kuala Lumpur,Hard,28,250,I,20090928,12,B757,,,Rohan Bopanna,R,193,IND,29.569,447,82,F364,,,Mariusz Fyrstenberg,L,191,POL,29.224,,,7-5 6-1,3,Q2,69,8,1,54,27,24,18,10,2,2,8,0,63,38,25,11,9,6,9
2009-329,Tokyo,Hard,32,500,O,20091005,1,G858,,,Ernests Gulbis,R,191,LAT,21.098,98,570,MG88,,,Junn Mitsuhashi,,,JPN,20.345,466,78,6-2 6-3,3,Q1,68,8,2,43,20,18,17,8,1,1,2,4,64,34,24,11,9,6,10
2009-329,Tokyo,Hard,32,500,O,20091005,2,C582,,,Marco Chiudinelli,R,185,SUI,28.068,100,558,G527,,,Luka Gregorc,R,188,SLO,25.64,283,173,6-3 6-4,3,Q1,71,6,2,52,33,27,10,10,2,4,5,3,57,32,21,11,9,4,8
2009-329,Tokyo,Hard,32,500,O,20091005,3,SE73,,,Yuichi Sugita,R,175,JPN,21.046,303,156,D616,3,,Somdev Devvarman,R,180,IND,24.641,129,451,3-6 7-5 6-4,3,Q1,105,0,3,107,59,40,20,15,9,14,4,3,103,68,44,13,16,4,10
2009-329,Tokyo,Hard,32,500,O,20091005,4,R613,,,Edouard Roger-Vasselin,R,185,FRA,25.854,189,283,P467,,,Alexander Peya,R,183,AUT,29.273,239,210,6-2 6-4,3,Q1,64,5,0,40,27,22,10,9,0,1,4,2,63,36,21,10,9,5,9
2009-329,Tokyo,Hard,32,500,O,20091005,5,I145,5,,Kyu Tae Im,R,185,KOR,28.745,167,332,E757,,,Hiroyasu Ehara,,,JPN,18.3,,,0-6 6-2 6-3,3,Q1,107,1,2,64,43,31,11,12,0,3,0,6,80,49,29,18,11,6,9
2009-329,Tokyo,Hard,32,500,O,20091005,6,K771,,,Marsel Ilhan,R,191,TUR,22.319,160,348,K457,,,Hiroki Kondo,R,178,JPN,26.916,425,89,6-3 6-4,3,Q1,75,3,2,66,42,30,16,10,1,1,2,1,56,26,16,19,9,3,5
2009-329,Tokyo,Hard,32,500,O,20091005,7,M836,7,,Dominik Meffert,R,196,GER,28.49,184,300,I183,,,Yuichi Ito,,,JPN,23.165,495,69,6-3 6-2,3,Q1,62,3,1,49,34,30,8,9,1,1,3,3,58,35,20,11,8,5,8
2009-329,Tokyo,Hard,32,500,O,20091005,8,D424,8,,Rik De Voest,R,180,RSA,29.333,215,238,MI01,,,Hiroki Moriya,R,168,JPN,18.971,388,100,6-4 7-6(3),3,Q1,104,11,1,75,43,31,17,11,7,10,1,4,80,48,26,16,11,3,7
2009-329,Tokyo,Hard,32,500,O,20091005,9,G858,,,Ernests Gulbis,R,191,LAT,21.098,98,570,M836,7,,Dominik Meffert,R,196,GER,28.49,184,300,6-7(3) 6-3 6-4,3,Q2,136,18,5,96,55,50,21,16,1,1,6,4,108,68,46,22,15,3,5
2009-329,Tokyo,Hard,32,500,O,20091005,10,C582,,,Marco Chiudinelli,R,185,SUI,28.068,100,558,I145,5,,Kyu Tae Im,R,185,KOR,28.745,167,332,6-7(6) 6-4 6-2,3,Q2,142,9,1,88,55,41,20,15,2,3,11,5,105,59,41,21,15,4,8
2009-329,Tokyo,Hard,32,500,O,20091005,11,R613,,,Edouard Roger-Vasselin,R,185,FRA,25.854,189,283,D424,8,,Rik De Voest,R,180,RSA,29.333,215,238,3-6 6-3 6-4,3,Q2,104,3,1,77,54,41,13,14,5,7,5,1,84,59,41,11,14,7,10
2009-329,Tokyo,Hard,32,500,O,20091005,12,K771,,,Marsel Ilhan,R,191,TUR,22.319,160,348,SE73,,,Yuichi Sugita,R,175,JPN,21.046,303,156,7-6(4) 6-1,3,Q2,101,6,0,57,35,27,10,9,2,4,4,4,82,44,26,15,10,11,16
2009-747,Beijing,Hard,32,500,O,20091005,1,Y124,,,Donald Young,L,183,USA,20.203,155,361,L397,1,,Feliciano Lopez,L,188,ESP,28.041,33,1205,7-6(4) 3-6 6-3,3,Q1,110,2,4,93,63,42,16,15,2,5,6,5,83,45,34,19,15,2,5
2009-747,Beijing,Hard,32,500,O,20091005,2,G569,,,Robby Ginepri,R,183,USA,26.995,67,760,Z272,,,Ze Zhang,R,188,CHN,19.255,598,46,6-4 6-3,3,Q1,90,9,2,61,36,26,12,10,5,8,4,4,80,47,28,12,9,8,13
2009-747,Beijing,Hard,32,500,O,20091005,3,F510,,,Fabio Fognini,R,178,ITA,22.368,74,720,T982,,,Tsung-Hua Yang,R,178,TPE,18.522,387,100,6-2 4-6 7-5,3,Q1,127,10,2,90,61,49,9,15,7,10,4,4,104,57,33,26,15,6,11
2009-747,Beijing,Hard,32,500,O,20091005,4,MB02,,,Florian Mayer,R,191,GER,26.001,85,616,Y070,,,Michael Yani,R,185,USA,28.761,198,265,7-6(1) 6-4,3,Q1,97,4,1,71,49,35,12,11,7,9,2,2,74,45,28,13,11,6,9
2009-747,Beijing,Hard,32,500,O,20091005,5,L428,5,,Michael Llodra,L,191,FRA,29.383,136,442,K512,,,Ivo Klec,R,183,SVK,28.851,353,117,6-2 6-1,3,Q1,50,4,2,47,27,20,12,8,2,3,0,2,35,23,8,6,7,4,9
2009-747,Beijing,Hard,32,500,O,20091005,6,D487,,,Lukas Dlouhy,R,185,CZE,26.491,448,82,E254,6,,Brendan Evans,R,188,USA,23.493,118,488,7-6(6) 0-6 7-6(1),3,Q1,118,3,17,111,62,36,20,15,4,12,3,0,112,73,38,22,15,9,14
2009-747,Beijing,Hard,32,500,O,20091005,7,D351,7,,Sebastien De Chaunac,R,183,FRA,31.995,140,424,Z151,,,Shao-Xuan Zeng,R,185,CHN,28.101,396,96,6-1 7-6(3),3,Q1,88,2,0,57,37,31,12,10,1,2,1,1,67,44,26,12,9,3,6
2009-747,Beijing,Hard,32,500,O,20091005,8,K540,,,Lukasz Kubot,R,191,POL,27.389,143,418,C786,,,Kamil Capkovic,R,198,SVK,23.343,213,243,6-3 5-1 RET,3,Q1,66,2,2,42,32,22,6,7,1,2,0,0,47,35,18,3,8,3,8
2009-747,Beijing,Hard,32,500,O,20091005,9,G569,,,Robby Ginepri,R,183,USA,26.995,67,760,L428,5,,Michael Llodra,L,191,FRA,29.383,136,442,6-3 6-1,3,Q2,70,1,2,51,32,19,11,8,2,4,2,0,63,40,21,6,8,6,12
2009-747,Beijing,Hard,32,500,O,20091005,10,F510,,,Fabio Fognini,R,178,ITA,22.368,74,720,D487,,,Lukas Dlouhy,R,185,CZE,26.491,448,82,6-3 6-0,3,Q2,46,3,3,43,36,27,1,8,0,2,0,5,50,32,15,5,7,5,11
2009-747,Beijing,Hard,32,500,O,20091005,11,MB02,,,Florian Mayer,R,191,GER,26.001,85,616,D351,7,,Sebastien De Chaunac,R,183,FRA,31.995,140,424,4-1 RET,3,Q2,31,3,0,31,19,15,4,2,3,3,1,2,17,8,6,2,3,1,3
2009-747,Beijing,Hard,32,500,O,20091005,12,K540,,,Lukasz Kubot,R,191,POL,27.389,143,418,Y124,,,Donald Young,L,183,USA,20.203,155,361,6-2 6-3,3,Q2,76,3,5,56,42,27,4,8,6,9,2,1,56,41,17,5,9,5,12
2009-5014,Shanghai Masters,Hard,56,M,O,20091011,1,BD20,,,Thomaz Bellucci,L,188,BRA,21.782,56,833,Z272,,,Ze Zhang,R,188,CHN,19.272,598,46,6-2 6-1,3,Q1,53,6,4,42,31,26,7,8,1,1,1,3,37,30,15,2,7,0,4
2009-5014,Shanghai Masters,Hard,56,M,O,20091011,2,M760,,,Oliver Marach,R,185,AUT,29.238,766,22,MD56,2,,Leonardo Mayer,R,191,ARG,22.409,63,808,6-4 7-6(4),3,Q1,108,5,1,73,46,38,15,11,3,3,6,6,64,35,28,18,11,2,3
2009-5014,Shanghai Masters,Hard,56,M,O,20091011,3,G569,3,,Robby Ginepri,R,183,USA,27.012,67,760,MH61,,,Ya-Nan Ma,,,CHN,19.348,1249,4,6-3 6-1,3,Q1,52,4,0,41,31,24,6,8,0,1,0,0,39,24,12,4,8,2,7
2009-5014,Shanghai Masters,Hard,56,M,O,20091011,4,F510,,,Fabio Fognini,R,178,ITA,22.385,74,720,B503,,,George Bastl,R,183,SUI,34.53,270,182,7-5 1-6 6-1,3,Q1,103,8,9,93,55,40,17,13,8,10,6,3,68,50,33,12,13,0,3
2009-5014,Shanghai Masters,Hard,56,M,O,20091011,5,MB02,,,Florian Mayer,R,191,GER,26.018,85,616,W571,,,Di Wu,R,173,CHN,18.075,745,25,6-0 6-2,3,Q1,57,0,1,38,24,19,9,7,0,0,0,1,45,27,12,7,7,3,8
2009-5014,Shanghai Masters,Hard,56,M,O,20091011,6,S636,,,Rainer Schuettler,R,180,GER,33.462,99,565,E196,,,Rainer Eitzinger,R,178,AUT,26.289,241,209,6-2 6-1,3,Q1,62,0,1,47,32,26,8,8,2,2,0,1,47,22,11,12,7,2,6
2009-5014,Shanghai Masters,Hard,56,M,O,20091011,7,C582,,,Marco Chiudinelli,R,185,SUI,28.085,100,558,T982,,,Tsung-Hua Yang,R,178,TPE,18.538,387,100,6-3 6-2,3,Q1,67,5,1,55,38,31,8,9,1,1,3,0,47,32,21,6,8,5,8
2009-5014,Shanghai Masters,Hard,56,M,O,20091011,8,O133,,,Noam Okun,R,185,ISR,31.488,275,179,E254,8,,Brendan Evans,R,188,USA,23.51,118,488,4-6 7-6(2) 3-0 RET,3,Q1,104,5,0,90,65,47,14,13,9,10,6,3,71,50,38,11,12,0,1
2009-5014,Shanghai Masters,Hard,56,M,O,20091011,9,L428,,,Michael Llodra,L,191,FRA,29.399,136,442,Y105,,,Xin-Yuan Yu,L,,CHN,24.657,842,17,6-4 6-3,3,Q1,72,3,1,47,36,31,6,9,0,0,2,2,57,36,23,11,10,2,5
2009-5014,Shanghai Masters,Hard,56,M,O,20091011,10,G527,,,Luka Gregorc,R,188,SLO,25.656,283,173,U043,10,,Danai Udomchoke,R,173,THA,28.167,141,423,6-4 2-6 6-3,3,Q1,111,13,6,81,56,46,7,14,4,7,5,0,87,60,37,15,13,8,11
2009-5014,Shanghai Masters,Hard,56,M,O,20091011,11,K540,,,Lukasz Kubot,R,191,POL,27.406,143,418,K512,,,Ivo Klec,R,183,SVK,28.868,353,117,6-3 6-4,3,Q1,93,2,3,68,49,37,8,10,6,6,1,2,55,36,25,11,9,7,9
2009-5014,Shanghai Masters,Hard,56,M,O,20091011,12,I145,12,,Kyu Tae Im,R,185,KOR,28.761,167,332,C786,,,Kamil Capkovic,R,198,SVK,23.359,213,243,6-3 6-1,3,Q1,65,1,3,45,27,20,10,8,1,2,1,4,58,42,22,6,8,3,8
2009-5014,Shanghai Masters,Hard,56,M,O,20091011,13,N233,,,Dick Norman,L,203,BEL,38.615,341,124,R613,13,,Edouard Roger-Vasselin,R,185,FRA,25.87,189,283,7-6(3) 7-6(2),3,Q1,101,14,3,79,51,40,19,12,3,3,1,1,80,56,39,18,12,3,3
2009-5014,Shanghai Masters,Hard,56,M,O,20091011,14,Y070,14,,Michael Yani,R,185,USA,28.778,198,265,J263,,,Woong-Sun Jun,R,191,KOR,23.326,469,77,6-4 6-3,3,Q1,80,5,1,60,39,30,11,9,6,6,7,6,68,40,29,10,10,3,6
2009-5014,Shanghai Masters,Hard,56,M,O,20091011,15,BD20,,,Thomaz Bellucci,L,188,BRA,21.782,56,833,Y070,14,,Michael Yani,R,185,USA,28.778,198,265,6-3 6-1,3,Q2,63,5,2,49,29,23,12,8,2,2,3,2,51,29,17,8,8,6,10
2009-5014,Shanghai Masters,Hard,56,M,O,20091011,16,K540,,,Lukasz Kubot,R,191,POL,27.406,143,418,G569,3,,Robby Ginepri,R,183,USA,27.012,67,760,6-2 6-7(2) 6-3,3,Q2,144,6,4,109,74,51,12,15,10,14,7,1,86,67,39,8,14,6,13
2009-5014,Shanghai Masters,Hard,56,M,O,20091011,17,F510,,,Fabio Fognini,R,178,ITA,22.385,74,720,G527,,,Luka Gregorc,R,188,SLO,25.656,283,173,6-3 6-2,3,Q2,70,4,3,56,30,20,16,9,6,8,2,1,49,29,16,5,8,3,8
2009-5014,Shanghai Masters,Hard,56,M,O,20091011,18,MB02,,,Florian Mayer,R,191,GER,26.018,85,616,O133,,,Noam Okun,R,185,ISR,31.488,275,179,6-3 6-4,3,Q2,73,8,2,55,39,33,11,10,5,5,4,0,60,46,31,6,9,5,7
2009-5014,Shanghai Masters,Hard,56,M,O,20091011,19,S636,,,Rainer Schuettler,R,180,GER,33.462,99,565,N233,,,Dick Norman,L,203,BEL,38.615,341,124,6-4 6-2,3,Q2,66,2,0,51,37,30,10,9,5,5,1,2,54,38,22,9,9,2,5
2009-5014,Shanghai Masters,Hard,56,M,O,20091011,20,C582,,,Marco Chiudinelli,R,185,SUI,28.085,100,558,I145,12,,Kyu Tae Im,R,185,KOR,28.761,167,332,6-3 6-3,3,Q2,85,9,3,58,34,28,11,9,1,2,4,3,62,35,19,15,9,3,7
2009-5014,Shanghai Masters,Hard,56,M,O,20091011,21,L428,,,Michael Llodra,L,191,FRA,29.399,136,442,M760,,,Oliver Marach,R,185,AUT,29.238,766,22,6-3 6-4,3,Q2,52,18,5,51,29,28,13,10,1,1,8,3,55,34,24,11,9,4,6
2009-429,Stockholm,Hard,32,250,I,20091019,1,B678,,,Michael Berrer,L,193,GER,29.3,140,404,BH94,,,Tobias Blomgren,,,SWE,17.279,,,6-1 6-0,3,Q1,44,8,2,34,27,23,5,7,0,0,0,1,34,14,5,6,6,4,9
2009-429,Stockholm,Hard,32,250,I,20091019,2,C487,,,Arnaud Clement,R,173,FRA,31.838,138,405,CA99,,,Marius Copil,R,191,ROU,19.006,502,65,3-6 6-4 6-1,3,Q1,114,2,1,72,46,36,17,13,5,6,11,4,84,41,29,21,13,0,3
2009-429,Stockholm,Hard,32,250,I,20091019,3,K771,3,,Marsel Ilhan,R,191,TUR,22.357,153,368,E639,,,Ervin Eleskovic,R,,SWE,22.45,719,26,7-5 6-3,3,Q1,73,6,3,64,37,27,17,11,3,5,9,8,70,38,25,14,10,4,8
2009-429,Stockholm,Hard,32,250,I,20091019,4,V564,4,,Antonio Veic,R,180,CRO,21.667,200,260,SC54,,,Andreas Siljestrom,R,206,SWE,28.246,1036,8,6-2 3-6 6-4,3,Q1,90,2,4,74,46,37,17,13,3,4,9,9,88,57,40,13,14,3,6
2009-429,Stockholm,Hard,32,250,I,20091019,5,R364,,,Bjorn Rehnquist,R,175,SWE,31.786,388,99,BA65,5,,Dustin Brown,R,196,JAM,24.862,208,241,7-6(4) 3-6 6-4,3,Q1,126,1,0,100,71,45,14,16,3,8,7,4,87,42,34,19,15,0,4
2009-429,Stockholm,Hard,32,250,I,20091019,6,L430,,,Giovanni Lapentti,R,193,ECU,26.732,224,218,E688,,,Markus Eriksson,R,188,SWE,19.888,858,15,6-4 6-2,3,Q1,75,4,3,74,51,38,11,9,10,10,1,2,47,27,17,12,9,1,4
2009-429,Stockholm,Hard,32,250,I,20091019,7,C968,7,,Marco Crugnola,R,188,ITA,26.407,241,201,BE77,,,Carl Bergman,,,SWE,22.026,791,20,3-6 6-3 6-4,3,Q1,101,4,8,98,59,48,15,14,7,8,8,7,89,54,38,21,14,8,10
2009-429,Stockholm,Hard,32,250,I,20091019,8,BC65,8,,Matthias Bachinger,R,188,GER,22.549,264,179,M919,,,Marcelo Melo,R,201,BRA,26.073,,,7-5 6-4,3,Q1,74,3,3,70,45,34,10,11,5,7,2,6,74,51,30,11,11,3,7
2009-429,Stockholm,Hard,32,250,I,20091019,9,B908,,,Johan Brunstrom,L,193,SWE,29.544,784,20,P470,,,Travis Parrott,R,185,USA,29.175,,,6-3 6-7(5) 6-3,3,Q1,137,16,10,111,59,47,25,16,8,10,14,8,105,66,45,19,14,8,12
2009-429,Stockholm,Hard,32,250,I,20091019,10,J397,,,Jerzy Janowicz,R,203,POL,18.932,334,126,B503,,,George Bastl,R,183,SUI,34.552,340,122,6-4 6-4,3,Q1,63,8,1,57,43,34,8,10,3,3,4,3,53,35,26,10,10,2,4
2009-429,Stockholm,Hard,32,250,I,20091019,11,KA80,,,Henri Kontinen,R,191,FIN,19.335,549,54,R931,,,Patrik Rosenholm,R,178,SWE,21.624,815,19,6-1 7-6(2),3,Q1,63,7,1,56,41,33,12,10,0,0,3,2,57,31,23,12,9,4,6
2009-429,Stockholm,Hard,32,250,I,20091019,12,ML14,,,Erik Moberg,R,,SWE,17.574,,,L473,,,Mattia Livraghi,,,ITA,28.077,1085,7,3-6 7-5 7-6(5),3,Q1,111,13,3,105,68,49,22,16,5,7,8,2,89,50,36,29,17,0,2
2009-429,Stockholm,Hard,32,250,I,20091019,13,N390,,,Frederik Nielsen,R,188,DEN,26.146,296,156,A656,,,Guillermo Alcaide,R,188,ESP,23.398,304,147,6-3 6-4,3,Q1,71,4,1,62,51,38,5,10,5,6,5,2,72,41,27,15,9,5,8
2009-429,Stockholm,Hard,32,250,I,20091019,14,N313,,,Timo Nieminen,R,185,FIN,28.036,389,98,MJ82,,,Jeffrey Mira Svensson,,,SWE,18.645,,,7-5 6-2,3,Q1,78,3,6,64,40,26,13,10,4,7,1,12,61,31,21,8,10,5,11
2009-429,Stockholm,Hard,32,250,I,20091019,15,P567,,,Filip Prpic,R,173,SWE,27.4,295,156,CE76,,,Jesper Cederlind,,,SWE,17.643,,,6-2 6-1,3,Q1,53,3,1,47,31,26,6,7,4,4,1,6,51,23,12,9,8,5,10
2009-429,Stockholm,Hard,32,250,I,20091019,16,Z254,,,Jurgen Zopp,R,191,EST,21.558,437,83,K364,,,Jordan Kerr,R,180,AUS,29.982,,,6-7(7) 6-3 7-5,3,Q1,129,20,6,102,57,47,27,16,8,9,14,5,118,79,57,18,17,5,9
2009-429,Stockholm,Hard,32,250,I,20091019,17,B678,,,Michael Berrer,L,193,GER,29.3,140,404,N313,,,Timo Nieminen,R,185,FIN,28.036,389,98,6-1 6-2,3,Q2,75,4,0,45,34,27,6,8,0,0,1,1,60,35,19,10,7,7,11
2009-429,Stockholm,Hard,32,250,I,20091019,18,C487,,,Arnaud Clement,R,173,FRA,31.838,138,405,ML14,,,Erik Moberg,R,,SWE,17.574,,,6-0 6-1,3,Q2,42,7,0,31,23,21,7,7,0,0,3,2,45,30,16,2,6,5,10
2009-429,Stockholm,Hard,32,250,I,20091019,19,KA80,,,Henri Kontinen,R,191,FIN,19.335,549,54,K771,3,,Marsel Ilhan,R,191,TUR,22.357,153,368,7-5 6-1,3,Q2,64,6,1,57,38,31,11,10,2,2,2,2,49,35,24,6,9,2,5
2009-429,Stockholm,Hard,32,250,I,20091019,20,N390,,,Frederik Nielsen,R,188,DEN,26.146,296,156,V564,4,,Antonio Veic,R,180,CRO,21.667,200,260,4-6 6-1 6-1,3,Q2,82,4,2,63,45,36,9,12,1,3,2,5,80,43,27,13,12,2,8
2009-429,Stockholm,Hard,32,250,I,20091019,21,L430,,,Giovanni Lapentti,R,193,ECU,26.732,224,218,P567,,,Filip Prpic,R,173,SWE,27.4,295,156,3-6 6-1 6-2,3,Q2,108,3,2,85,66,43,12,12,7,8,6,2,75,45,29,15,12,2,6
2009-429,Stockholm,Hard,32,250,I,20091019,22,C968,7,,Marco Crugnola,R,188,ITA,26.407,241,201,B908,,,Johan Brunstrom,L,193,SWE,29.544,784,20,6-7(5) 6-4 6-1,3,Q2,103,12,2,93,49,37,31,15,5,6,8,6,78,41,30,22,14,1,5
2009-429,Stockholm,Hard,32,250,I,20091019,23,BC65,8,,Matthias Bachinger,R,188,GER,22.549,264,179,Z254,,,Jurgen Zopp,R,191,EST,21.558,437,83,7-5 4-6 6-2,3,Q2,100,11,3,81,51,40,16,15,3,6,5,5,94,52,36,16,15,6,11
2009-429,Stockholm,Hard,32,250,I,20091019,24,J397,,,Jerzy Janowicz,R,203,POL,18.932,334,126,R364,,,Bjorn Rehnquist,R,175,SWE,31.786,388,99,7-6(2) 6-4,3,Q2,97,8,1,72,46,34,14,11,1,3,1,2,66,42,24,15,11,2,5
2009-429,Stockholm,Hard,32,250,I,20091019,25,B678,,,Michael Berrer,L,193,GER,29.3,140,404,BC65,8,,Matthias Bachinger,R,188,GER,22.549,264,179,6-3 7-5,3,Q3,90,5,4,75,50,32,11,10,5,8,4,2,63,42,27,5,11,3,9
2009-429,Stockholm,Hard,32,250,I,20091019,26,C487,,,Arnaud Clement,R,173,FRA,31.838,138,405,J397,,,Jerzy Janowicz,R,203,POL,18.932,334,126,7-6(2) 7-6(2),3,Q3,113,3,2,76,50,37,15,12,0,1,14,2,84,56,42,9,12,2,3
2009-429,Stockholm,Hard,32,250,I,20091019,27,N390,,,Frederik Nielsen,R,188,DEN,26.146,296,156,L430,,,Giovanni Lapentti,R,193,ECU,26.732,224,218,6-2 6-4,3,Q3,84,3,1,55,35,24,15,9,1,1,2,1,82,57,34,8,9,7,10
2009-429,Stockholm,Hard,32,250,I,20091019,28,KA80,,,Henri Kontinen,R,191,FIN,19.335,549,54,C968,7,,Marco Crugnola,R,188,ITA,26.407,241,201,7-6(2) 3-6 7-5,3,Q3,134,8,5,101,65,53,15,16,1,3,7,3,103,68,50,21,17,7,9
2009-438,Moscow,Hard,32,250,I,20091019,1,B757,,,Rohan Bopanna,R,193,IND,29.626,416,90,R548,1,,Rajeev Ram,R,193,USA,25.588,99,544,7-6(4) 6-2,3,Q1,60,19,1,52,32,30,14,10,0,0,13,1,70,46,33,11,10,4,6
2009-438,Moscow,Hard,32,250,I,20091019,2,K316,,,Nicolas Kiefer,R,183,GER,32.29,104,525,K777,,,Evgeny Kirillov,R,,RUS,22.267,317,137,7-6(3) 6-1,3,Q1,85,14,1,57,34,29,10,9,2,3,5,5,65,32,24,12,10,1,5
2009-438,Moscow,Hard,32,250,I,20091019,3,SC77,,,Sergiy Stakhovsky,R,193,UKR,23.784,110,512,R790,,,Valery Rudnev,R,,RUS,21.673,301,151,6-1 6-2,3,Q1,76,7,0,42,31,25,4,8,0,1,2,3,69,50,26,6,7,9,14
2009-438,Moscow,Hard,32,250,I,20091019,4,K926,,,Mikhail Kukushkin,R,183,KAZ,21.815,157,359,CA93,,,Pavel Chekhov,R,,RUS,21.229,570,51,6-4 7-6(8),3,Q1,98,2,1,63,37,31,19,11,0,1,12,4,84,42,34,18,11,7,9
2009-438,Moscow,Hard,32,250,I,20091019,5,ME89,,,Illya Marchenko,R,185,UKR,22.114,190,273,BC11,,,Sergei Bubka,R,188,UKR,22.689,276,172,3-6 7-5 7-5,3,Q1,143,2,9,103,62,46,22,16,5,7,3,2,94,61,46,15,17,3,6
2009-438,Moscow,Hard,32,250,I,20091019,6,SE69,6,,Ivan Sergeyev,R,175,UKR,21.747,197,265,P693,,,Deniss Pavlovs,,,LAT,26.513,337,125,4-6 6-4 6-3,3,Q1,118,15,3,101,61,52,13,15,2,4,8,9,87,49,35,21,14,9,12
2009-438,Moscow,Hard,32,250,I,20091019,7,S809,7,,Yuri Schukin,R,185,KAZ,30.316,206,246,F703,,,Mikhail Fufygin,L,188,RUS,19.436,599,45,6-4 6-2,3,Q1,72,0,0,49,27,21,14,9,4,5,1,4,58,36,21,10,9,4,8
2009-438,Moscow,Hard,32,250,I,20091019,8,MC18,,,Denis Matsukevich,R,191,RUS,23.562,501,65,E180,8,,Mikhail Elgin,R,183,RUS,28.014,210,237,6-3 6-7(2) 7-6(2),3,Q1,188,5,0,135,80,56,26,17,14,17,2,4,105,57,40,23,16,2,6
2009-438,Moscow,Hard,32,250,I,20091019,9,BF25,,,Ilya Belyaev,R,180,RUS,19.195,339,123,MH10,,,Anton Manegin,,,RUS,19.606,945,11,6-2 6-3,3,Q1,69,5,3,55,27,22,16,9,2,2,4,3,55,33,20,11,8,4,7
2009-438,Moscow,Hard,32,250,I,20091019,10,G642,,,Andrei Gorban,,,MDA,26.253,524,60,K875,,,Roman Kislianskii,R,,,22.029,1240,4,6-2 6-2,3,Q1,63,1,2,50,34,22,13,8,5,6,1,1,68,39,22,10,8,4,9
2009-438,Moscow,Hard,32,250,I,20091019,11,K384,,,Sergei Krotiouk,R,,RUS,31.329,486,69,CA18,,,Artur Chernov,,,RUS,21.374,1542,2,6-4 6-2,3,Q1,86,5,2,61,37,28,14,9,7,8,6,1,66,37,22,13,9,6,10
2009-438,Moscow,Hard,32,250,I,20091019,12,K861,,,Andrey Kumantsov,,,RUS,23.209,326,130,S893,,,Martin Slanar,R,,AUT,28.468,422,88,5-7 7-5 6-4,3,Q1,137,2,3,105,80,53,14,17,7,11,3,6,108,60,46,19,17,7,12
2009-438,Moscow,Hard,32,250,I,20091019,13,LA45,,,Alexander Lobkov,,,RUS,19.034,530,59,U081,,,Vaja Uzakov,,,UZB,21.374,747,24,6-2 6-3,3,Q1,61,7,1,53,33,27,11,9,0,0,1,2,57,43,28,4,8,5,8
2009-438,Moscow,Hard,32,250,I,20091019,14,O133,,,Noam Okun,R,185,ISR,31.51,280,167,I241,,,Alexey Iremashvili,,,,19.269,,,7-6(4) 6-4,3,Q1,85,3,5,82,61,46,7,11,5,7,4,2,82,40,24,24,11,6,9
2009-438,Moscow,Hard,32,250,I,20091019,15,SA81,,,Dmitri Sitak,R,183,RUS,26.628,707,27,D908,,,Philipp Davydenko,R,183,RUS,17.128,,,6-3 6-2,3,Q1,58,3,6,44,28,24,6,8,2,4,0,1,51,29,11,8,9,5,11
2009-438,Moscow,Hard,32,250,I,20091019,16,V627,,,Stanislav Vovk,R,185,RUS,18.664,1216,4,L580,,,Scott Lipsky,R,185,USA,28.181,,,3-6 6-3 6-2,3,Q1,83,5,1,70,39,30,20,13,5,7,4,5,65,36,29,13,13,4,8
2009-438,Moscow,Hard,32,250,I,20091019,17,K316,,,Nicolas Kiefer,R,183,GER,32.29,104,525,K384,,,Sergei Krotiouk,R,,RUS,31.329,486,69,6-1 6-4,3,Q2,74,5,2,42,18,17,19,9,0,0,3,1,54,30,14,15,8,3,6
2009-438,Moscow,Hard,32,250,I,20091019,18,SC77,,,Sergiy Stakhovsky,R,193,UKR,23.784,110,512,G642,,,Andrei Gorban,,,MDA,26.253,524,60,6-3 6-3,3,Q2,73,7,1,45,26,25,12,9,0,0,1,7,69,33,21,15,9,9,12
2009-438,Moscow,Hard,32,250,I,20091019,19,K926,,,Mikhail Kukushkin,R,183,KAZ,21.815,157,359,V627,,,Stanislav Vovk,R,185,RUS,18.664,1216,4,6-1 6-3,3,Q2,52,4,1,45,24,21,14,8,3,3,2,5,42,18,12,8,8,0,4
2009-438,Moscow,Hard,32,250,I,20091019,20,ME89,,,Illya Marchenko,R,185,UKR,22.114,190,273,O133,,,Noam Okun,R,185,ISR,31.51,280,167,6-3 3-6 6-4,3,Q2,141,2,6,86,58,38,14,14,4,8,6,3,104,71,42,14,14,8,13
2009-438,Moscow,Hard,32,250,I,20091019,21,SE69,6,,Ivan Sergeyev,R,175,UKR,21.747,197,265,K861,,,Andrey Kumantsov,,,RUS,23.209,326,130,3-0 RET,3,Q2,12,0,0,5,3,3,1,1,0,0,0,0,16,14,5,1,2,2,4
2009-438,Moscow,Hard,32,250,I,20091019,22,BF25,,,Ilya Belyaev,R,180,RUS,19.195,339,123,S809,7,,Yuri Schukin,R,185,KAZ,30.316,206,246,7-5 3-6 6-4,3,Q2,125,17,2,90,45,39,20,16,1,4,3,3,90,45,33,24,15,5,8
2009-438,Moscow,Hard,32,250,I,20091019,23,B757,,,Rohan Bopanna,R,193,IND,29.626,416,90,LA45,,,Alexander Lobkov,,,RUS,19.034,530,59,7-6(5) 4-6 6-2,3,Q2,116,10,6,102,61,45,18,15,4,8,7,3,92,53,39,17,15,2,7
2009-438,Moscow,Hard,32,250,I,20091019,24,SA81,,,Dmitri Sitak,R,183,RUS,26.628,707,27,MC18,,,Denis Matsukevich,R,191,RUS,23.562,501,65,6-2 6-1,3,Q2,62,2,3,43,30,21,4,7,3,5,0,0,52,32,13,5,8,6,13
2009-438,Moscow,Hard,32,250,I,20091019,25,K316,,,Nicolas Kiefer,R,183,GER,32.29,104,525,SA81,,,Dmitri Sitak,R,183,RUS,26.628,707,27,6-1 6-4,3,Q3,69,2,1,48,24,19,14,9,0,2,0,4,44,22,13,6,8,2,7
2009-438,Moscow,Hard,32,250,I,20091019,26,SC77,,,Sergiy Stakhovsky,R,193,UKR,23.784,110,512,BF25,,,Ilya Belyaev,R,180,RUS,19.195,339,123,6-7(8) 6-0 6-1,3,Q3,107,7,1,83,54,38,21,13,4,5,1,1,87,39,25,23,12,7,13
2009-438,Moscow,Hard,32,250,I,20091019,27,K926,,,Mikhail Kukushkin,R,183,KAZ,21.815,157,359,SE69,6,,Ivan Sergeyev,R,175,UKR,21.747,197,265,6-3 6-4,3,Q3,74,5,1,50,30,30,10,10,0,0,5,3,61,31,23,15,9,3,5
2009-438,Moscow,Hard,32,250,I,20091019,28,ME89,,,Illya Marchenko,R,185,UKR,22.114,190,273,B757,,,Rohan Bopanna,R,193,IND,29.626,416,90,6-1 6-0,3,Q3,44,0,0,34,23,18,8,6,1,1,3,2,37,17,9,2,7,3,9
2009-568,St. Petersburg,Hard,32,250,I,20091025,1,SC77,,,Sergiy Stakhovsky,R,193,UKR,23.8,110,512,BH74,,,Mikhail Balmashev,L,178,,19.222,1276,3,6-0 6-0,3,Q1,39,1,0,31,24,18,6,6,0,0,0,1,39,26,9,2,6,3,9
2009-568,St. Petersburg,Hard,32,250,I,20091025,2,D801,,,Alexandr Dolgopolov,R,180,UKR,20.964,146,393,Y178,,,Andrei Iakovlev,R,175,RUS,17.185,,,7-5 6-4,3,Q1,60,5,5,51,23,17,12,11,0,4,1,1,70,34,17,16,11,7,13
2009-568,St. Petersburg,Hard,32,250,I,20091025,3,BF25,,,Ilya Belyaev,R,180,RUS,19.211,339,123,K771,3,,Marsel Ilhan,R,191,TUR,22.374,153,368,6-3 7-6(11),3,Q1,92,11,3,85,43,29,16,11,4,8,1,1,69,44,26,10,10,3,8
2009-568,St. Petersburg,Hard,32,250,I,20091025,4,S809,,,Yuri Schukin,R,185,KAZ,30.333,206,246,P693,,,Deniss Pavlovs,,,LAT,26.53,337,125,6-4 6-2,3,Q1,88,3,1,57,28,19,19,9,4,5,0,2,58,38,23,7,9,5,9
2009-568,St. Petersburg,Hard,32,250,I,20091025,5,BC11,5,,Sergei Bubka,R,188,UKR,22.705,276,172,MC18,,,Denis Matsukevich,R,191,RUS,23.578,501,65,6-1 6-7(5) 7-5,3,Q1,122,11,1,90,58,46,19,16,2,3,2,4,93,54,39,21,15,2,6
2009-568,St. Petersburg,Hard,32,250,I,20091025,6,O133,6,,Noam Okun,R,185,ISR,31.526,280,167,R927,,,Vitali Reshetnikov,,,RUS,20.972,901,13,6-2 6-2,3,Q1,57,5,0,37,22,18,11,8,0,1,1,6,45,26,13,7,8,4,9
2009-568,St. Petersburg,Hard,32,250,I,20091025,7,R790,7,,Valery Rudnev,R,,RUS,21.689,301,151,V537,,,Aleksander Vasin,R,,RUS,23.655,1260,3,6-2 6-3,3,Q1,71,2,4,62,37,21,17,9,2,4,1,3,46,28,16,5,8,1,6
2009-568,St. Petersburg,Hard,32,250,I,20091025,8,L872,,,Petru-Alexandru Luncanu,L,185,ROU,20.468,316,138,K777,,,Evgeny Kirillov,R,,RUS,22.283,317,137,6-4 6-7(5) 6-3,3,Q1,135,2,2,107,64,45,25,16,7,9,5,2,95,57,38,20,15,1,5
2009-568,St. Petersburg,Hard,32,250,I,20091025,9,D864,,,Evgeny Donskoy,R,185,RUS,19.463,396,96,CA18,,,Artur Chernov,,,RUS,21.391,1542,2,6-1 6-2,3,Q1,41,7,1,45,28,25,7,8,3,4,1,2,37,19,9,5,7,1,6
2009-568,St. Petersburg,Hard,32,250,I,20091025,10,I241,,,Alexey Iremashvili,,,,19.285,,,CA60,,,Andrei Ciumac,,,MDA,24.123,1219,4,6-3 6-4,3,Q1,71,3,3,59,38,26,13,10,3,5,2,2,71,33,23,14,9,7,11
2009-568,St. Petersburg,Hard,32,250,I,20091025,11,K384,,,Sergei Krotiouk,R,,RUS,31.346,486,69,MF71,,,Denys Molchanov,R,188,UKR,22.445,435,83,6-2 4-2 RET,3,Q1,68,1,2,52,29,23,12,7,4,4,1,0,40,22,10,12,7,2,5
2009-568,St. Petersburg,Hard,32,250,I,20091025,12,K861,,,Andrey Kumantsov,,,RUS,23.225,326,130,F703,,,Mikhail Fufygin,L,188,RUS,19.452,599,45,6-1 7-5,3,Q1,71,1,1,61,55,41,3,10,1,1,2,1,54,42,27,6,9,5,8
2009-568,St. Petersburg,Hard,32,250,I,20091025,13,LA45,,,Alexander Lobkov,,,RUS,19.05,530,59,P470,,,Travis Parrott,R,185,USA,29.191,,,6-2 7-5,3,Q1,76,3,5,58,32,27,16,10,2,2,1,1,75,49,33,10,10,8,11
2009-568,St. Petersburg,Hard,32,250,I,20091025,14,PA46,,,Filip Polasek,R,193,SVK,24.263,,,CA93,,,Pavel Chekhov,R,,RUS,21.246,570,51,6-2 6-4,3,Q1,65,2,2,50,38,27,7,9,2,3,1,4,66,39,24,11,9,5,9
2009-568,St. Petersburg,Hard,32,250,I,20091025,15,SK13,,,Sergey Strelkov,,,RUS,18.806,1684,1,G642,,,Andrei Gorban,,,MDA,26.27,524,60,6-4 6-3,3,Q1,67,3,3,60,31,24,17,9,0,0,2,3,52,36,23,9,10,0,3
2009-568,St. Petersburg,Hard,32,250,I,20091025,16,Z301,,,Alexander Zhurbin,L,178,RUS,17.78,1631,1,L391,,,Jaroslav Levinsky,R,193,CZE,28.701,,,6-6 RET,3,Q1,41,7,0,43,26,19,10,6,5,5,2,0,35,30,24,2,6,2,2
2009-568,St. Petersburg,Hard,32,250,I,20091025,17,SC77,,,Sergiy Stakhovsky,R,193,UKR,23.8,110,512,PA46,,,Filip Polasek,R,193,SVK,24.263,,,6-4 2-1 RET,3,Q2,42,1,0,41,35,25,2,7,0,1,1,1,33,22,12,7,6,1,3
2009-568,St. Petersburg,Hard,32,250,I,20091025,18,D801,,,Alexandr Dolgopolov,R,180,UKR,20.964,146,393,Z301,,,Alexander Zhurbin,L,178,RUS,17.78,1631,1,6-3 6-0,3,Q2,42,6,1,44,27,25,8,8,0,0,0,1,47,26,15,8,7,3,7
2009-568,St. Petersburg,Hard,32,250,I,20091025,19,S809,,,Yuri Schukin,R,185,KAZ,30.333,206,246,D864,,,Evgeny Donskoy,R,185,RUS,19.463,396,96,6-7(4) 7-5 7-5,3,Q2,146,4,1,107,70,55,20,18,2,3,19,1,116,71,54,23,18,7,10
2009-568,St. Petersburg,Hard,32,250,I,20091025,20,BC11,5,,Sergei Bubka,R,188,UKR,22.705,276,172,LA45,,,Alexander Lobkov,,,RUS,19.05,530,59,7-6(6) 6-3,3,Q2,88,7,0,77,54,38,14,11,6,7,5,0,67,40,25,17,10,3,5
2009-568,St. Petersburg,Hard,32,250,I,20091025,21,O133,6,,Noam Okun,R,185,ISR,31.526,280,167,I241,,,Alexey Iremashvili,,,,19.285,,,6-2 6-2,3,Q2,66,2,1,43,27,20,12,8,3,4,1,3,53,24,14,9,8,5,10
2009-568,St. Petersburg,Hard,32,250,I,20091025,22,R790,7,,Valery Rudnev,R,,RUS,21.689,301,151,K861,,,Andrey Kumantsov,,,RUS,23.225,326,130,6-4 6-0,3,Q2,60,1,2,43,25,19,9,8,1,3,2,6,48,31,15,4,8,4,10
2009-568,St. Petersburg,Hard,32,250,I,20091025,23,L872,,,Petru-Alexandru Luncanu,L,185,ROU,20.468,316,138,K384,,,Sergei Krotiouk,R,,RUS,31.346,486,69,7-5 6-4,3,Q2,114,3,5,75,46,37,11,11,5,7,1,0,64,41,25,13,11,1,5
2009-568,St. Petersburg,Hard,32,250,I,20091025,24,BF25,,,Ilya Belyaev,R,180,RUS,19.211,339,123,SK13,,,Sergey Strelkov,,,RUS,18.806,1684,1,6-3 6-2,3,Q2,53,4,1,51,27,22,14,9,1,2,1,4,48,26,18,8,8,3,7
2009-568,St. Petersburg,Hard,32,250,I,20091025,25,SC77,,,Sergiy Stakhovsky,R,193,UKR,23.8,110,512,BC11,5,,Sergei Bubka,R,188,UKR,22.705,276,172,7-6(9) 6-2,3,Q3,77,9,0,62,43,35,10,10,0,1,3,0,65,41,32,11,10,1,4
2009-568,St. Petersburg,Hard,32,250,I,20091025,26,D801,,,Alexandr Dolgopolov,R,180,UKR,20.964,146,393,R790,7,,Valery Rudnev,R,,RUS,21.689,301,151,6-2 6-4,3,Q3,83,7,1,58,31,26,16,9,3,3,0,4,70,46,26,12,9,5,8
2009-568,St. Petersburg,Hard,32,250,I,20091025,27,S809,,,Yuri Schukin,R,185,KAZ,30.333,206,246,O133,6,,Noam Okun,R,185,ISR,31.526,280,167,2-6 6-2 7-6(6),3,Q3,136,1,2,81,55,39,15,14,1,4,8,0,101,70,50,13,14,6,9
2009-568,St. Petersburg,Hard,32,250,I,20091025,28,L872,,,Petru-Alexandru Luncanu,L,185,ROU,20.468,316,138,BF25,,,Ilya Belyaev,R,180,RUS,19.211,339,123,1-6 6-3 6-1,3,Q3,91,1,3,75,47,33,14,12,4,7,2,1,74,41,25,17,11,7,11
2009-337,Vienna,Hard,32,250,I,20091026,1,F444,,,Alejandro Falla,L,185,COL,25.949,95,548,P467,,,Alexander Peya,R,183,AUT,29.331,230,209,7-6(2) 3-6 6-1,3,Q1,133,5,2,88,56,36,21,14,4,6,6,2,103,64,46,13,14,12,15
2009-337,Vienna,Hard,32,250,I,20091026,2,V247,,,Robin Vik,R,183,CZE,29.722,216,232,N309,2,,Ivan Navarro,R,183,ESP,28.019,135,433,3-6 6-3 6-3,3,Q1,105,7,3,76,57,42,11,13,1,2,11,4,99,78,56,6,14,8,11
2009-337,Vienna,Hard,32,250,I,20091026,3,B678,,,Michael Berrer,L,193,GER,29.32,133,436,V564,,,Antonio Veic,R,180,CRO,21.687,199,260,6-4 6-3,3,Q1,87,4,3,63,40,36,8,10,4,5,1,1,62,43,28,7,9,2,5
2009-337,Vienna,Hard,32,250,I,20091026,4,SG87,4,,Ryan Sweeting,R,196,USA,22.286,141,397,V250,,,Andreas Vinciguerra,L,180,SWE,28.682,251,188,6-3 6-4,3,Q1,62,10,3,53,40,35,6,10,0,0,8,1,55,35,28,6,9,4,6
2009-337,Vienna,Hard,32,250,I,20091026,5,H377,,,Dominik Hrbaty,R,180,SVK,31.808,166,322,R934,,,Nicolas Reissig,R,185,AUT,20.553,563,52,6-4 6-4,3,Q1,75,2,2,60,26,19,22,10,1,2,10,8,69,30,22,15,10,6,9
2009-337,Vienna,Hard,32,250,I,20091026,6,R685,,,Lukas Rosol,R,193,CZE,24.257,159,344,D646,,,Ivan Dodig,R,183,CRO,24.813,196,266,6-4 6-4,3,Q1,73,6,2,59,29,25,18,10,2,2,8,2,59,32,25,13,10,4,6
2009-337,Vienna,Hard,32,250,I,20091026,7,K436,,,Dieter Kindlmann,R,183,GER,27.398,203,257,R782,7,,Julian Reister,R,188,GER,23.567,182,298,7-6(6) 6-1,3,Q1,77,3,2,56,51,38,3,9,3,4,0,4,65,54,31,4,10,2,6
2009-337,Vienna,Hard,32,250,I,20091026,8,U061,8,,Adrian Ungur,R,178,ROU,24.758,195,269,M760,,,Oliver Marach,R,185,AUT,29.279,673,30,6-2 6-3,3,Q1,62,5,3,45,22,20,16,9,0,0,5,4,48,26,18,10,8,0,3
2009-337,Vienna,Hard,32,250,I,20091026,9,F444,,,Alejandro Falla,L,185,COL,25.949,95,548,U061,8,,Adrian Ungur,R,178,ROU,24.758,195,269,6-3 6-3,3,Q2,73,8,0,46,41,33,3,9,0,0,4,7,70,54,32,5,9,4,7
2009-337,Vienna,Hard,32,250,I,20091026,10,H377,,,Dominik Hrbaty,R,180,SVK,31.808,166,322,B678,,,Michael Berrer,L,193,GER,29.32,133,436,4-6 7-6(5) 6-3,3,Q2,163,12,6,113,73,52,23,15,12,14,11,10,113,70,57,13,16,12,15
2009-337,Vienna,Hard,32,250,I,20091026,11,K436,,,Dieter Kindlmann,R,183,GER,27.398,203,257,SG87,4,,Ryan Sweeting,R,196,USA,22.286,141,397,6-2 6-2,3,Q2,58,3,0,40,21,16,16,8,0,0,3,0,56,39,18,9,8,3,7
2009-337,Vienna,Hard,32,250,I,20091026,12,R685,,,Lukas Rosol,R,193,CZE,24.257,159,344,V247,,,Robin Vik,R,183,CZE,29.722,216,232,6-1 3-6 6-1,3,Q2,84,4,1,66,38,23,19,12,2,5,6,7,83,50,30,10,11,10,16
2009-328,Basel,Hard,32,500,I,20091102,1,K760,,,Evgeny Korolev,R,185,KAZ,21.717,58,756,E780,,,Sandro Ehrat,R,180,SUI,18.543,,,6-1 6-0,3,Q1,46,4,2,33,22,19,9,7,0,0,2,2,46,27,13,7,6,2,7
2009-328,Basel,Hard,32,500,I,20091102,2,R397,,,Olivier Rochus,R,168,BEL,28.789,61,743,O264,,,Josselin Ouanna,R,193,FRA,23.554,138,414,4-6 6-3 7-6(4),3,Q1,115,2,1,97,59,43,26,16,2,3,20,1,91,59,47,17,15,2,3
2009-328,Basel,Hard,32,500,I,20091102,3,S963,,,Florent Serra,R,180,FRA,28.676,71,655,R613,,,Edouard Roger-Vasselin,R,185,FRA,25.93,158,345,5-7 6-3 6-3,3,Q1,105,7,2,90,57,42,20,15,8,9,10,1,88,52,38,19,15,2,5
2009-328,Basel,Hard,32,500,I,20091102,4,V311,,,Roman Valent,R,183,SUI,26.322,793,19,G717,4,,Fred Gil,R,173,POR,24.611,68,671,6-3 7-5,3,Q1,87,3,3,65,39,28,14,10,7,9,1,1,65,46,27,10,11,7,12
2009-328,Basel,Hard,32,500,I,20091102,5,L515,,,Peter Luczak,R,183,AUS,30.174,80,586,U061,,,Adrian Ungur,R,178,ROU,24.778,191,269,6-1 6-3,3,Q1,59,5,2,56,29,23,15,8,5,5,5,6,47,23,19,6,8,2,6
2009-328,Basel,Hard,32,500,I,20091102,6,L523,,,Michael Lammer,R,185,SUI,27.608,167,320,K316,6,,Nicolas Kiefer,R,183,GER,32.329,112,487,1-6 6-5 RET,3,Q1,84,2,2,56,40,23,5,9,4,8,3,1,54,29,23,11,9,0,2
2009-328,Basel,Hard,32,500,I,20091102,7,H571,7,,Jan Hajek,R,180,CZE,26.24,102,516,B503,,,George Bastl,R,183,SUI,34.59,381,102,6-4 7-6(3),3,Q1,105,6,3,67,41,29,17,11,1,4,4,2,84,48,33,14,11,7,11
2009-328,Basel,Hard,32,500,I,20091102,8,B678,8,,Michael Berrer,L,193,GER,29.339,135,418,SG88,,,Alexander Sadecky,L,193,SUI,22.327,313,139,6-3 6-4,3,Q1,77,4,0,53,39,31,8,10,0,1,1,2,59,32,23,11,9,4,7
2009-328,Basel,Hard,32,500,I,20091102,9,K760,,,Evgeny Korolev,R,185,KAZ,21.717,58,756,H571,7,,Jan Hajek,R,180,CZE,26.24,102,516,6-3 6-1,3,Q2,51,11,2,44,26,22,10,8,0,1,2,1,51,35,20,5,8,6,11
2009-328,Basel,Hard,32,500,I,20091102,10,R397,,,Olivier Rochus,R,168,BEL,28.789,61,743,B678,8,,Michael Berrer,L,193,GER,29.339,135,418,6-7(5) 6-3 6-2,3,Q2,160,0,2,119,71,48,25,15,10,12,14,2,91,52,38,18,14,5,10
2009-328,Basel,Hard,32,500,I,20091102,11,L515,,,Peter Luczak,R,183,AUS,30.174,80,586,S963,,,Florent Serra,R,180,FRA,28.676,71,655,6-7(6) 6-3 6-4,3,Q2,116,21,5,87,49,45,24,16,0,0,12,0,98,63,50,17,15,4,6
2009-328,Basel,Hard,32,500,I,20091102,12,L523,,,Michael Lammer,R,185,SUI,27.608,167,320,V311,,,Roman Valent,R,183,SUI,26.322,793,19,6-4 6-7(5) 6-3,3,Q2,174,6,4,120,81,56,19,16,6,8,0,6,108,76,51,14,15,8,12
2009-573,Valencia,Hard,32,500,I,20091102,1,K448,1,,Robert Kendrick,R,191,USA,29.966,110,491,G462,,,Pablo Garcia-Gaitan,,,ESP,31.233,,,6-1 6-0,3,Q1,41,5,0,31,22,21,7,7,0,0,0,1,46,31,14,4,6,5,10
2009-573,Valencia,Hard,32,500,I,20091102,2,R336,,,Christophe Rochus,R,170,BEL,30.883,88,563,SM81,,,Arnau Sanz Sanz,,,ESP,17.344,,,6-1 6-0,3,Q1,55,0,1,32,27,23,1,6,0,0,1,0,46,26,11,5,7,3,9
2009-573,Valencia,Hard,32,500,I,20091102,3,F444,,,Alejandro Falla,L,185,COL,25.969,98,542,M915,,,Daniel Munoz de la Nava,L,175,ESP,27.759,210,231,2-6 6-3 7-5,3,Q1,155,1,1,106,63,39,21,15,9,14,2,5,79,50,35,7,14,2,7
2009-573,Valencia,Hard,32,500,I,20091102,4,R548,4,,Rajeev Ram,R,193,USA,25.626,97,544,MI08,,,Javier Marti,R,,ESP,17.81,721,26,7-6 6-2,3,Q1,93,8,1,62,41,33,11,10,1,3,1,2,72,51,30,8,10,1,5
2009-573,Valencia,Hard,32,500,I,20091102,5,M590,,,Alberto Martin,R,175,ESP,31.203,119,465,R457,,,Pedro Rico,,,ESP,28.898,,,3-6 6-0 6-4,3,Q1,113,3,2,73,42,31,18,12,2,4,0,5,100,67,41,12,13,14,19
2009-573,Valencia,Hard,32,500,I,20091102,6,BD06,,,Roberto Bautista Agut,R,183,ESP,21.552,315,138,D632,6,,Steve Darcis,R,175,BEL,25.64,130,436,7-6(2) 7-5,3,Q1,103,4,1,65,42,35,15,12,2,4,4,1,79,51,33,16,12,5,8
2009-573,Valencia,Hard,32,500,I,20091102,7,N309,7,,Ivan Navarro,R,183,ESP,28.038,131,430,P728,,,Morgan Phillips,,,GBR,25.361,446,80,6-1 6-1,3,Q1,50,3,0,32,22,20,8,7,0,0,3,1,47,35,16,4,7,3,8
2009-573,Valencia,Hard,32,500,I,20091102,8,R772,8,,Albert Ramos-Vinolas,L,188,ESP,21.793,181,296,B517,,,Oscar Burrieza-Lopez,R,170,ESP,34.283,1368,2,6-4 6-3,3,Q1,75,4,3,50,22,19,15,9,0,1,2,0,57,28,19,15,10,3,7
2009-573,Valencia,Hard,32,500,I,20091102,9,BD06,,,Roberto Bautista Agut,R,183,ESP,21.552,315,138,K448,1,,Robert Kendrick,R,191,USA,29.966,110,491,7-6(8) 7-6(4),3,Q2,120,2,4,87,50,36,21,12,2,5,7,2,87,51,36,16,12,2,5
2009-573,Valencia,Hard,32,500,I,20091102,10,R336,,,Christophe Rochus,R,170,BEL,30.883,88,563,R772,8,,Albert Ramos-Vinolas,L,188,ESP,21.793,181,296,6-1 7-5,3,Q2,85,1,0,49,37,26,9,9,1,2,5,4,78,48,32,7,10,7,12
2009-573,Valencia,Hard,32,500,I,20091102,11,F444,,,Alejandro Falla,L,185,COL,25.969,98,542,N309,7,,Ivan Navarro,R,183,ESP,28.038,131,430,6-4 6-2,3,Q2,79,5,2,59,37,28,11,9,9,10,5,1,53,30,17,10,9,3,7
2009-573,Valencia,Hard,32,500,I,20091102,12,M590,,,Alberto Martin,R,175,ESP,31.203,119,465,R548,4,,Rajeev Ram,R,193,USA,25.626,97,544,7-5 7-6(4),3,Q2,106,3,2,85,63,43,11,12,8,10,8,4,88,57,35,17,12,0,3
2009-352,Paris Masters,Hard,48,M,I,20091108,1,SC77,1,,Sergiy Stakhovsky,R,193,UKR,23.838,54,793,O264,,,Josselin Ouanna,R,193,FRA,23.57,138,414,7-6(4) 3-6 7-6(5),3,Q1,133,21,5,109,63,53,26,16,5,6,13,5,113,64,54,29,17,5,5
2009-352,Paris Masters,Hard,48,M,I,20091108,2,G436,2,,Marc Gicquel,R,188,FRA,32.611,62,740,R613,,,Edouard Roger-Vasselin,R,185,FRA,25.947,158,345,6-4 6-4,3,Q1,78,6,0,51,33,24,12,10,2,4,2,5,72,36,22,16,10,3,7
2009-352,Paris Masters,Hard,48,M,I,20091108,3,G717,3,,Fred Gil,R,173,POR,24.627,68,671,M590,,,Alberto Martin,R,175,ESP,31.22,119,465,6-4 6-7(4) 7-5,3,Q1,157,5,5,109,66,48,24,17,5,7,2,3,123,69,45,29,17,11,15
2009-352,Paris Masters,Hard,48,M,I,20091108,4,S963,4,,Florent Serra,R,180,FRA,28.693,71,655,O207,,,Lamine Ouahab,R,185,MAR,24.879,154,356,W/O,3,Q1,,,,,,,,,,,,,,,,,,,
2009-352,Paris Masters,Hard,48,M,I,20091108,5,N309,,,Ivan Navarro,R,183,ESP,28.055,131,430,L515,5,,Peter Luczak,R,183,AUS,30.19,80,586,6-4 6-4,3,Q1,82,6,4,48,25,23,14,10,0,1,2,1,62,32,19,16,10,5,8
2009-352,Paris Masters,Hard,48,M,I,20091108,6,R851,,,Mathieu Rodrigues,R,180,FRA,24.003,410,93,G858,6,,Ernests Gulbis,R,191,LAT,21.191,92,555,W/O,3,Q1,,,,,,,,,,,,,,,,,,,
2009-352,Paris Masters,Hard,48,M,I,20091108,7,C487,,,Arnaud Clement,R,173,FRA,31.893,93,552,D729,,,Jonathan Dasnieres de Veigy,L,175,FRA,22.842,214,225,7-6(0) 6-1,3,Q1,82,4,2,57,30,25,20,10,1,1,7,5,64,35,29,10,9,3,5
2009-352,Paris Masters,Hard,48,M,I,20091108,8,ME31,,,Vincent Millot,L,173,FRA,23.773,232,203,BA98,8,,Simone Bolelli,R,183,ITA,24.085,94,549,6-7(5) 6-4 6-3,3,Q1,146,10,5,121,70,56,19,16,12,14,11,3,112,71,49,20,15,13,17
2009-352,Paris Masters,Hard,48,M,I,20091108,9,F444,,,Alejandro Falla,L,185,COL,25.985,98,542,R628,,,Laurent Recouderc,R,,AND,25.331,124,456,6-3 6-3,3,Q1,71,4,7,62,39,32,7,9,5,6,5,2,57,26,16,13,9,3,7
2009-352,Paris Masters,Hard,48,M,I,20091108,10,A356,,,Thierry Ascione,R,188,FRA,28.808,173,304,G681,10,,Teymuraz Gabashvili,R,185,GEO,24.463,101,518,6-2 6-1,3,Q1,70,8,2,53,34,27,9,8,5,5,5,4,50,26,16,9,7,7,11
2009-352,Paris Masters,Hard,48,M,I,20091108,11,K540,,,Lukasz Kubot,R,191,POL,27.483,108,500,B678,,,Michael Berrer,L,193,GER,29.355,135,418,5-7 6-4 7-6(4),3,Q1,181,6,7,124,78,58,20,17,11,14,12,7,117,69,49,26,17,9,12
2009-352,Paris Masters,Hard,48,M,I,20091108,12,G753,,,David Guez,R,185,FRA,26.919,185,287,K448,12,,Robert Kendrick,R,191,USA,29.982,110,491,6-3 6-4,3,Q1,63,0,4,56,32,19,14,10,0,3,12,3,52,35,23,2,9,7,12
2009-352,Paris Masters,Hard,48,M,I,20091108,13,C487,,,Arnaud Clement,R,173,FRA,31.893,93,552,SC77,1,,Sergiy Stakhovsky,R,193,UKR,23.838,54,793,5-6 RET,3,Q2,50,5,1,36,17,13,9,6,2,4,3,1,32,24,19,2,5,2,3
2009-352,Paris Masters,Hard,48,M,I,20091108,14,F444,,,Alejandro Falla,L,185,COL,25.985,98,542,G436,2,,Marc Gicquel,R,188,FRA,32.611,62,740,6-3 5-7 7-6(6),3,Q2,133,1,4,107,58,44,30,17,3,5,10,3,95,59,45,20,16,1,3
2009-352,Paris Masters,Hard,48,M,I,20091108,15,ME31,,,Vincent Millot,L,173,FRA,23.773,232,203,G717,3,,Fred Gil,R,173,POR,24.627,68,671,6-4 3-6 6-2,3,Q2,113,2,2,86,40,24,28,13,6,9,6,0,83,51,33,15,14,3,8
2009-352,Paris Masters,Hard,48,M,I,20091108,16,K540,,,Lukasz Kubot,R,191,POL,27.483,108,500,S963,4,,Florent Serra,R,180,FRA,28.693,71,655,6-3 2-6 6-3,3,Q2,102,13,4,94,58,42,13,13,7,10,5,5,67,39,31,12,13,4,8
2009-352,Paris Masters,Hard,48,M,I,20091108,17,A356,,,Thierry Ascione,R,188,FRA,28.808,173,304,R851,,,Mathieu Rodrigues,R,180,FRA,24.003,410,93,6-2 6-1,3,Q2,55,5,2,55,31,23,14,8,0,0,3,3,37,16,11,7,7,0,4
2009-352,Paris Masters,Hard,48,M,I,20091108,18,G753,,,David Guez,R,185,FRA,26.919,185,287,N309,,,Ivan Navarro,R,183,ESP,28.055,131,430,6-3 6-4,3,Q2,91,4,2,63,32,22,22,10,4,5,11,2,62,36,26,9,9,7,10
