tourney_id,tourney_name,surface,draw_size,tourney_level,indoor,tourney_date,match_num,winner_id,winner_seed,winner_entry,winner_name,winner_hand,winner_ht,winner_ioc,winner_age,winner_rank,winner_rank_points,loser_id,loser_seed,loser_entry,loser_name,loser_hand,loser_ht,loser_ioc,loser_age,loser_rank,loser_rank_points,score,best_of,round,minutes,w_ace,w_df,w_svpt,w_1stIn,w_1stWon,w_2ndWon,w_SvGms,w_bpSaved,w_bpFaced,l_ace,l_df,l_svpt,l_1stIn,l_1stWon,l_2ndWon,l_SvGms,l_bpSaved,l_bpFaced
2008-451,Doha,Hard,32,250,O,20071231,1,N437,,,Gianluca Naso,R,193,ITA,20.983,393,84,L395,1,,Federico Luzzi,R,188,ITA,27.992,135,327,6-1 4-6 6-0,3,Q1,87,4,0,69,35,24,21,11,4,6,7,10,72,38,29,5,12,5,12
2008-451,Doha,Hard,32,250,O,20071231,2,M590,,,Alberto Martin,R,175,ESP,29.363,143,308,B503,,,George Bastl,R,183,SUI,32.75,464,62,7-6(5) 2-6 6-1,3,Q1,139,3,3,93,61,41,15,14,3,8,4,4,87,50,32,14,13,2,7
2008-451,Doha,Hard,32,250,O,20071231,3,D487,3,,Lukas Dlouhy,R,185,CZE,24.728,155,275,D908,,,Philipp Davydenko,R,183,RUS,15.326,,,6-2 6-0,3,Q1,36,7,4,33,22,21,5,7,0,1,0,2,47,33,13,4,7,3,9
2008-451,Doha,Hard,32,250,O,20071231,4,M759,4,,Wesley Moodie,R,196,RSA,28.876,162,261,A742,,,Ahmed Abdrabuh,,,SYR,22.606,,,6-0 6-0,3,Q1,37,5,1,28,16,15,9,6,0,0,0,4,36,15,6,4,6,3,9
2008-451,Doha,Hard,32,250,O,20071231,5,R336,,,Christophe Rochus,R,170,BEL,29.043,194,218,W224,,,Rogier Wassen,R,191,NED,31.392,,,6-0 7-6(4),3,Q1,71,5,3,66,48,33,10,9,1,2,2,4,55,30,18,9,9,1,5
2008-451,Doha,Hard,32,250,O,20071231,6,SC77,6,,Sergiy Stakhovsky,R,193,UKR,21.982,199,214,H526,,,Gregory Howe,,,,36.148,1299,3,6-1 6-2,3,Q1,41,5,1,43,24,23,10,8,2,2,0,1,45,32,17,4,7,4,8
2008-451,Doha,Hard,32,250,O,20071231,7,L523,7,,Michael Lammer,R,185,SUI,25.769,212,196,K745,,,Tom Krug,,,GER,,,,6-1 6-0,3,Q1,50,3,0,35,23,20,5,6,0,0,0,0,48,21,11,7,7,2,8
2008-451,Doha,Hard,32,250,O,20071231,8,D385,,,Benedikt Dorsch,R,178,GER,26.971,215,191,J259,,,Andis Juska,R,,LAT,22.609,249,161,6-2 6-4,3,Q1,76,3,2,61,40,33,11,9,2,2,15,6,64,44,30,9,9,5,8
2008-451,Doha,Hard,32,250,O,20071231,9,A499,,,Omar Alawadhi,R,,UAE,25.955,,,A609,,,Khalid Al Nabhani,,,OMA,25.328,,,6-4 6-0,3,Q1,63,2,3,42,27,24,9,8,0,0,1,5,69,40,21,13,8,9,13
2008-451,Doha,Hard,32,250,O,20071231,10,A340,,,Francesco Aldi,R,175,ITA,26.286,248,162,F364,,,Mariusz Fyrstenberg,L,191,POL,27.48,,,3-6 6-1 6-1,3,Q1,93,0,7,62,40,31,10,11,1,3,4,3,79,43,23,16,12,2,8
2008-451,Doha,Hard,32,250,O,20071231,11,BA08,,,Alberto Brizzi,R,,ITA,23.765,287,133,CA18,,,Artur Chernov,,,RUS,19.573,1098,6,6-4 6-2,3,Q1,71,6,4,58,39,30,8,9,1,2,0,5,66,39,23,12,9,1,5
2008-451,Doha,Hard,32,250,O,20071231,12,C445,,,Frantisek Cermak,R,193,CZE,31.127,869,12,MA63,,,Aleksandr Mityaev,,,,33.908,,,6-1 6-3,3,Q1,47,5,2,45,25,21,9,8,0,1,2,0,49,35,17,5,8,2,7
2008-451,Doha,Hard,32,250,O,20071231,13,D351,,,Sebastien De Chaunac,R,183,FRA,30.231,377,90,U061,,,Adrian Ungur,R,178,ROU,22.938,268,144,7-5 7-5,3,Q1,104,7,1,73,46,31,17,12,2,4,0,4,76,46,31,12,12,4,8
2008-451,Doha,Hard,32,250,O,20071231,14,D551,,,Farrukh Dustov,R,193,UZB,21.61,252,160,K406,,,Christopher Kas,R,188,GER,27.548,,,6-2 6-1,3,Q1,53,2,1,36,27,24,5,7,2,2,1,2,51,22,10,13,8,5,10
2008-451,Doha,Hard,32,250,O,20071231,15,SD23,,,Artem Sitak,R,185,NZL,21.892,507,52,A653,,,Mohammed Al Nabhani,R,,OMA,22.33,,,6-0 6-4,3,Q1,53,9,0,40,21,19,13,8,0,0,0,4,51,33,17,8,8,3,7
2008-451,Doha,Hard,32,250,O,20071231,16,Z072,,,Nenad Zimonjic,R,191,SRB,31.573,692,24,A324,,,Simon Aspelin,R,185,SWE,33.64,,,6-4 6-3,3,Q1,90,15,5,57,36,31,11,10,0,0,3,3,93,61,38,14,9,12,14
2008-451,Doha,Hard,32,250,O,20071231,17,M590,,,Alberto Martin,R,175,ESP,29.363,143,308,A499,,,Omar Alawadhi,R,,UAE,25.955,,,6-3 7-5,3,Q2,90,5,5,89,46,34,22,11,9,10,0,1,63,40,24,13,10,7,10
2008-451,Doha,Hard,32,250,O,20071231,18,Z072,,,Nenad Zimonjic,R,191,SRB,31.573,692,24,D487,3,,Lukas Dlouhy,R,185,CZE,24.728,155,275,6-4 3-6 6-2,3,Q2,100,5,3,76,56,39,9,13,5,8,5,7,100,58,39,18,14,11,16
2008-451,Doha,Hard,32,250,O,20071231,19,M759,4,,Wesley Moodie,R,196,RSA,28.876,162,261,D551,,,Farrukh Dustov,R,193,UZB,21.61,252,160,6-7(6) 7-6(4) 6-4,3,Q2,137,4,1,107,72,57,21,17,3,4,8,1,106,81,56,16,17,1,3
2008-451,Doha,Hard,32,250,O,20071231,20,R336,,,Christophe Rochus,R,170,BEL,29.043,194,218,C445,,,Frantisek Cermak,R,193,CZE,31.127,869,12,7-6(4) 6-1,3,Q2,88,2,2,54,36,26,12,9,2,3,11,5,87,52,32,13,10,8,12
2008-451,Doha,Hard,32,250,O,20071231,21,SC77,6,,Sergiy Stakhovsky,R,193,UKR,21.982,199,214,SD23,,,Artem Sitak,R,185,NZL,21.892,507,52,6-2 6-1,3,Q2,59,0,2,44,22,16,17,8,1,1,3,4,47,23,14,8,7,3,7
2008-451,Doha,Hard,32,250,O,20071231,22,L523,7,,Michael Lammer,R,185,SUI,25.769,212,196,A340,,,Francesco Aldi,R,175,ITA,26.286,248,162,1-6 6-2 6-2,3,Q2,116,1,1,74,47,30,14,12,5,8,4,3,71,46,29,11,11,2,6
2008-451,Doha,Hard,32,250,O,20071231,23,D385,,,Benedikt Dorsch,R,178,GER,26.971,215,191,BA08,,,Alberto Brizzi,R,,ITA,23.765,287,133,6-4 6-2,3,Q2,73,4,0,49,28,21,17,9,1,1,3,1,52,29,17,14,9,1,4
2008-451,Doha,Hard,32,250,O,20071231,24,D351,,,Sebastien De Chaunac,R,183,FRA,30.231,377,90,N437,,,Gianluca Naso,R,193,ITA,20.983,393,84,6-2 7-5,3,Q2,98,5,6,61,23,22,20,10,1,2,3,4,89,51,29,18,10,10,14
2008-451,Doha,Hard,32,250,O,20071231,25,M590,,,Alberto Martin,R,175,ESP,29.363,143,308,SC77,6,,Sergiy Stakhovsky,R,193,UKR,21.982,199,214,6-3 6-4,3,Q3,79,1,1,66,40,26,14,9,3,5,2,5,60,31,19,14,10,6,11
2008-451,Doha,Hard,32,250,O,20071231,26,R336,,,Christophe Rochus,R,170,BEL,29.043,194,218,M759,4,,Wesley Moodie,R,196,RSA,28.876,162,261,6-3 6-4,3,Q3,69,2,1,59,40,27,15,10,2,3,9,3,46,31,25,4,9,5,8
2008-451,Doha,Hard,32,250,O,20071231,27,D351,,,Sebastien De Chaunac,R,183,FRA,30.231,377,90,L523,7,,Michael Lammer,R,185,SUI,25.769,212,196,6-3 6-7(2) 7-5,3,Q3,186,12,2,129,70,44,30,17,10,14,2,5,104,67,42,18,16,4,10
2008-451,Doha,Hard,32,250,O,20071231,28,D385,,,Benedikt Dorsch,R,178,GER,26.971,215,191,Z072,,,Nenad Zimonjic,R,191,SRB,31.573,692,24,6-4 6-3,3,Q3,88,4,1,69,52,39,7,10,4,4,9,1,60,41,28,10,9,10,12
2008-891,Chennai,Hard,32,250,O,20071231,1,K403,1,,Igor Kunitsyn,R,180,RUS,26.251,116,381,N558,,,N.Sriram Balaji,R,180,IND,17.788,1479,1,6-2 6-3,3,Q1,61,0,0,40,26,19,11,8,0,1,3,2,53,31,14,10,9,1,6
2008-891,Chennai,Hard,32,250,O,20071231,2,P491,2,,Kristian Pless,R,188,DEN,26.888,128,351,SG28,,,Vivek Shokeen,,,IND,20.419,688,25,6-3 6-4,3,Q1,70,5,1,52,30,27,15,10,0,0,3,0,60,35,23,13,9,4,6
2008-891,Chennai,Hard,32,250,O,20071231,3,L336,3,,Harel Levy,R,185,ISR,29.405,161,262,L391,,,Jaroslav Levinsky,R,193,CZE,26.883,,,6-1 6-1,3,Q1,36,12,0,36,24,20,8,7,0,0,1,2,38,28,10,4,7,2,7
2008-891,Chennai,Hard,32,250,O,20071231,4,G372,4,,Stefano Galvani,R,175,ITA,30.576,171,247,M699,,,Harsh Mankad,R,173,IND,28.14,,,6-1 6-1,3,Q1,67,1,0,37,21,16,14,7,2,2,0,2,61,35,19,7,7,5,10
2008-891,Chennai,Hard,32,250,O,20071231,5,P467,,,Alexander Peya,R,183,AUT,27.51,187,230,T213,,,Jim Thomas,R,193,USA,33.268,,,6-3 6-2,3,Q1,69,6,3,59,43,34,7,9,2,2,2,5,46,30,20,6,8,4,7
2008-891,Chennai,Hard,32,250,O,20071231,6,MC18,,,Denis Matsukevich,R,191,RUS,21.76,323,112,R632,6,,Michael Ryderstedt,L,188,SWE,23.132,236,170,6-4 7-5,3,Q1,92,3,5,69,40,32,15,11,4,5,2,2,69,44,30,13,11,5,8
2008-891,Chennai,Hard,32,250,O,20071231,7,R548,,,Rajeev Ram,R,193,USA,23.786,253,160,SK02,,,Karunuday Singh,R,180,IND,17.114,,,6-1 6-2,3,Q1,52,6,0,34,21,17,11,7,0,0,1,4,69,45,24,8,8,9,14
2008-891,Chennai,Hard,32,250,O,20071231,8,K596,,,Alexander Kudryavtsev,R,183,RUS,22.179,255,159,W541,,,Akash Wagh,L,175,IND,17.791,1349,2,6-2 6-0,3,Q1,45,2,2,39,22,18,11,7,1,1,0,3,42,23,11,6,7,1,6
2008-891,Chennai,Hard,32,250,O,20071231,9,A536,,,Stephen Amritraj,R,,IND,23.759,1238,4,L719,,,Tushar Liberhan,,,IND,21.229,788,17,6-4 3-6 6-3,3,Q1,113,2,8,90,47,37,20,14,5,8,0,5,82,53,38,12,14,5,9
2008-891,Chennai,Hard,32,250,O,20071231,10,G435,,,Mustafa Ghouse,R,185,IND,27.365,,,SF29,,,Ajai Selvaraj,,,IND,21.621,1386,2,6-1 6-3,3,Q1,61,7,5,45,22,19,14,8,0,0,2,6,54,18,13,15,8,5,9
2008-891,Chennai,Hard,32,250,O,20071231,11,K461,,,Kamala Kannan,,,IND,25.936,1479,1,BF55,,,Yuki Bhambri,R,185,IND,15.491,1479,1,7-5 6-4,3,Q1,107,6,1,67,40,29,14,11,4,6,3,2,81,46,26,19,11,5,9
2008-891,Chennai,Hard,32,250,O,20071231,12,M778,,,David Martin,L,185,USA,26.853,1127,5,V502,,,Ranjeet Virali-Murugesan,,,IND,22.251,1213,4,6-3 6-0,3,Q1,69,2,0,49,32,25,11,8,1,1,2,3,50,24,15,10,7,3,7
2008-891,Chennai,Hard,32,250,O,20071231,13,M776,,,Michal Mertinak,R,185,SVK,28.222,295,127,K398,,,Vijay Kannan,R,,IND,27.904,706,23,6-1 6-4,3,Q1,63,3,4,58,39,29,12,9,2,2,3,1,52,35,18,11,8,3,6
2008-891,Chennai,Hard,32,250,O,20071231,14,R704,,,Karan Rastogi,R,178,HKG,21.229,368,92,SD46,,,Divij Sharan,L,183,IND,21.832,616,32,7-5 4-6 6-4,3,Q1,154,5,13,103,56,36,22,16,5,11,11,3,102,65,39,17,16,6,13
2008-891,Chennai,Hard,32,250,O,20071231,15,R519,,,Sonchat Ratiwatana,R,175,THA,25.936,1258,3,PC36,,,Vignesh Peranamallur,R,173,IND,20.151,1386,2,7-6(6) 6-1,3,Q1,89,2,4,57,36,31,13,9,1,1,0,1,64,30,25,16,10,3,6
2008-891,Chennai,Hard,32,250,O,20071231,16,Z104,,,Lovro Zovko,R,191,CRO,26.787,759,19,SC63,,,Sunil-Kumar Sipaeya,,,IND,24.742,420,75,7-6(1) 6-3,3,Q1,100,9,3,61,30,25,18,11,2,4,4,5,75,44,25,15,10,2,5
2008-891,Chennai,Hard,32,250,O,20071231,17,K403,1,,Igor Kunitsyn,R,180,RUS,26.251,116,381,G435,,,Mustafa Ghouse,R,185,IND,27.365,,,6-2 3-0 RET,3,Q2,51,4,1,31,18,13,10,5,3,3,2,3,37,16,9,7,6,2,6
2008-891,Chennai,Hard,32,250,O,20071231,18,P491,2,,Kristian Pless,R,188,DEN,26.888,128,351,R519,,,Sonchat Ratiwatana,R,175,THA,25.936,1258,3,7-6(3) 6-3,3,Q2,92,8,3,75,48,35,18,10,8,8,2,2,73,47,33,13,11,2,4
2008-891,Chennai,Hard,32,250,O,20071231,19,L336,3,,Harel Levy,R,185,ISR,29.405,161,262,K461,,,Kamala Kannan,,,IND,25.936,1479,1,6-2 6-1,3,Q2,78,3,1,49,28,19,14,8,2,3,2,3,71,41,20,12,7,4,9
2008-891,Chennai,Hard,32,250,O,20071231,20,G372,4,,Stefano Galvani,R,175,ITA,30.576,171,247,A536,,,Stephen Amritraj,R,,IND,23.759,1238,4,6-1 6-1,3,Q2,45,6,2,34,17,14,15,7,0,0,0,1,40,23,11,6,7,3,8
2008-891,Chennai,Hard,32,250,O,20071231,21,P467,,,Alexander Peya,R,183,AUT,27.51,187,230,M778,,,David Martin,L,185,USA,26.853,1127,5,7-6(5) 6-3,3,Q2,79,9,1,63,37,30,18,11,0,0,5,2,57,46,34,5,10,0,1
2008-891,Chennai,Hard,32,250,O,20071231,22,R548,,,Rajeev Ram,R,193,USA,23.786,253,160,M776,,,Michal Mertinak,R,185,SVK,28.222,295,127,6-2 7-5,3,Q2,93,10,1,59,38,33,12,10,4,4,2,6,78,57,37,8,10,9,12
2008-891,Chennai,Hard,32,250,O,20071231,23,K596,,,Alexander Kudryavtsev,R,183,RUS,22.179,255,159,R704,,,Karan Rastogi,R,178,HKG,21.229,368,92,7-5 6-3,3,Q2,106,9,4,67,34,30,17,11,0,1,5,6,80,56,37,6,10,9,12
2008-891,Chennai,Hard,32,250,O,20071231,24,Z104,,,Lovro Zovko,R,191,CRO,26.787,759,19,MC18,,,Denis Matsukevich,R,191,RUS,21.76,323,112,6-3 1-6 6-1,3,Q2,84,11,4,62,32,24,17,12,2,5,4,1,60,30,20,15,11,4,8
2008-891,Chennai,Hard,32,250,O,20071231,25,K596,,,Alexander Kudryavtsev,R,183,RUS,22.179,255,159,K403,1,,Igor Kunitsyn,R,180,RUS,26.251,116,381,6-4 6-4,3,Q3,94,8,1,69,45,34,14,10,5,5,1,0,58,29,19,19,10,0,2
2008-891,Chennai,Hard,32,250,O,20071231,26,Z104,,,Lovro Zovko,R,191,CRO,26.787,759,19,P491,2,,Kristian Pless,R,188,DEN,26.888,128,351,3-6 6-1 6-2,3,Q3,97,12,3,69,38,33,16,12,2,3,3,9,78,43,34,10,12,4,8
2008-891,Chennai,Hard,32,250,O,20071231,27,R548,,,Rajeev Ram,R,193,USA,23.786,253,160,L336,3,,Harel Levy,R,185,ISR,29.405,161,262,7-6(4) 6-1,3,Q3,87,13,3,73,40,31,22,10,7,7,3,2,69,40,24,17,9,2,4
2008-891,Chennai,Hard,32,250,O,20071231,28,P467,,,Alexander Peya,R,183,AUT,27.51,187,230,G372,4,,Stefano Galvani,R,175,ITA,30.576,171,247,4-6 6-3 6-4,3,Q3,124,5,5,88,51,37,20,15,0,2,2,5,89,49,34,21,14,5,8
2008-301,Auckland,Hard,32,250,O,20080107,1,V377,,,Adam Vejmelka,,,CZE,22.311,386,86,W361,6,,Sam Warburg,R,191,USA,24.693,172,241,6-2 0-6 7-5,3,Q1,121,7,8,83,41,28,21,13,8,12,0,3,81,50,29,20,13,7,11
2008-301,Auckland,Hard,32,250,O,20080107,2,BA53,7,,Jamie Baker,R,183,GBR,21.424,217,192,S604,,,Andre Sa,R,185,BRA,30.672,534,44,6-3 6-2,3,Q1,85,0,0,57,37,28,10,9,2,4,4,2,57,31,17,10,8,2,7
2008-301,Auckland,Hard,32,250,O,20080107,3,MB88,8,,Matwe Middelkoop,R,191,NED,24.345,242,168,M778,,,David Martin,L,185,USA,26.872,1129,5,6-4 7-6(3),3,Q1,96,2,1,78,54,35,17,11,4,5,3,2,80,53,34,15,11,2,4
2008-301,Auckland,Hard,32,250,O,20080107,4,A340,,,Francesco Aldi,R,175,ITA,26.305,251,162,CB33,,,Martin Colenbrander,,,NZL,19.329,,,6-1 6-2,3,Q1,68,1,5,47,30,23,7,7,1,2,1,5,60,36,16,9,8,1,7
2008-301,Auckland,Hard,32,250,O,20080107,5,BA08,,,Alberto Brizzi,R,,ITA,23.784,290,133,SD83,,,Matt Simpson,,,NZL,23.409,931,11,6-4 2-6 6-1,3,Q1,111,3,5,67,30,23,20,12,1,4,5,6,87,49,38,9,13,10,15
2008-301,Auckland,Hard,32,250,O,20080107,6,C585,,,Tomas Cakl,R,178,CZE,26.702,283,135,F299,,,Leos Friedl,R,183,CZE,31.014,,,6-2 6-1,3,Q1,54,2,1,45,26,19,13,7,3,3,1,3,55,27,15,12,8,0,5
2008-301,Auckland,Hard,32,250,O,20080107,7,C445,,,Frantisek Cermak,R,193,CZE,31.146,871,12,N437,,,Gianluca Naso,R,193,ITA,21.002,390,84,6-4 6-2,3,Q1,75,3,6,65,30,22,19,9,0,1,4,6,70,40,23,11,9,10,14
2008-301,Auckland,Hard,32,250,O,20080107,8,J284,,,G.D. Jones,R,183,NZL,21.769,1214,4,L580,,,Scott Lipsky,R,185,USA,26.398,1129,5,6-2 6-1,3,Q1,51,3,2,43,33,26,5,7,2,2,2,1,48,37,17,5,8,3,8
2008-301,Auckland,Hard,32,250,O,20080107,9,J263,,,Woong-Sun Jun,R,191,KOR,21.566,328,109,SG78,,,Mikal Statham,R,155,NZL,20.704,1354,2,6-2 6-3,3,Q1,63,5,3,60,39,23,13,8,5,7,0,4,55,27,11,14,9,2,8
2008-301,Auckland,Hard,32,250,O,20080107,10,L513,,,Miguel Angel Lopez Jaen,R,188,ESP,25.106,281,136,G980,,,Sam Gould,,,NZL,18.68,,,6-1 6-1,3,Q1,43,2,1,35,22,18,10,7,0,0,0,7,52,25,17,5,7,8,13
2008-301,Auckland,Hard,32,250,O,20080107,11,R685,,,Lukas Rosol,R,193,CZE,22.456,271,141,N349,,,Conor Niland,R,185,IRL,26.3,315,116,6-3 6-4,3,Q1,60,4,2,52,28,20,12,9,2,4,1,3,70,47,26,9,10,9,14
2008-301,Auckland,Hard,32,250,O,20080107,12,H390,1,,Luis Horna,R,180,PER,27.313,75,520,C445,,,Frantisek Cermak,R,193,CZE,31.146,871,12,6-0 6-1,3,Q2,49,3,1,42,36,27,3,7,2,2,3,7,45,22,11,7,6,2,7
2008-301,Auckland,Hard,32,250,O,20080107,13,C585,,,Tomas Cakl,R,178,CZE,26.702,283,135,V258,2,,Martin Vassallo Arguello,R,183,ARG,27.907,76,520,7-5 6-3,3,Q2,72,6,3,74,44,31,13,11,6,8,4,2,57,42,28,4,10,2,6
2008-301,Auckland,Hard,32,250,O,20080107,14,M655,,,Nicolas Massu,R,183,CHI,28.244,80,514,A340,,,Francesco Aldi,R,175,ITA,26.305,251,162,6-3 6-3,3,Q2,98,3,1,56,31,23,15,9,4,5,0,4,66,42,25,9,9,2,6
2008-301,Auckland,Hard,32,250,O,20080107,15,BA08,,,Alberto Brizzi,R,,ITA,23.784,290,133,V207,4,,Jiri Vanek,R,185,CZE,29.706,99,431,6-3 6-2,3,Q2,61,2,1,50,33,25,10,9,1,2,4,3,51,33,17,9,8,0,4
2008-301,Auckland,Hard,32,250,O,20080107,16,L799,,,Jesse Levine,L,175,CAN,20.23,170,242,L513,,,Miguel Angel Lopez Jaen,R,188,ESP,25.106,281,136,6-1 6-4,3,Q2,54,6,2,51,34,23,7,9,2,5,0,3,51,27,16,4,8,4,10
2008-301,Auckland,Hard,32,250,O,20080107,17,BA53,7,,Jamie Baker,R,183,GBR,21.424,217,192,J263,,,Woong-Sun Jun,R,191,KOR,21.566,328,109,2-6 6-3 6-2,3,Q2,126,1,3,101,70,48,13,13,8,10,9,2,87,52,35,17,12,4,7
2008-301,Auckland,Hard,32,250,O,20080107,18,R685,,,Lukas Rosol,R,193,CZE,22.456,271,141,MB88,8,,Matwe Middelkoop,R,191,NED,24.345,242,168,6-2 7-6(6),3,Q2,80,3,3,65,34,21,16,10,1,5,3,4,73,45,22,9,10,9,15
2008-301,Auckland,Hard,32,250,O,20080107,19,J284,,,G.D. Jones,R,183,NZL,21.769,1214,4,V377,,,Adam Vejmelka,,,CZE,22.311,386,86,6-4 6-2,3,Q2,87,1,6,68,38,24,16,9,3,5,4,7,67,33,16,17,9,8,13
2008-301,Auckland,Hard,32,250,O,20080107,20,R685,,,Lukas Rosol,R,193,CZE,22.456,271,141,H390,1,,Luis Horna,R,180,PER,27.313,75,520,6-2 4-5 RET,3,Q3,78,11,2,51,27,23,13,8,0,0,5,1,64,44,29,9,9,3,5
2008-301,Auckland,Hard,32,250,O,20080107,21,M655,,,Nicolas Massu,R,183,CHI,28.244,80,514,L799,,,Jesse Levine,L,175,CAN,20.23,170,242,6-4 6-3,3,Q3,98,6,2,58,36,25,15,9,3,3,3,6,71,39,27,13,10,6,9
2008-301,Auckland,Hard,32,250,O,20080107,22,C585,,,Tomas Cakl,R,178,CZE,26.702,283,135,BA53,7,,Jamie Baker,R,183,GBR,21.424,217,192,6-2 6-2,3,Q3,62,5,0,54,39,27,10,8,4,4,0,1,51,37,21,6,8,6,10
2008-301,Auckland,Hard,32,250,O,20080107,23,J284,,,G.D. Jones,R,183,NZL,21.769,1214,4,BA08,,,Alberto Brizzi,R,,ITA,23.784,290,133,7-6(5) 6-4,3,Q3,150,4,7,89,62,41,14,11,9,11,1,5,93,53,34,20,11,10,13
2008-338,Sydney,Hard,32,250,O,20080107,1,104548,,,John Isner,R,208,USA,22.7,108,407,103096,2,,Arnaud Clement,R,173,FRA,30.056,58,610,6-2 7-6(5),3,Q1,102,15,4,78,45,35,18,15,3,5,4,6,88,52,30,12,11,2,6
2008-338,Sydney,Hard,32,250,O,20080107,2,104053,,,Robby Ginepri,R,183,USA,25.251,132,330,104607,3,,Simone Bolelli,R,183,ITA,22.248,69,541,6-2 6-4,3,Q1,78,6,2,55,34,26,12,10,1,2,3,4,62,38,20,10,10,2,5
2008-338,Sydney,Hard,32,250,O,20080107,3,104338,,,Steve Darcis,R,175,BEL,23.819,88,474,104414,4,,Frank Dancevic,R,185,CAN,23.28,72,531,6-3 6-4,3,Q1,84,5,3,62,38,30,14,11,2,3,4,6,82,51,30,12,11,2,6
2008-338,Sydney,Hard,32,250,O,20080107,4,103819,5,,Victor Hanescu,R,198,ROU,26.464,78,517,105026,,,Sam Groth,R,193,AUS,20.219,341,105,6-7(6) 6-2 6-3,3,Q1,138,12,4,105,68,52,24,20,5,8,6,11,118,75,48,22,18,3,7
2008-338,Sydney,Hard,32,250,O,20080107,5,105053,,,Evgeny Korolev,R,185,KAZ,19.896,82,492,104595,,,Adam Feeney,R,178,AUS,22.836,314,116,6-3 6-4,3,Q1,76,8,2,52,32,26,12,10,1,2,1,4,58,35,22,10,10,2,5
2008-338,Sydney,Hard,32,250,O,20080107,6,104259,,,Edouard Roger-Vasselin,R,185,FRA,24.11,92,450,104257,7,,Alejandro Falla,L,185,COL,24.148,84,481,7-6(8) 4-6 6-2,3,Q1,145,7,3,112,72,48,22,18,4,8,5,10,122,78,44,22,18,4,9
2008-338,Sydney,Hard,32,250,O,20080107,7,105021,,,Andrew Coelho,L,180,AUS,20.266,355,99,104926,,,Fabio Fognini,R,178,ITA,20.624,94,444,6-3 1-0 RET,3,Q1,45,3,2,35,22,18,8,7,0,1,1,2,42,25,12,6,6,4,6
2008-338,Sydney,Hard,32,250,O,20080107,8,103541,,,Nicolas Devilder,L,173,FRA,27.786,114,388,103138,,,Jurek Stasiak,R,,AUS,29.708,1239,4,6-3 6-2,3,Q1,68,4,2,48,30,24,10,8,1,2,1,4,52,32,16,8,8,5,8
2008-338,Sydney,Hard,32,250,O,20080107,9,103756,,,Diego Hartfield,R,185,ARG,26.932,106,410,105437,,,Brydan Klein,R,188,GBR,18.018,618,32,3-6 7-5 6-3,3,Q1,132,6,4,98,62,44,20,17,4,6,5,10,112,68,42,20,16,3,7
2008-338,Sydney,Hard,32,250,O,20080107,10,103506,,,Alun Jones,R,180,AUS,27.699,140,308,105023,,,Mischa Zverev,L,191,GER,20.378,86,478,6-1 RET,3,Q1,25,4,1,22,14,12,6,5,0,0,1,0,25,15,5,4,4,5,8
2008-338,Sydney,Hard,32,250,O,20080107,11,103286,,,Alberto Martin,R,175,ESP,29.383,138,313,104000,,,Ivan Navarro,R,183,ESP,26.218,122,360,6-3 7-6(5),3,Q1,92,5,3,68,42,32,15,12,2,3,4,7,78,48,28,14,12,3,6
2008-338,Sydney,Hard,32,250,O,20080107,12,104381,,,Ivo Minar,R,183,CZE,23.63,102,425,104111,,,Paul Capdeville,R,191,CHI,24.767,100,428,6-1 6-2,3,Q1,55,5,1,38,24,20,8,7,0,0,1,0,42,25,10,6,6,5,8
2008-338,Sydney,Hard,32,250,O,20080107,13,102811,,,Frederic Niemeyer,R,191,CAN,31.704,169,247,104642,,,Jesse Huta Galung,R,,NED,22.253,201,213,7-5 6-1,3,Q1,75,8,2,55,34,28,12,10,1,2,3,5,64,38,22,10,10,2,5
2008-338,Sydney,Hard,32,250,O,20080107,14,104037,,,Boris Pashanski,R,178,SRB,25.177,95,441,105044,,,Lukas Lacko,R,188,SVK,20.178,150,285,6-4 6-2,3,Q1,72,4,2,52,32,26,12,10,1,2,1,4,58,35,18,10,10,2,5
2008-338,Sydney,Hard,32,250,O,20080107,15,103902,,,Simon Stadler,L,183,GER,24.468,202,211,104481,,,Mathieu Montcourt,R,183,FRA,22.845,121,361,7-5 6-7(4) 2-2 RET,3,Q1,152,6,4,115,75,52,24,20,3,7,6,12,122,78,48,22,18,4,8
2008-338,Sydney,Hard,32,250,O,20080107,16,104381,,,Ivo Minar,R,183,CZE,23.63,102,425,103819,5,,Victor Hanescu,R,198,ROU,26.464,78,517,6-4 6-2,3,Q2,78,6,2,55,34,28,12,10,1,2,2,4,65,42,24,11,10,2,5
2008-338,Sydney,Hard,32,250,O,20080107,17,105053,,,Evgeny Korolev,R,185,KAZ,19.896,82,492,103756,,,Diego Hartfield,R,185,ARG,26.932,106,410,4-6 6-4 6-4,3,Q2,135,10,4,95,58,44,20,17,3,6,5,8,102,64,38,20,15,4,8
2008-338,Sydney,Hard,32,250,O,20080107,18,104338,,,Steve Darcis,R,175,BEL,23.819,88,474,105021,,,Andrew Coelho,L,180,AUS,20.266,355,99,3-6 6-2 6-1,3,Q2,112,7,3,88,52,40,18,15,2,4,4,6,92,55,32,15,13,2,6
2008-338,Sydney,Hard,32,250,O,20080107,19,103541,,,Nicolas Devilder,L,173,FRA,27.786,114,388,102811,,,Frederic Niemeyer,R,191,CAN,31.704,169,247,6-7(2) 7-6(3) 7-5,3,Q2,168,8,5,122,78,58,32,25,3,8,6,12,128,82,48,26,21,4,9
2008-338,Sydney,Hard,32,250,O,20080107,20,104548,,,John Isner,R,208,USA,22.7,108,407,104037,,,Boris Pashanski,R,178,SRB,25.177,95,441,6-3 7-6(2),3,Q2,96,18,3,72,45,38,18,15,2,3,4,6,82,51,30,12,11,2,5
2008-338,Sydney,Hard,32,250,O,20080107,21,103506,,,Alun Jones,R,180,AUS,27.699,140,308,104259,,,Edouard Roger-Vasselin,R,185,FRA,24.11,92,450,6-3 6-4,3,Q2,85,6,2,62,40,31,12,10,1,2,3,5,68,42,26,10,9,2,5
2008-338,Sydney,Hard,32,250,O,20080107,22,104712,,,Mikhail Ledovskikh,R,188,RUS,21.415,188,223,103902,,,Simon Stadler,L,183,GER,24.468,202,211,7-5 6-4,3,Q2,94,8,3,68,42,32,15,12,2,3,4,7,78,48,28,14,12,3,6
2008-338,Sydney,Hard,32,250,O,20080107,23,103286,,,Alberto Martin,R,175,ESP,29.383,138,313,104053,,,Robby Ginepri,R,183,USA,25.251,132,330,2-3 RET,3,Q2,28,2,1,22,14,10,5,4,1,2,1,2,25,15,8,4,4,2,3
2008-338,Sydney,Hard,32,250,O,20080107,24,104338,,,Steve Darcis,R,175,BEL,23.819,88,474,105053,,,Evgeny Korolev,R,185,KAZ,19.896,82,492,6-1 7-5,3,Q3,88,6,2,65,42,32,15,11,1,2,3,5,72,45,26,12,10,1,4
2008-338,Sydney,Hard,32,250,O,20080107,25,103506,,,Alun Jones,R,180,AUS,27.699,140,308,104712,,,Mikhail Ledovskikh,R,188,RUS,21.415,188,223,6-2 4-6 6-1,3,Q3,118,9,4,88,52,40,18,15,4,6,5,10,96,58,36,15,13,2,5
2008-338,Sydney,Hard,32,250,O,20080107,26,103286,,,Alberto Martin,R,175,ESP,29.383,138,313,103541,,,Nicolas Devilder,L,173,FRA,27.786,114,388,6-2 6-4,3,Q3,82,5,3,58,36,28,12,10,1,2,3,5,65,40,24,11,10,1,4
2008-338,Sydney,Hard,32,250,O,20080107,27,104381,,,Ivo Minar,R,183,CZE,23.63,102,425,104548,,,John Isner,R,208,USA,22.7,108,407,7-5 7-6(7),3,Q3,115,9,4,88,52,42,18,17,4,6,5,10,102,64,38,20,15,4,8
2008-580,Australian Open,Hard,128,G,O,20080114,1,H756,,,Robin Haase,R,191,NED,20.775,103,424,SC47,,,Go Soeda,R,178,JPN,23.357,212,199,6-2 7-5,3,Q1,84,1,2,61,41,29,10,10,6,8,2,6,72,43,25,12,10,4,9
2008-580,Australian Open,Hard,128,G,O,20080114,2,D469,3,,Nicolas Devilder,L,173,FRA,27.806,115,388,MB53,,,Adrian Menendez-Maceiras,R,183,ESP,22.212,235,174,6-3 3-6 11-9,3,Q1,177,3,3,123,86,53,19,19,10,15,4,3,117,68,43,24,19,7,13
2008-580,Australian Open,Hard,128,G,O,20080114,3,MA38,,,Jan Mertl,R,191,CZE,26.029,210,200,MA30,4,,Gilles Muller,L,193,LUX,24.684,116,380,7-6(7) 7-6(1),3,Q1,114,4,3,91,62,40,20,12,5,7,17,3,84,55,40,12,12,2,4
2008-580,Australian Open,Hard,128,G,O,20080114,4,C723,5,,Flavio Cipolla,R,173,ITA,24.235,117,372,E690,,,Matthew Ebden,R,188,AUS,20.134,541,44,6-3 4-6 6-3,3,Q1,112,1,9,81,45,31,18,14,4,8,4,4,86,53,29,17,14,3,9
2008-580,Australian Open,Hard,128,G,O,20080114,5,D424,6,,Rik De Voest,R,180,RSA,27.608,118,366,G493,,,Catalin-Ionut Gard,R,,ROU,26.513,241,170,7-5 4-6 6-3,3,Q1,160,5,0,104,73,45,14,16,7,12,2,5,118,85,50,16,15,15,21
2008-580,Australian Open,Hard,128,G,O,20080114,6,G512,,,Denis Gremelmayr,L,183,GER,26.412,119,366,A502,,,Juan-Martin Aranguren,R,,ARG,24.271,268,143,6-3 6-2,3,Q1,56,4,1,35,24,24,8,8,0,0,2,7,63,31,18,15,9,10,14
2008-580,Australian Open,Hard,128,G,O,20080114,7,L702,,,Mikhail Ledovskikh,R,188,RUS,21.435,188,223,G585,8,,Maximo Gonzalez,R,173,ARG,24.487,120,366,6-3 6-2,3,Q1,55,9,1,39,23,21,11,8,0,0,0,2,58,31,18,12,9,6,10
2008-580,Australian Open,Hard,128,G,O,20080114,8,BA53,,,Jamie Baker,R,183,GBR,21.443,217,192,S809,,,Yuri Schukin,R,185,KAZ,28.553,121,363,6-2 6-0,3,Q1,62,3,2,40,25,20,11,7,5,5,2,5,47,24,13,5,7,3,8
2008-580,Australian Open,Hard,128,G,O,20080114,9,G806,,,Andrey Golubev,R,180,KAZ,20.482,173,241,N309,10,,Ivan Navarro,R,183,ESP,26.237,123,360,6-7(4) 7-5 6-3,3,Q1,144,9,4,120,75,55,27,17,7,7,3,3,98,49,39,29,16,2,4
2008-580,Australian Open,Hard,128,G,O,20080114,10,O234,,,Wayne Odesnik,L,180,USA,22.146,124,359,P567,,,Filip Prpic,R,173,SWE,25.637,237,172,6-2 6-1,3,Q1,63,6,1,46,28,21,13,8,1,1,0,1,63,40,22,8,7,7,11
2008-580,Australian Open,Hard,128,G,O,20080114,11,R685,,,Lukas Rosol,R,193,CZE,22.475,269,141,G681,12,,Teymuraz Gabashvili,R,185,GEO,22.645,125,357,7-5 6-4,3,Q1,73,5,0,71,40,30,15,11,3,5,7,6,62,34,25,12,11,5,9
2008-580,Australian Open,Hard,128,G,O,20080114,12,T840,,,Viktor Troicki,R,193,SRB,21.925,126,357,L657,,,Gary Lugassy,L,,FRA,25.402,219,189,3-6 6-0 6-4,3,Q1,107,8,0,63,39,26,16,12,2,4,8,3,92,53,27,23,13,9,14
2008-580,Australian Open,Hard,128,G,O,20080114,13,K403,14,,Igor Kunitsyn,R,180,RUS,26.289,127,351,M800,,,Jan Minar,R,,CZE,26.765,204,207,6-4 6-3,3,Q1,81,1,3,64,42,31,10,9,4,5,0,7,69,38,25,12,10,6,10
2008-580,Australian Open,Hard,128,G,O,20080114,14,BD59,,,Carsten Ball,L,198,AUS,20.569,378,89,P491,15,,Kristian Pless,R,188,DEN,26.927,128,344,6-3 7-6(8),3,Q1,67,13,2,73,58,42,10,11,2,3,2,3,63,42,31,12,10,2,4
2008-580,Australian Open,Hard,128,G,O,20080114,15,B752,,,Stephane Bohli,R,185,SUI,24.474,182,229,Q019,16,,Aisam-Ul-Haq Qureshi,R,183,PAK,27.828,130,336,5-7 6-3 6-3,3,Q1,115,14,5,80,42,36,23,15,1,2,7,6,88,43,34,22,15,4,7
2008-580,Australian Open,Hard,128,G,O,20080114,16,G710,,,Marcel Granollers,R,191,ESP,21.758,131,334,BC65,,,Matthias Bachinger,R,188,GER,20.786,190,222,6-2 6-2,3,Q1,60,4,3,58,41,27,10,8,5,6,0,2,48,22,11,11,8,1,6
2008-580,Australian Open,Hard,128,G,O,20080114,17,B929,,,Alex Bogdanovic,L,183,GBR,23.647,180,231,G569,18,,Robby Ginepri,R,183,USA,25.27,135,315,6-3 6-1,3,Q1,54,7,0,36,28,26,6,8,0,0,4,1,48,27,18,7,8,5,9
2008-580,Australian Open,Hard,128,G,O,20080114,18,K371,,,Roko Karanusic,R,183,CRO,25.358,133,323,K839,,,Tobias Kamke,R,178,GER,21.651,211,200,6-4 6-1,3,Q1,73,1,0,49,26,18,17,8,2,2,0,6,59,27,17,14,9,6,10
2008-580,Australian Open,Hard,128,G,O,20080114,19,D438,,,Amer Delic,R,196,BIH,25.541,136,314,SG87,,,Ryan Sweeting,R,196,USA,20.504,246,166,6-4 7-5,3,Q1,85,4,1,77,44,34,18,11,9,10,4,0,63,40,25,15,11,4,7
2008-580,Australian Open,Hard,128,G,O,20080114,20,M590,21,,Alberto Martin,R,175,ESP,29.402,141,303,E254,,,Brendan Evans,R,188,USA,21.769,232,176,7-5 2-6 11-9,3,Q1,176,2,9,137,83,57,27,20,4,8,8,3,149,97,69,23,20,11,15
2008-580,Australian Open,Hard,128,G,O,20080114,21,E160,,,Konstantinos Economidis,R,188,GRE,30.198,142,299,D551,,,Farrukh Dustov,R,193,UZB,21.648,255,160,6-3 6-4,3,Q1,83,5,2,56,26,26,15,10,1,1,7,2,71,48,34,8,9,5,7
2008-580,Australian Open,Hard,128,G,O,20080114,22,L395,23,,Federico Luzzi,R,188,ITA,28.03,143,298,R632,,,Michael Ryderstedt,L,188,SWE,23.17,240,170,6-3 1-6 6-3,3,Q1,122,5,3,81,39,28,20,13,8,12,6,7,74,45,28,13,12,6,10
2008-580,Australian Open,Hard,128,G,O,20080114,23,W361,,,Sam Warburg,R,191,USA,24.712,172,241,F337,24,,Zack Fleishman,R,188,USA,27.828,145,294,6-2 7-6(3),3,Q1,80,2,1,61,44,31,13,10,1,2,5,2,65,42,27,10,10,3,6
2008-580,Australian Open,Hard,128,G,O,20080114,24,TA46,,,Bernard Tomic,R,196,AUS,15.231,,,W373,25,,Jimmy Wang,R,180,TPE,22.93,147,289,4-6 7-6(13) 7-5,3,Q1,174,12,1,117,76,51,20,17,7,12,6,4,139,80,54,26,17,8,13
2008-580,Australian Open,Hard,128,G,O,20080114,25,S893,,,Martin Slanar,R,,AUT,26.705,277,138,M760,26,,Oliver Marach,R,185,AUT,27.496,148,288,7-6(6) 6-4,3,Q1,110,6,5,70,33,27,21,11,0,2,1,3,84,42,26,23,11,8,11
2008-580,Australian Open,Hard,128,G,O,20080114,26,L797,,,Lukas Lacko,R,188,SVK,20.197,150,285,W300,,,Alexander Waske,R,188,GER,32.791,245,166,4-6 7-6(2) RET,3,Q1,91,5,0,72,39,32,20,11,3,4,4,4,74,48,36,15,11,3,3
2008-580,Australian Open,Hard,128,G,O,20080114,27,U043,28,,Danai Udomchoke,R,173,THA,26.426,153,275,S550,,,Takao Suzuki,R,175,JPN,31.316,244,167,6-3 6-3,3,Q1,59,2,3,49,33,25,8,9,2,4,6,0,54,32,19,8,9,3,8
2008-580,Australian Open,Hard,128,G,O,20080114,28,104162,,,Lukas Dlouhy,R,185,CZE,24.767,154,275,103843,,,Conor Niland,R,185,IRL,26.319,315,116,4-6 6-2 8-6,3,Q1,148,8,5,102,64,48,18,16,4,7,5,3,115,75,45,20,16,6,12
2008-580,Australian Open,Hard,128,G,O,20080114,29,L336,,,Harel Levy,R,185,ISR,29.443,160,262,BC72,,,Daniel Brands,R,196,GER,20.496,221,186,6-4 3-6 7-5,3,Q1,109,13,0,100,71,47,17,15,2,4,16,3,104,67,45,21,16,7,10
2008-580,Australian Open,Hard,128,G,O,20080114,30,K551,31,,Daniel Koellerer,R,180,AUT,24.411,163,258,U061,,,Adrian Ungur,R,178,ROU,22.976,267,144,6-0 6-4,3,Q1,75,0,0,48,31,18,14,8,3,4,2,3,60,37,17,11,8,4,9
2008-580,Australian Open,Hard,128,G,O,20080114,31,G940,,,Sam Groth,R,193,AUS,20.238,340,105,M759,32,,Wesley Moodie,R,196,RSA,28.914,164,256,6-7(6) 6-4 6-4,3,Q1,125,10,5,107,66,51,21,16,6,8,8,9,111,79,56,13,16,10,14
2008-580,Australian Open,Hard,128,G,O,20080114,32,A340,,,Francesco Aldi,R,175,ITA,26.324,251,162,G695,,,Augustin Gensse,R,180,FRA,24.43,258,155,6-0 7-5,3,Q1,98,0,3,68,50,32,8,9,5,7,0,3,59,43,22,3,9,4,10
2008-580,Australian Open,Hard,128,G,O,20080114,33,A487,,,Prakash Amritraj,R,188,IND,24.285,278,137,A311,,,Hugo Armando,R,183,USA,29.634,226,182,6-4 7-5,3,Q1,101,5,0,72,44,28,15,11,4,7,2,3,78,47,25,17,11,7,12
2008-580,Australian Open,Hard,128,G,O,20080114,34,A678,,,Kevin Anderson,R,203,RSA,21.659,208,201,Q017,,,Michael Quintero,R,,COL,27.51,259,152,7-6(6) 6-7(4) 6-2,3,Q1,155,20,5,104,71,54,17,16,2,4,1,5,111,74,48,19,16,3,7
2008-580,Australian Open,Hard,128,G,O,20080114,35,B757,,,Rohan Bopanna,R,193,IND,27.863,292,131,M531,,,Gouichi Motomura,R,173,JPN,34.053,300,126,6-3 6-4,3,Q1,67,3,3,64,38,30,15,10,5,5,2,1,57,35,25,10,9,3,5
2008-580,Australian Open,Hard,128,G,O,20080114,36,C813,,,Ti Chen,R,178,TPE,24.282,298,127,CA12,,,Jeremy Chardy,R,188,FRA,20.92,192,219,3-6 6-1 11-9,3,Q1,141,7,5,107,70,51,21,18,7,10,7,8,121,83,52,17,18,11,16
2008-580,Australian Open,Hard,128,G,O,20080114,37,D801,,,Alexandr Dolgopolov,R,180,UKR,19.184,236,174,D479,,,Sebastian Decoud,L,180,ARG,26.322,272,140,7-5 6-3,3,Q1,100,3,7,103,64,45,14,16,7,13,7,9,88,53,36,19,16,2,6
2008-580,Australian Open,Hard,128,G,O,20080114,38,D272,,,Antony Dupuis,R,185,FRA,34.886,197,215,E629,,,Colin Ebelthite,R,,AUS,23.129,308,118,6-4 3-6 8-6,3,Q1,136,18,2,93,54,44,20,16,3,5,2,3,105,57,37,31,17,4,7
2008-580,Australian Open,Hard,128,G,O,20080114,39,F491,,,Adam Feeney,R,178,AUS,22.856,314,116,D385,,,Benedikt Dorsch,R,178,GER,27.009,209,201,7-6 6-2,3,Q1,76,9,4,56,33,28,10,10,0,2,6,1,66,42,24,11,10,4,8
2008-580,Australian Open,Hard,128,G,O,20080114,40,F580,,,Martin Fischer,R,180,AUT,21.484,264,150,M812,,,Gustavo Marcaccio,R,170,ARG,30.7,302,123,6-2 6-1,3,Q1,62,3,1,41,19,17,14,8,1,2,0,3,47,30,17,4,7,7,12
2008-580,Australian Open,Hard,128,G,O,20080114,41,G372,,,Stefano Galvani,R,175,ITA,30.615,177,232,C666,,,Adrian Cruciat,R,,ROU,24.791,205,206,6-1 6-4,3,Q1,57,3,3,51,29,22,12,9,1,3,3,3,41,26,14,3,8,2,7
2008-580,Australian Open,Hard,128,G,O,20080114,42,H431,,,Nathan Healey,R,,AUS,27.88,289,133,T296,,,Gabriel Trujillo-Soler,R,,ESP,28.29,223,185,6-2 6-1,3,Q1,51,9,0,46,29,24,10,8,2,2,2,0,45,29,19,3,7,3,7
2008-580,Australian Open,Hard,128,G,O,20080114,43,H469,,,KJ Hippensteel,L,191,USA,27.685,1033,7,P624,,,Philipp Petzschner,R,185,GER,23.808,178,231,7-6(5) 6-4,3,Q1,102,0,1,82,53,38,15,11,5,6,8,6,83,33,26,22,11,2,4
2008-580,Australian Open,Hard,128,G,O,20080114,44,H704,,,Jesse Huta Galung,R,,NED,22.272,201,213,K409,,,Phillip King,R,175,USA,26.07,310,117,6-4 7-5,3,Q1,76,3,1,59,27,24,18,11,2,3,2,1,75,47,30,14,11,4,7
2008-580,Australian Open,Hard,128,G,O,20080114,45,J290,,,Scoville Jenkins,R,188,USA,21.309,266,147,W360,,,Brian Wilson,R,191,USA,25.645,291,132,6-2 6-2,3,Q1,61,0,4,48,32,22,8,8,0,2,2,2,45,26,10,7,8,3,9
2008-580,Australian Open,Hard,128,G,O,20080114,46,J361,,,Greg Jones,R,193,AUS,18.951,383,87,BA08,,,Alberto Brizzi,R,,ITA,23.803,290,133,6-4 7-6(10),3,Q1,117,9,0,76,47,35,18,11,1,2,1,2,77,37,27,23,11,4,6
2008-580,Australian Open,Hard,128,G,O,20080114,47,K358,,,Kevin Kim,R,180,USA,29.47,189,222,J230,,,Rameez Junaid,R,,AUS,26.639,307,118,7-5 7-6(3),3,Q1,104,4,3,75,48,33,16,12,4,7,5,1,86,61,37,13,12,6,10
2008-580,Australian Open,Hard,128,G,O,20080114,48,K512,,,Ivo Klec,R,183,SVK,27.127,227,182,P436,,,Bjorn Phau,R,175,GER,28.279,194,218,6-2 6-4,3,Q1,76,2,3,57,27,19,17,9,3,5,4,2,61,35,18,12,9,4,9
2008-580,Australian Open,Hard,128,G,O,20080114,49,K596,,,Alexander Kudryavtsev,R,183,RUS,22.218,230,179,R336,,,Christophe Rochus,R,170,BEL,29.081,184,228,6-4 6-4,3,Q1,75,8,1,63,28,21,15,10,5,8,0,3,63,40,24,8,10,1,6
2008-580,Australian Open,Hard,128,G,O,20080114,50,K737,,,Alex Kuznetsov,R,183,USA,20.939,179,231,V377,,,Adam Vejmelka,,,CZE,22.33,386,86,6-3 6-2,3,Q1,68,7,1,58,38,32,10,9,2,2,1,2,51,27,18,10,8,3,6
2008-580,Australian Open,Hard,128,G,O,20080114,51,L523,,,Michael Lammer,R,185,SUI,25.807,215,196,A806,,,Miles Armstrong,,0,AUS,21.747,483,55,1-6 7-5 6-3,3,Q1,118,8,4,95,58,44,15,14,9,13,5,3,84,61,40,12,14,5,9
2008-580,Australian Open,Hard,128,G,O,20080114,52,L513,,,Miguel Angel Lopez Jaen,R,188,ESP,25.125,281,136,M776,,,Michal Mertinak,R,185,SVK,28.26,295,127,6-4 6-4,3,Q1,81,3,2,61,36,27,13,10,9,11,1,2,65,38,25,10,10,7,11
2008-580,Australian Open,Hard,128,G,O,20080114,53,M836,,,Dominik Meffert,R,196,GER,26.765,196,215,T971,,,Andrew Thomas,R,,AUS,17.873,845,13,6-1 6-0,3,Q1,41,3,1,34,23,21,7,7,0,0,2,2,44,21,10,7,6,5,10
2008-580,Australian Open,Hard,128,G,O,20080114,54,MB88,,,Matwe Middelkoop,R,191,NED,24.364,242,168,L503,,,Paolo Lorenzi,R,183,ITA,26.081,283,135,6-2 6-4,3,Q1,79,3,2,60,36,28,13,9,2,2,5,1,52,30,20,12,9,6,9
2008-580,Australian Open,Hard,128,G,O,20080114,55,O195,,,Thomas Oger,,,MON,27.814,263,150,W421,,,Fritz Wolmarans,R,,RSA,21.856,279,137,7-5 7-5,3,Q1,93,8,0,74,45,32,20,12,3,4,10,3,71,47,29,15,12,2,5
2008-580,Australian Open,Hard,128,G,O,20080114,56,O133,,,Noam Okun,R,185,ISR,29.747,287,133,J259,,,Andis Juska,R,,LAT,22.648,252,161,5-7 5-0 RET,3,Q1,66,6,3,59,38,27,12,9,3,5,1,1,49,34,20,7,8,1,4
2008-580,Australian Open,Hard,128,G,O,20080114,57,O264,,,Josselin Ouanna,R,193,FRA,21.752,274,140,O253,,,Dawid Olejniczak,R,,POL,24.873,305,121,7-5 6-4,3,Q1,70,4,3,64,45,36,10,11,5,6,1,1,63,43,30,10,11,2,5
2008-580,Australian Open,Hard,128,G,O,20080114,58,P467,,,Alexander Peya,R,183,AUT,27.548,174,235,T264,,,Marko Tkalec,R,178,SLO,30.828,280,137,6-4 6-7(5) 6-4,3,Q1,161,9,7,109,64,49,25,16,6,7,7,1,109,63,49,22,16,6,9
2008-580,Australian Open,Hard,128,G,O,20080114,59,R548,,,Rajeev Ram,R,193,USA,23.825,233,176,SC77,,,Sergiy Stakhovsky,R,193,UKR,22.021,199,214,6-3 6-3,3,Q1,76,4,1,59,38,28,12,9,2,3,2,2,70,47,30,7,9,6,10
2008-580,Australian Open,Hard,128,G,O,20080114,60,R628,,,Laurent Recouderc,R,,AND,23.513,214,197,C967,,,Andrew Coelho,L,180,AUS,20.285,355,99,6-2 6-3,3,Q1,56,0,1,52,31,26,12,9,3,3,1,2,44,24,16,9,8,0,3
2008-580,Australian Open,Hard,128,G,O,20080114,61,R364,,,Bjorn Rehnquist,R,175,SWE,30.023,286,134,G753,,,David Guez,R,185,FRA,25.101,200,214,5-7 7-5 6-1,3,Q1,158,0,1,90,55,39,21,15,4,6,0,1,104,63,40,22,16,5,10
2008-580,Australian Open,Hard,128,G,O,20080114,62,R782,,,Julian Reister,R,188,GER,21.785,306,120,O252,,,Scott Oudsema,R,191,USA,21.539,333,106,6-7(4) 7-6(4) 6-4,3,Q1,147,4,3,109,71,52,21,17,4,7,13,5,118,69,55,20,17,4,8
2008-580,Australian Open,Hard,128,G,O,20080114,63,S944,,,Simon Stadler,L,183,GER,24.487,202,211,S799,,,Pavel Snobel,L,191,CZE,27.877,249,163,7-6(1) 6-1,3,Q1,72,3,1,64,42,33,10,10,5,6,3,4,65,39,22,11,9,7,10
2008-580,Australian Open,Hard,128,G,O,20080114,64,V339,,,Simone Vagnozzi,R,,ITA,24.627,273,140,N291,,,Frederic Niemeyer,R,191,CAN,31.723,169,247,6-4 6-0,3,Q1,56,0,2,50,35,28,8,8,2,2,2,2,48,33,17,7,8,1,5
2008-580,Australian Open,Hard,128,G,O,20080114,65,H756,,,Robin Haase,R,191,NED,20.775,103,424,R782,,,Julian Reister,R,188,GER,21.785,306,120,7-6(2) 6-3,3,Q2,95,5,3,72,47,39,10,11,2,3,2,3,87,65,40,11,10,11,13
2008-580,Australian Open,Hard,128,G,O,20080114,66,K596,,,Alexander Kudryavtsev,R,183,RUS,22.218,230,179,D469,3,,Nicolas Devilder,L,173,FRA,27.806,115,388,6-2 7-5,3,Q2,80,8,5,64,33,25,18,10,2,3,2,3,69,42,27,10,10,7,11
2008-580,Australian Open,Hard,128,G,O,20080114,67,K358,,,Kevin Kim,R,180,USA,29.47,189,222,C723,5,,Flavio Cipolla,R,173,ITA,24.235,117,372,7-5 6-2,3,Q2,85,3,3,69,41,31,13,10,7,9,2,7,75,40,23,13,10,3,8
2008-580,Australian Open,Hard,128,G,O,20080114,68,D801,,,Alexandr Dolgopolov,R,180,UKR,19.184,236,174,D424,6,,Rik De Voest,R,180,RSA,27.608,118,366,6-4 4-6 6-4,3,Q2,111,7,2,96,55,42,21,15,8,11,7,4,85,47,36,17,15,1,5
2008-580,Australian Open,Hard,128,G,O,20080114,69,G512,,,Denis Gremelmayr,L,183,GER,26.412,119,366,F580,,,Martin Fischer,R,180,AUT,21.484,264,150,6-4 6-7(5) 9-7,3,Q2,161,18,6,127,66,56,29,19,5,7,6,11,120,61,44,31,19,6,10
2008-580,Australian Open,Hard,128,G,O,20080114,70,BA53,,,Jamie Baker,R,183,GBR,21.443,217,192,P467,,,Alexander Peya,R,183,AUT,27.548,174,235,6-4 7-6(4),3,Q2,120,1,1,77,46,31,17,11,2,4,4,6,89,48,33,17,11,5,8
2008-580,Australian Open,Hard,128,G,O,20080114,71,O234,,,Wayne Odesnik,L,180,USA,22.146,124,359,H704,,,Jesse Huta Galung,R,,NED,22.272,201,213,6-3 6-0,3,Q2,66,4,0,34,27,23,5,7,0,0,3,3,71,35,20,14,8,12,17
2008-580,Australian Open,Hard,128,G,O,20080114,72,T840,,,Viktor Troicki,R,193,SRB,21.925,126,357,L523,,,Michael Lammer,R,185,SUI,25.807,215,196,6-2 6-1,3,Q2,68,5,0,50,27,23,12,8,1,1,0,5,44,29,15,7,7,6,10
2008-580,Australian Open,Hard,128,G,O,20080114,73,K403,14,,Igor Kunitsyn,R,180,RUS,26.289,127,351,R364,,,Bjorn Rehnquist,R,175,SWE,30.023,286,134,6-3 6-3,3,Q2,98,2,1,66,43,27,16,9,5,6,2,3,66,45,26,9,9,6,10
2008-580,Australian Open,Hard,128,G,O,20080114,74,G710,,,Marcel Granollers,R,191,ESP,21.758,131,334,G372,,,Stefano Galvani,R,175,ITA,30.615,177,232,4-6 7-5 6-4,3,Q2,147,7,7,116,62,42,20,16,9,15,3,7,95,53,31,21,16,6,13
2008-580,Australian Open,Hard,128,G,O,20080114,75,K371,,,Roko Karanusic,R,183,CRO,25.358,133,323,L513,,,Miguel Angel Lopez Jaen,R,188,ESP,25.125,281,136,6-0 6-1,3,Q2,44,3,0,35,23,20,8,7,0,0,1,1,37,18,8,5,6,2,7
2008-580,Australian Open,Hard,128,G,O,20080114,76,D438,,,Amer Delic,R,196,BIH,25.541,136,314,A340,,,Francesco Aldi,R,175,ITA,26.324,251,162,7-6(5) 6-4,3,Q2,104,4,2,77,45,28,19,11,8,10,1,2,65,38,23,16,11,2,5
2008-580,Australian Open,Hard,128,G,O,20080114,77,H469,,,KJ Hippensteel,L,191,USA,27.685,1033,7,M590,21,,Alberto Martin,R,175,ESP,29.402,141,303,6-2 7-6(3),3,Q2,85,4,3,67,41,31,19,10,4,4,1,4,66,39,27,14,10,4,6
2008-580,Australian Open,Hard,128,G,O,20080114,78,E160,,,Konstantinos Economidis,R,188,GRE,30.198,142,299,R628,,,Laurent Recouderc,R,,AND,23.513,214,197,6-1 6-4,3,Q2,55,4,2,53,32,22,12,9,4,5,1,3,44,28,15,6,8,2,6
2008-580,Australian Open,Hard,128,G,O,20080114,79,MB88,,,Matwe Middelkoop,R,191,NED,24.364,242,168,L395,23,,Federico Luzzi,R,188,ITA,28.03,143,298,6-3 7-6(1),3,Q2,105,6,3,73,55,37,8,11,8,11,6,1,61,30,18,13,10,0,4
2008-580,Australian Open,Hard,128,G,O,20080114,80,L797,,,Lukas Lacko,R,188,SVK,20.197,150,285,K512,,,Ivo Klec,R,183,SVK,27.127,227,182,3-6 7-6(5) 6-1,3,Q2,129,1,1,98,57,37,20,15,7,11,0,3,92,57,34,19,13,4,8
2008-580,Australian Open,Hard,128,G,O,20080114,81,U043,28,,Danai Udomchoke,R,173,THA,26.426,153,275,D272,,,Antony Dupuis,R,185,FRA,34.886,197,215,6-2 2-6 6-4,3,Q2,99,2,2,67,46,30,12,13,1,5,2,5,88,51,33,17,13,6,11
2008-580,Australian Open,Hard,128,G,O,20080114,82,D487,,,Lukas Dlouhy,R,185,CZE,24.767,154,275,J361,,,Greg Jones,R,193,AUS,18.951,383,87,6-1 4-6 6-3,3,Q2,90,8,5,70,43,35,14,13,2,4,7,3,79,44,27,16,13,5,10
2008-580,Australian Open,Hard,128,G,O,20080114,83,L336,,,Harel Levy,R,185,ISR,29.443,160,262,O133,,,Noam Okun,R,185,ISR,29.747,287,133,6-3 6-4,3,Q2,68,1,0,58,43,32,10,10,0,1,4,5,54,38,26,6,9,3,6
2008-580,Australian Open,Hard,128,G,O,20080114,84,K551,31,,Daniel Koellerer,R,180,AUT,24.411,163,258,O195,,,Thomas Oger,,,MON,27.814,263,150,6-1 6-4,3,Q2,79,1,2,52,38,30,8,9,5,5,5,2,59,33,20,11,8,5,8
2008-580,Australian Open,Hard,128,G,O,20080114,85,A487,,,Prakash Amritraj,R,188,IND,24.285,278,137,TA46,,,Bernard Tomic,R,196,AUS,15.231,,,6-3 6-2,3,Q2,61,7,2,42,20,20,16,9,0,0,3,1,50,27,15,13,8,0,3
2008-580,Australian Open,Hard,128,G,O,20080114,86,A678,,,Kevin Anderson,R,203,RSA,21.659,208,201,G940,,,Sam Groth,R,193,AUS,20.238,340,105,6-4 6-2,3,Q2,59,8,2,49,35,31,8,9,0,0,6,4,50,36,26,4,9,1,4
2008-580,Australian Open,Hard,128,G,O,20080114,87,B752,,,Stephane Bohli,R,185,SUI,24.474,182,229,V339,,,Simone Vagnozzi,R,,ITA,24.627,273,140,6-1 5-7 6-4,3,Q2,132,11,6,127,71,52,24,15,10,12,0,1,77,61,37,9,14,2,6
2008-580,Australian Open,Hard,128,G,O,20080114,88,C813,,,Ti Chen,R,178,TPE,24.282,298,127,K737,,,Alex Kuznetsov,R,183,USA,20.939,179,231,7-5 7-5,3,Q2,111,1,2,91,54,35,21,12,4,6,4,5,67,41,28,10,12,3,7
2008-580,Australian Open,Hard,128,G,O,20080114,89,J290,,,Scoville Jenkins,R,188,USA,21.309,266,147,G806,,,Andrey Golubev,R,180,KAZ,20.482,173,241,6-1 6-3,3,Q2,57,3,2,51,33,23,14,8,1,1,3,1,48,31,17,8,8,4,8
2008-580,Australian Open,Hard,128,G,O,20080114,90,L702,,,Mikhail Ledovskikh,R,188,RUS,21.435,188,223,F491,,,Adam Feeney,R,178,AUS,22.856,314,116,4-6 7-6(1) 9-7,3,Q2,154,12,8,122,73,63,18,19,8,11,21,11,118,72,56,18,19,1,4
2008-580,Australian Open,Hard,128,G,O,20080114,91,MA38,,,Jan Mertl,R,191,CZE,26.029,210,200,M836,,,Dominik Meffert,R,196,GER,26.765,196,215,4-6 6-3 6-4,3,Q2,114,8,0,99,54,42,21,15,10,13,6,9,75,40,33,14,14,4,8
2008-580,Australian Open,Hard,128,G,O,20080114,92,O264,,,Josselin Ouanna,R,193,FRA,21.752,274,140,R685,,,Lukas Rosol,R,193,CZE,22.475,269,141,6-3 6-4,3,Q2,79,5,3,55,30,24,12,9,2,3,3,2,70,42,21,15,10,4,8
2008-580,Australian Open,Hard,128,G,O,20080114,93,R548,,,Rajeev Ram,R,193,USA,23.825,233,176,BD59,,,Carsten Ball,L,198,AUS,20.569,378,89,6-4 7-5,3,Q2,72,6,0,54,29,26,19,11,2,2,9,4,67,41,29,14,11,1,3
2008-580,Australian Open,Hard,128,G,O,20080114,94,S893,,,Martin Slanar,R,,AUT,26.705,277,138,H431,,,Nathan Healey,R,,AUS,27.88,289,133,7-6(5) 7-6(4),3,Q2,124,6,13,108,60,47,20,12,12,14,7,7,96,59,42,17,12,8,10
2008-580,Australian Open,Hard,128,G,O,20080114,95,S944,,,Simon Stadler,L,183,GER,24.487,202,211,B929,,,Alex Bogdanovic,L,183,GBR,23.647,180,231,1-6 6-4 7-5,3,Q2,118,3,5,92,54,31,18,14,11,16,1,1,85,54,31,17,15,5,10
2008-580,Australian Open,Hard,128,G,O,20080114,96,W361,,,Sam Warburg,R,191,USA,24.712,172,241,B757,,,Rohan Bopanna,R,193,IND,27.863,292,131,6-3 7-6(9),3,Q2,93,6,3,69,54,43,9,11,2,3,6,4,65,26,22,20,10,0,2
2008-580,Australian Open,Hard,128,G,O,20080114,97,H756,,,Robin Haase,R,191,NED,20.775,103,424,S944,,,Simon Stadler,L,183,GER,24.487,202,211,6-2 7-5,3,Q3,83,2,3,63,32,24,18,10,6,7,2,4,75,55,33,8,10,7,11
2008-580,Australian Open,Hard,128,G,O,20080114,98,G512,,,Denis Gremelmayr,L,183,GER,26.412,119,366,A487,,,Prakash Amritraj,R,188,IND,24.285,278,137,6-2 6-4,3,Q3,72,4,1,58,37,28,11,9,5,6,3,2,53,32,19,10,9,2,6
2008-580,Australian Open,Hard,128,G,O,20080114,99,BA53,,,Jamie Baker,R,183,GBR,21.443,217,192,K551,31,,Daniel Koellerer,R,180,AUT,24.411,163,258,6-4 6-4,3,Q3,104,2,0,62,47,35,10,10,2,2,2,3,73,49,32,12,10,4,6
2008-580,Australian Open,Hard,128,G,O,20080114,100,O234,,,Wayne Odesnik,L,180,USA,22.146,124,359,H469,,,KJ Hippensteel,L,191,USA,27.685,1033,7,4-6 6-2 6-2,3,Q3,99,7,2,78,56,39,12,13,5,7,4,1,76,50,30,13,13,3,8
2008-580,Australian Open,Hard,128,G,O,20080114,101,T840,,,Viktor Troicki,R,193,SRB,21.925,126,357,MB88,,,Matwe Middelkoop,R,191,NED,24.364,242,168,5-7 6-3 6-2,3,Q3,130,9,3,97,63,42,18,14,8,11,2,4,92,50,31,18,15,3,9
2008-580,Australian Open,Hard,128,G,O,20080114,102,G710,,,Marcel Granollers,R,191,ESP,21.758,131,334,K403,14,,Igor Kunitsyn,R,180,RUS,26.289,127,351,7-6(5) 4-6 8-6,3,Q3,149,10,8,118,71,54,20,18,5,9,3,0,103,69,49,18,18,1,5
2008-580,Australian Open,Hard,128,G,O,20080114,103,K371,,,Roko Karanusic,R,183,CRO,25.358,133,323,K596,,,Alexander Kudryavtsev,R,183,RUS,22.218,230,179,6-1 6-2,3,Q3,52,2,0,46,35,26,7,8,3,4,1,3,46,23,11,7,7,4,9
2008-580,Australian Open,Hard,128,G,O,20080114,104,D438,,,Amer Delic,R,196,BIH,25.541,136,314,K358,,,Kevin Kim,R,180,USA,29.47,189,222,6-4 6-4,3,Q3,64,8,0,55,41,32,10,10,2,2,2,5,73,44,35,10,10,3,5
2008-580,Australian Open,Hard,128,G,O,20080114,105,E160,,,Konstantinos Economidis,R,188,GRE,30.198,142,299,B752,,,Stephane Bohli,R,185,SUI,24.474,182,229,5-7 6-3 6-2,3,Q3,143,7,9,93,47,30,30,15,5,8,7,5,113,61,41,22,14,14,19
2008-580,Australian Open,Hard,128,G,O,20080114,106,L797,,,Lukas Lacko,R,188,SVK,20.197,150,285,L702,,,Mikhail Ledovskikh,R,188,RUS,21.435,188,223,6-4 6-1,3,Q3,56,2,0,47,26,22,13,9,0,1,1,2,54,28,16,12,8,1,5
2008-580,Australian Open,Hard,128,G,O,20080114,107,R548,,,Rajeev Ram,R,193,USA,23.825,233,176,U043,28,,Danai Udomchoke,R,173,THA,26.426,153,275,6-7(1) 7-5 6-2,3,Q3,135,7,1,93,56,37,21,16,1,5,1,2,112,70,44,16,16,11,18
2008-580,Australian Open,Hard,128,G,O,20080114,108,D487,,,Lukas Dlouhy,R,185,CZE,24.767,154,275,C813,,,Ti Chen,R,178,TPE,24.282,298,127,6-2 6-1,3,Q3,63,4,1,54,42,27,9,7,4,4,0,6,63,38,21,8,8,5,10
2008-580,Australian Open,Hard,128,G,O,20080114,109,L336,,,Harel Levy,R,185,ISR,29.443,160,262,J290,,,Scoville Jenkins,R,188,USA,21.309,266,147,7-6(4) 6-3,3,Q3,89,2,3,73,43,38,15,11,3,3,3,5,64,33,27,15,10,1,2
2008-580,Australian Open,Hard,128,G,O,20080114,110,A678,,,Kevin Anderson,R,203,RSA,21.659,208,201,MA38,,,Jan Mertl,R,191,CZE,26.029,210,200,3-6 7-6(5) 6-4,3,Q3,121,20,3,92,68,53,12,15,5,7,5,5,101,69,51,16,16,2,4
2008-580,Australian Open,Hard,128,G,O,20080114,111,S893,,,Martin Slanar,R,,AUT,26.705,277,138,O264,,,Josselin Ouanna,R,193,FRA,21.752,274,140,7-6(2) 6-3,3,Q3,83,5,3,62,37,30,15,10,0,1,5,5,77,47,34,15,11,6,9
2008-580,Australian Open,Hard,128,G,O,20080114,112,W361,,,Sam Warburg,R,191,USA,24.712,172,241,D801,,,Alexandr Dolgopolov,R,180,UKR,19.184,236,174,5-7 7-6(5) 14-12,3,Q3,228,7,5,160,111,78,28,25,8,12,12,5,171,86,64,47,25,5,9
2008-8996,Vina del Mar,Clay,32,250,O,20080128,1,G710,,,Marcel Granollers,R,191,ESP,21.796,125,349,MC81,,,Jamie Murray,L,191,GBR,21.955,,,6-4 6-2,3,Q1,71,2,6,53,30,23,13,9,4,6,2,12,80,43,25,13,9,10,15
2008-8996,Vina del Mar,Clay,32,250,O,20080128,2,R383,2,,Ruben Ramirez Hidalgo,R,183,ESP,30.059,115,373,A311,,,Hugo Armando,R,183,USA,29.673,229,177,6-2 6-2,3,Q1,73,1,1,49,29,20,12,8,3,4,1,3,52,34,16,9,8,4,9
2008-8996,Vina del Mar,Clay,32,250,O,20080128,3,G676,,,Daniel Gimeno-Traver,R,183,ESP,22.475,167,253,MI37,,,Luis Ignacio Morales,,,CHI,16.479,,,6-1 6-0,3,Q1,39,2,1,35,18,16,12,7,0,0,0,6,32,14,5,4,6,1,6
2008-8996,Vina del Mar,Clay,32,250,O,20080128,4,SE66,,,Eduardo Schwank,R,183,ARG,21.766,160,266,F502,,,Pablo Figueroa,,,SWE,22.779,770,18,6-2 6-1,3,Q1,45,3,4,41,27,18,8,8,1,3,2,8,35,17,8,2,7,1,7
2008-8996,Vina del Mar,Clay,32,250,O,20080128,5,BD20,5,,Thomaz Bellucci,L,188,BRA,20.079,182,229,SC19,,,Jose Antonio Sanchez-de Luna,R,,ESP,23.277,302,123,6-3 6-1,3,Q1,79,4,5,75,38,30,16,8,7,7,0,4,45,22,15,7,8,2,6
2008-8996,Vina del Mar,Clay,32,250,O,20080128,6,M915,6,,Daniel Munoz de la Nava,L,175,ESP,25.996,198,215,M854,,,Vasilis Mazarakis,R,178,GRE,27.967,235,174,6-7(7) 6-4 6-3,3,Q1,146,2,6,104,62,42,19,15,6,9,3,2,101,65,41,15,16,3,9
2008-8996,Vina del Mar,Clay,32,250,O,20080128,7,BA53,7,,Jamie Baker,R,183,GBR,21.481,239,167,ME45,,,Borja Malo,,,CHI,20.12,889,12,6-4 6-3,3,Q1,76,1,0,44,29,24,12,9,0,0,1,1,66,38,23,17,10,4,7
2008-8996,Vina del Mar,Clay,32,250,O,20080128,8,T296,8,,Gabriel Trujillo-Soler,R,,ESP,28.329,212,194,A457,,,Jorge Aguilar,R,178,CHI,23.053,415,75,6-3 7-5,3,Q1,91,8,2,71,49,34,11,10,6,7,1,6,73,40,23,16,11,4,8
2008-8996,Vina del Mar,Clay,32,250,O,20080128,9,A340,,,Francesco Aldi,R,175,ITA,26.363,243,166,N437,,,Gianluca Naso,R,193,ITA,21.06,387,84,6-3 6-1,3,Q1,66,3,5,50,31,26,10,8,5,5,0,2,46,30,17,5,8,1,5
2008-8996,Vina del Mar,Clay,32,250,O,20080128,10,H563,,,Guillermo Hormazabal,,,CHI,22.938,527,46,M812,,,Gustavo Marcaccio,R,170,ARG,30.738,301,123,6-3 6-3,3,Q1,76,2,0,56,40,31,8,9,1,1,0,2,59,30,19,16,9,4,7
2008-8996,Vina del Mar,Clay,32,250,O,20080128,11,M984,,,David Marrero,R,183,ESP,27.806,289,131,A539,,,Martin Alund,R,183,ARG,22.089,443,66,6-3 6-4,3,Q1,74,6,4,61,37,29,12,10,3,4,4,4,56,29,14,18,9,2,5
2008-8996,Vina del Mar,Clay,32,250,O,20080128,12,M783,,,Ivan Miranda,R,175,PER,27.89,293,127,S604,,,Andre Sa,R,185,BRA,30.73,609,32,6-4 6-4,3,Q1,92,3,0,60,33,26,16,10,4,5,2,6,71,39,25,15,10,4,7
2008-8996,Vina del Mar,Clay,32,250,O,20080128,13,P519,,,Julio Peralta,R,188,CHI,26.385,771,18,MI17,,,Victor Morales,R,,CHI,16.953,,,6-3 6-2,3,Q1,55,3,0,54,37,28,10,9,1,1,1,2,54,36,22,7,8,3,6
2008-8996,Vina del Mar,Clay,32,250,O,20080128,14,R814,,,Guillermo Rivera-Aranguiz,R,,CHI,18.984,,,U105,,,Ricardo Urzua-Rivera,R,,CHI,18.962,,,6-4 7-5,3,Q1,89,7,1,70,46,27,12,11,3,7,1,1,63,43,17,11,11,4,10
2008-8996,Vina del Mar,Clay,32,250,O,20080128,15,V339,,,Simone Vagnozzi,R,,ITA,24.665,283,134,J214,,,Diego Junqueira,L,178,ARG,27.083,244,166,4-6 6-2 6-4,3,Q1,132,2,5,90,56,36,18,14,8,12,1,6,108,67,41,14,14,12,18
2008-8996,Vina del Mar,Clay,32,250,O,20080128,16,Z184,,,Horacio Zeballos,L,188,ARG,22.754,263,148,P713,,,Miquel Perez Puigdomenech,,,ESP,23.127,542,44,6-3 6-3,3,Q1,76,3,3,51,33,27,11,9,1,1,2,7,65,42,25,12,9,7,10
2008-8996,Vina del Mar,Clay,32,250,O,20080128,17,G710,,,Marcel Granollers,R,191,ESP,21.796,125,349,P519,,,Julio Peralta,R,188,CHI,26.385,771,18,6-7(7) 2-3 RET,3,Q2,112,1,2,75,46,27,13,9,5,8,0,1,59,32,22,12,8,2,4
2008-8996,Vina del Mar,Clay,32,250,O,20080128,18,R383,2,,Ruben Ramirez Hidalgo,R,183,ESP,30.059,115,373,A340,,,Francesco Aldi,R,175,ITA,26.363,243,166,6-2 6-3,3,Q2,114,0,6,74,35,24,19,9,7,9,1,5,74,52,27,8,8,4,9
2008-8996,Vina del Mar,Clay,32,250,O,20080128,19,G676,,,Daniel Gimeno-Traver,R,183,ESP,22.475,167,253,V339,,,Simone Vagnozzi,R,,ITA,24.665,283,134,6-2 6-0,3,Q2,61,3,2,61,31,22,16,7,9,10,1,2,46,34,14,3,7,4,10
2008-8996,Vina del Mar,Clay,32,250,O,20080128,20,SE66,,,Eduardo Schwank,R,183,ARG,21.766,160,266,H563,,,Guillermo Hormazabal,,,CHI,22.938,527,46,6-1 6-1,3,Q2,58,3,0,45,31,23,9,7,1,1,1,4,47,27,13,6,7,4,9
2008-8996,Vina del Mar,Clay,32,250,O,20080128,21,BD20,5,,Thomaz Bellucci,L,188,BRA,20.079,182,229,R814,,,Guillermo Rivera-Aranguiz,R,,CHI,18.984,,,6-1 7-5,3,Q2,69,5,2,52,24,22,16,10,3,4,0,3,56,34,21,9,9,3,7
2008-8996,Vina del Mar,Clay,32,250,O,20080128,22,M783,,,Ivan Miranda,R,175,PER,27.89,293,127,M915,6,,Daniel Munoz de la Nava,L,175,ESP,25.996,198,215,6-4 7-5,3,Q2,107,2,2,62,36,26,13,11,2,5,1,4,81,36,20,20,11,9,14
2008-8996,Vina del Mar,Clay,32,250,O,20080128,23,Z184,,,Horacio Zeballos,L,188,ARG,22.754,263,148,BA53,7,,Jamie Baker,R,183,GBR,21.481,239,167,6-1 6-3,3,Q2,64,4,0,42,30,22,9,8,0,1,1,1,50,24,15,6,8,3,8
2008-8996,Vina del Mar,Clay,32,250,O,20080128,24,M984,,,David Marrero,R,183,ESP,27.806,289,131,T296,8,,Gabriel Trujillo-Soler,R,,ESP,28.329,212,194,6-4 1-6 6-4,3,Q2,112,9,5,86,52,34,16,13,5,9,2,0,86,56,38,14,14,4,8
2008-8996,Vina del Mar,Clay,32,250,O,20080128,25,G710,,,Marcel Granollers,R,191,ESP,21.796,125,349,M783,,,Ivan Miranda,R,175,PER,27.89,293,127,6-2 6-3,3,Q3,70,1,0,43,24,18,14,8,0,0,2,3,53,36,21,6,9,2,6
2008-8996,Vina del Mar,Clay,32,250,O,20080128,26,M984,,,David Marrero,R,183,ESP,27.806,289,131,R383,2,,Ruben Ramirez Hidalgo,R,183,ESP,30.059,115,373,3-6 6-3 7-5,3,Q3,185,4,5,88,47,35,27,15,3,4,11,4,113,61,44,24,15,8,10
2008-8996,Vina del Mar,Clay,32,250,O,20080128,27,G676,,,Daniel Gimeno-Traver,R,183,ESP,22.475,167,253,Z184,,,Horacio Zeballos,L,188,ARG,22.754,263,148,0-6 6-3 6-1,3,Q3,96,1,2,73,44,29,15,11,4,7,4,1,72,44,25,17,11,3,7
2008-8996,Vina del Mar,Clay,32,250,O,20080128,28,SE66,,,Eduardo Schwank,R,183,ARG,21.766,160,266,BD20,5,,Thomaz Bellucci,L,188,BRA,20.079,182,229,6-3 7-6(2),3,Q3,91,0,3,57,36,30,8,10,2,5,4,2,68,41,23,11,11,5,10
2008-496,Marseille,Hard,32,250,I,20080211,1,B503,,,George Bastl,R,183,SUI,32.865,470,58,H756,1,,Robin Haase,R,191,NED,20.851,90,453,4-6 6-4 6-3,3,Q1,108,7,2,85,57,37,17,15,1,4,7,1,71,45,32,13,14,3,7
2008-496,Marseille,Hard,32,250,I,20080211,2,A356,2,,Thierry Ascione,R,188,FRA,27.066,91,453,K777,,,Evgeny Kirillov,R,,RUS,20.58,354,93,6-2 7-6(2),3,Q1,77,3,6,72,47,34,10,10,6,8,2,1,63,34,21,12,10,2,6
2008-496,Marseille,Hard,32,250,I,20080211,3,Z168,3,,Mischa Zverev,L,191,GER,20.474,97,429,ME82,,,Adrian Mannarino,L,180,FRA,19.619,274,139,7-5 1-6 6-3,3,Q1,109,2,1,101,62,42,18,14,5,8,5,4,90,58,41,14,14,2,5
2008-496,Marseille,Hard,32,250,I,20080211,4,G806,4,,Andrey Golubev,R,180,KAZ,20.559,132,325,L387,,,Sebastien Lami,R,,FRA,31.001,,,3-6 6-3 6-4,3,Q1,99,4,3,78,49,37,19,14,3,4,1,1,96,58,40,22,14,5,7
2008-496,Marseille,Hard,32,250,I,20080211,5,G681,,,Teymuraz Gabashvili,R,185,GEO,22.721,133,324,H435,,,Jerome Haehnel,R,185,FRA,27.578,243,160,7-6(5) 6-4,3,Q1,76,4,2,61,37,29,16,11,0,2,1,4,77,43,30,16,11,4,7
2008-496,Marseille,Hard,32,250,I,20080211,6,D646,,,Ivan Dodig,R,183,CRO,23.107,296,125,W254,6,,Peter Wessels,R,196,NED,29.766,151,278,6-1 7-6(4),3,Q1,78,10,3,56,29,24,16,10,2,4,2,3,66,41,24,12,9,2,6
2008-496,Marseille,Hard,32,250,I,20080211,7,H704,,,Jesse Huta Galung,R,,NED,22.349,190,216,PB24,,,Alexandre Penaud,R,,FRA,20.731,1143,5,6-1 6-7(8) 6-4,3,Q1,148,8,3,112,67,44,28,15,9,11,5,6,118,80,47,18,14,7,12
2008-496,Marseille,Hard,32,250,I,20080211,8,E180,,,Mikhail Elgin,R,183,RUS,26.327,209,198,V542,,,Laurent Vigne,,,FRA,21.615,990,9,5-7 6-2 6-2,3,Q1,118,6,3,85,47,32,23,14,2,4,6,5,105,56,36,23,14,11,16
2008-496,Marseille,Hard,32,250,I,20080211,9,D351,,,Sebastien De Chaunac,R,183,FRA,30.346,309,113,D361,,,Massimo Dell'Acqua,R,193,ITA,28.433,494,52,6-7(5) 7-6(4) 7-6(5),3,Q1,167,15,5,122,65,54,28,18,5,8,25,9,125,64,55,29,18,8,11
2008-496,Marseille,Hard,32,250,I,20080211,10,D801,,,Alexandr Dolgopolov,R,180,UKR,19.261,220,182,SE37,,,Florent Scaccianoce,,,FRA,,,,1-6 6-4 7-5,3,Q1,186,0,0,70,40,28,15,14,2,7,3,5,92,46,34,18,15,5,10
2008-496,Marseille,Hard,32,250,I,20080211,11,J279,,,Frederic Jeanclaude,,,FRA,26.36,652,28,C856,,,Victor Crivoi,R,185,ROU,25.717,279,135,4-6 6-4 6-3,3,Q1,105,4,6,93,51,31,23,15,2,6,7,6,82,45,32,14,14,4,9
2008-496,Marseille,Hard,32,250,I,20080211,12,MB88,,,Matwe Middelkoop,R,191,NED,24.441,240,163,C463,,,Rodolphe Cadart,L,183,FRA,29.511,926,10,6-3 6-4,3,Q1,76,5,4,63,41,27,11,10,3,6,2,3,50,29,15,10,9,2,7
2008-496,Marseille,Hard,32,250,I,20080211,13,ME31,,,Vincent Millot,L,173,FRA,22.031,420,72,A732,,,Arnaud Agniel,,,FRA,26.051,1491,1,6-3 7-6(2),3,Q1,82,2,5,64,33,31,19,10,2,2,9,2,70,44,33,12,11,1,3
2008-496,Marseille,Hard,32,250,I,20080211,14,PD31,,,Benoit Paire,R,196,FRA,18.762,655,27,Z163,,,Mehdi Ziadi,,,MAR,21.394,552,42,7-6(1) 6-3,3,Q1,77,7,0,71,43,34,16,11,1,2,2,4,77,37,28,17,10,7,9
2008-496,Marseille,Hard,32,250,I,20080211,15,R750,,,Pere Riba,R,183,ESP,19.847,272,141,R632,,,Michael Ryderstedt,L,188,SWE,23.247,254,154,6-4 6-4,3,Q1,72,10,2,48,30,27,13,10,0,0,7,4,60,35,24,15,10,4,6
2008-496,Marseille,Hard,32,250,I,20080211,16,U061,,,Adrian Ungur,R,178,ROU,23.053,267,144,F344,,,Jean-Christophe Faurel,R,175,FRA,26.935,350,98,7-5 6-1,3,Q1,63,5,3,46,23,20,16,10,0,1,1,0,63,35,20,11,9,6,10
2008-496,Marseille,Hard,32,250,I,20080211,17,A356,2,,Thierry Ascione,R,188,FRA,27.066,91,453,MB88,,,Matwe Middelkoop,R,191,NED,24.441,240,163,6-3 6-3,3,Q2,67,6,4,65,40,30,12,9,6,7,3,1,49,27,14,11,9,1,5
2008-496,Marseille,Hard,32,250,I,20080211,18,Z168,3,,Mischa Zverev,L,191,GER,20.474,97,429,PD31,,,Benoit Paire,R,196,FRA,18.762,655,27,7-6(5) 6-1,3,Q2,81,1,0,66,42,31,16,10,2,2,7,5,83,40,27,20,9,7,9
2008-496,Marseille,Hard,32,250,I,20080211,19,G806,4,,Andrey Golubev,R,180,KAZ,20.559,132,325,ME31,,,Vincent Millot,L,173,FRA,22.031,420,72,3-6 6-3 6-1,3,Q2,81,2,1,84,56,35,16,12,2,4,1,1,68,44,28,10,13,2,7
2008-496,Marseille,Hard,32,250,I,20080211,20,G681,,,Teymuraz Gabashvili,R,185,GEO,22.721,133,324,D801,,,Alexandr Dolgopolov,R,180,UKR,19.261,220,182,6-7(5) 6-2 6-0,3,Q2,99,9,1,80,45,33,22,13,0,2,5,1,103,46,29,23,13,10,17
2008-496,Marseille,Hard,32,250,I,20080211,21,H704,,,Jesse Huta Galung,R,,NED,22.349,190,216,D351,,,Sebastien De Chaunac,R,183,FRA,30.346,309,113,7-5 6-2,3,Q2,85,6,1,68,39,28,21,10,7,7,5,1,56,34,23,11,10,5,8
2008-496,Marseille,Hard,32,250,I,20080211,22,E180,,,Mikhail Elgin,R,183,RUS,26.327,209,198,R750,,,Pere Riba,R,183,ESP,19.847,272,141,6-4 6-4,3,Q2,74,7,3,50,29,26,12,10,0,1,5,5,67,30,24,15,10,1,4
2008-496,Marseille,Hard,32,250,I,20080211,23,B503,,,George Bastl,R,183,SUI,32.865,470,58,J279,,,Frederic Jeanclaude,,,FRA,26.36,652,28,6-4 6-1,3,Q2,79,5,1,62,43,29,11,9,4,5,4,2,49,31,16,10,8,4,8
2008-496,Marseille,Hard,32,250,I,20080211,24,D646,,,Ivan Dodig,R,183,CRO,23.107,296,125,U061,,,Adrian Ungur,R,178,ROU,23.053,267,144,4-6 6-4 7-6(3),3,Q2,158,20,6,118,74,54,21,16,6,8,2,4,107,64,44,26,16,10,12
2008-496,Marseille,Hard,32,250,I,20080211,25,G681,,,Teymuraz Gabashvili,R,185,GEO,22.721,133,324,A356,2,,Thierry Ascione,R,188,FRA,27.066,91,453,2-6 7-5 7-5,3,Q3,133,12,3,93,59,47,16,16,4,7,19,0,105,72,51,17,16,7,10
2008-496,Marseille,Hard,32,250,I,20080211,26,H704,,,Jesse Huta Galung,R,,NED,22.349,190,216,Z168,3,,Mischa Zverev,L,191,GER,20.474,97,429,6-4 6-4,3,Q3,84,9,1,73,40,31,16,10,7,8,2,1,68,48,29,11,10,5,8
2008-496,Marseille,Hard,32,250,I,20080211,27,D646,,,Ivan Dodig,R,183,CRO,23.107,296,125,G806,4,,Andrey Golubev,R,180,KAZ,20.559,132,325,6-1 4-6 6-3,3,Q3,102,4,2,68,39,31,18,13,1,3,0,0,75,58,34,8,13,3,8
2008-496,Marseille,Hard,32,250,I,20080211,28,E180,,,Mikhail Elgin,R,183,RUS,26.327,209,198,B503,,,George Bastl,R,183,SUI,32.865,470,58,6-3 6-3,3,Q3,77,5,4,60,40,28,8,9,4,6,3,2,59,41,20,8,9,6,11
2008-499,Delray Beach,Hard,32,250,O,20080211,1,D438,,,Amer Delic,R,196,BIH,25.618,120,359,A311,,,Hugo Armando,R,183,USA,29.711,223,177,6-4 6-4,3,Q1,85,12,5,70,39,30,15,10,7,8,2,3,75,49,32,12,10,5,8
2008-499,Delray Beach,Hard,32,250,O,20080211,2,C968,,,Marco Crugnola,R,188,ITA,24.72,399,80,Q019,2,,Aisam-Ul-Haq Qureshi,R,183,PAK,27.904,125,336,6-2 6-4,3,Q1,77,4,7,65,33,27,16,9,7,7,5,3,56,40,27,4,9,3,6
2008-499,Delray Beach,Hard,32,250,O,20080211,3,S876,3,,Flavio Saretta,R,183,BRA,27.622,185,227,W359,,,Todd Widom,R,,USA,24.802,305,118,4-6 6-3 6-4,3,Q1,137,9,8,107,65,44,20,15,6,10,3,6,85,51,35,14,14,8,13
2008-499,Delray Beach,Hard,32,250,O,20080211,4,B842,,,Alex Bogomolov Jr.,R,178,RUS,24.805,189,218,F376,,,Alberto Francis,R,196,USA,26.012,311,112,7-6(4) 7-6(4),3,Q1,95,2,3,84,60,45,14,12,1,2,9,1,82,52,39,15,12,2,3
2008-499,Delray Beach,Hard,32,250,O,20080211,5,N349,,,Conor Niland,R,185,IRL,26.396,308,114,R548,5,,Rajeev Ram,R,193,USA,23.901,219,182,7-6(5) 5-7 6-2,3,Q1,139,3,5,107,72,57,15,16,5,7,15,2,102,62,47,19,16,4,7
2008-499,Delray Beach,Hard,32,250,O,20080211,6,M595,,,Max Mirnyi,R,196,BLR,30.601,214,185,O133,,,Noam Okun,R,185,ISR,29.823,277,137,6-7(4) 7-6(6) 6-4,3,Q1,171,16,5,113,59,46,29,17,6,9,5,5,115,72,44,27,17,10,14
2008-499,Delray Beach,Hard,32,250,O,20080211,7,K737,7,,Alex Kuznetsov,R,183,USA,21.016,216,185,SG87,,,Ryan Sweeting,R,196,USA,20.58,263,147,6-4 7-6(3),3,Q1,88,7,0,65,43,36,13,11,4,5,2,4,66,40,31,13,11,0,2
2008-499,Delray Beach,Hard,32,250,O,20080211,8,W387,8,,Jesse Witten,R,178,USA,25.325,222,178,KB05,,,Filip Krajinovic,R,185,SRB,15.956,,,6-0 6-2,3,Q1,55,2,0,42,26,18,8,7,0,1,1,2,47,26,13,5,7,4,10
2008-499,Delray Beach,Hard,32,250,O,20080211,9,C786,,,Kamil Capkovic,R,198,SVK,21.695,339,101,Y114,,,Daniel Yoo,L,180,KOR,22.379,1126,6,6-4 7-6(6),3,Q1,96,10,6,76,50,39,14,11,4,4,7,3,70,34,25,21,11,0,1
2008-499,Delray Beach,Hard,32,250,O,20080211,10,CA93,,,Pavel Chekhov,R,,RUS,19.543,280,135,I097,,,Stefano Ianni,R,,ITA,27.028,360,91,6-3 7-5,3,Q1,75,5,2,59,33,29,16,11,2,2,8,6,70,39,30,14,10,5,7
2008-499,Delray Beach,Hard,32,250,O,20080211,11,G527,,,Luka Gregorc,R,188,SLO,23.992,443,65,E698,,,Gastao Elias,R,180,POR,17.216,549,42,6-4 6-4,3,Q1,68,4,5,53,33,29,10,10,0,1,3,3,54,29,21,12,10,1,4
2008-499,Delray Beach,Hard,32,250,O,20080211,12,L615,,,Daniel Lustig,R,191,CZE,23.211,415,73,BE90,,,Ricardas Berankis,R,175,LTU,17.643,637,29,7-5 6-4,3,Q1,80,12,4,66,38,31,14,11,4,5,7,4,65,38,28,13,11,2,5
2008-499,Delray Beach,Hard,32,250,O,20080211,13,MF57,,,Michael McClune,R,188,USA,18.472,383,84,BE93,,,Chase Buchanan,R,193,USA,16.69,1101,6,6-2 4-6 6-4,3,Q1,102,3,2,85,52,38,17,14,3,5,3,2,78,50,37,12,14,3,7
2008-499,Delray Beach,Hard,32,250,O,20080211,14,MB49,,,Nicholas Monroe,R,178,USA,25.834,344,100,TA01,,,Ty Trombetta,R,188,USA,17.728,964,9,6-4 6-4,3,Q1,75,0,0,60,39,32,12,10,4,4,3,2,56,36,23,14,10,0,2
2008-499,Delray Beach,Hard,32,250,O,20080211,15,N552,,,Kei Nishikori,R,178,JPN,18.119,244,160,T269,,,Nicolas Todero,R,183,ARG,28.827,321,107,6-2 6-3,3,Q1,67,4,1,45,29,24,9,8,1,1,2,3,70,42,25,11,9,6,10
2008-499,Delray Beach,Hard,32,250,O,20080211,16,SD01,,,Phillip Simmonds,R,,USA,21.736,526,47,BC68,,,Philip Bester,R,188,CAN,19.348,694,24,5-7 7-6(4) 6-4,3,Q1,135,10,3,109,57,46,26,17,8,11,5,10,116,77,54,20,17,7,10
2008-499,Delray Beach,Hard,32,250,O,20080211,17,D438,,,Amer Delic,R,196,BIH,25.618,120,359,L615,,,Daniel Lustig,R,191,CZE,23.211,415,73,7-6(1) 6-3,3,Q2,87,10,3,70,42,33,18,10,0,0,4,5,71,42,29,14,11,1,3
2008-499,Delray Beach,Hard,32,250,O,20080211,18,G527,,,Luka Gregorc,R,188,SLO,23.992,443,65,S876,3,,Flavio Saretta,R,183,BRA,27.622,185,227,6-4 3-6 6-2,3,Q2,114,6,9,91,50,36,18,13,7,10,0,2,81,61,39,9,14,4,9
2008-499,Delray Beach,Hard,32,250,O,20080211,19,B842,,,Alex Bogomolov Jr.,R,178,RUS,24.805,189,218,MB49,,,Nicholas Monroe,R,178,USA,25.834,344,100,4-6 6-1 6-3,3,Q2,103,1,3,86,61,40,10,13,5,9,0,5,73,44,25,12,12,3,9
2008-499,Delray Beach,Hard,32,250,O,20080211,20,M595,,,Max Mirnyi,R,196,BLR,30.601,214,185,MF57,,,Michael McClune,R,188,USA,18.472,383,84,6-1 7-6(7),3,Q2,73,11,0,59,41,32,14,10,3,4,1,1,65,47,31,8,9,2,5
2008-499,Delray Beach,Hard,32,250,O,20080211,21,SD01,,,Phillip Simmonds,R,,USA,21.736,526,47,K737,7,,Alex Kuznetsov,R,183,USA,21.016,216,185,6-3 6-4,3,Q2,85,3,1,69,39,30,15,10,2,3,4,4,59,34,22,13,9,2,5
2008-499,Delray Beach,Hard,32,250,O,20080211,22,N552,,,Kei Nishikori,R,178,JPN,18.119,244,160,W387,8,,Jesse Witten,R,178,USA,25.325,222,178,6-4 6-4,3,Q2,78,2,4,71,45,32,12,10,5,7,0,0,62,35,24,12,10,5,9
2008-499,Delray Beach,Hard,32,250,O,20080211,23,C786,,,Kamil Capkovic,R,198,SVK,21.695,339,101,N349,,,Conor Niland,R,185,IRL,26.396,308,114,3-6 6-3 6-2,3,Q2,103,6,4,75,48,38,13,13,5,7,1,3,89,57,34,17,13,3,7
2008-499,Delray Beach,Hard,32,250,O,20080211,24,C968,,,Marco Crugnola,R,188,ITA,24.72,399,80,CA93,,,Pavel Chekhov,R,,RUS,19.543,280,135,3-6 7-5 7-5,3,Q2,141,7,10,120,81,56,17,16,9,12,7,3,97,73,47,12,17,4,8
2008-499,Delray Beach,Hard,32,250,O,20080211,25,D438,,,Amer Delic,R,196,BIH,25.618,120,359,M595,,,Max Mirnyi,R,196,BLR,30.601,214,185,7-6(4) 7-6(8),3,Q3,105,3,1,87,61,45,18,12,3,3,4,0,76,45,38,20,12,1,1
2008-499,Delray Beach,Hard,32,250,O,20080211,26,N552,,,Kei Nishikori,R,178,JPN,18.119,244,160,B842,,,Alex Bogomolov Jr.,R,178,RUS,24.805,189,218,6-2 7-5,3,Q3,100,2,0,65,37,24,17,10,3,5,0,1,70,54,29,4,10,7,12
2008-499,Delray Beach,Hard,32,250,O,20080211,27,C968,,,Marco Crugnola,R,188,ITA,24.72,399,80,SD01,,,Phillip Simmonds,R,,USA,21.736,526,47,6-4 7-6(4),3,Q3,84,3,3,70,41,32,18,11,0,0,5,3,78,60,46,5,11,3,4
2008-499,Delray Beach,Hard,32,250,O,20080211,28,G527,,,Luka Gregorc,R,188,SLO,23.992,443,65,C786,,,Kamil Capkovic,R,198,SVK,21.695,339,101,6-3 6-4,3,Q3,70,6,5,57,40,32,8,10,2,3,8,6,66,40,26,12,9,4,7
2008-533,Costa do Sauipe,Clay,32,250,O,20080211,1,M984,,,David Marrero,R,183,ESP,27.844,275,138,G585,1,,Maximo Gonzalez,R,173,ARG,24.564,114,366,6-4 6-4,3,Q1,35,2,1,51,38,28,9,10,1,2,2,2,63,53,33,4,10,3,6
2008-533,Costa do Sauipe,Clay,32,250,O,20080211,2,M915,,,Daniel Munoz de la Nava,L,175,ESP,26.034,200,209,G710,2,,Marcel Granollers,R,191,ESP,21.834,115,364,2-6 6-3 6-1,3,Q1,62,2,7,80,42,26,20,12,9,12,5,4,79,41,25,18,12,7,12
2008-533,Costa do Sauipe,Clay,32,250,O,20080211,3,F433,,,Franco Ferreiro,R,188,BRA,23.614,229,172,R383,3,,Ruben Ramirez Hidalgo,R,183,ESP,30.097,118,361,6-4 6-7(4) 7-6(3),3,Q1,183,6,3,108,66,43,23,17,4,8,6,5,120,68,45,22,17,6,11
2008-533,Costa do Sauipe,Clay,32,250,O,20080211,4,L480,,,Marc Lopez,R,175,ESP,25.533,208,198,P487,4,,Eric Prodon,R,180,FRA,26.626,131,327,6-1 6-1,3,Q1,67,5,1,63,39,26,15,7,10,10,1,6,45,21,8,11,7,3,8
2008-533,Costa do Sauipe,Clay,32,250,O,20080211,5,S877,,,Julio Silva,R,173,BRA,28.616,195,214,A596,5,,Pablo Andujar,R,180,ESP,22.051,139,305,5-7 6-3 6-3,3,Q1,137,8,0,96,57,42,21,15,6,8,0,4,91,64,45,11,15,1,5
2008-533,Costa do Sauipe,Clay,32,250,O,20080211,6,M590,6,,Alberto Martin,R,175,ESP,29.478,140,303,CB58,,,Henrique Cunha,L,178,BRA,17.785,,,7-6(3) 6-3,3,Q1,99,4,3,64,31,22,26,11,0,0,8,6,76,43,32,14,10,6,7
2008-533,Costa do Sauipe,Clay,32,250,O,20080211,7,M760,7,,Oliver Marach,R,185,AUT,27.573,145,288,BF72,,,Andre Baran,,,BRA,16.991,,,6-3 6-1,3,Q1,69,4,2,46,19,14,15,8,2,4,0,6,48,23,13,6,8,4,10
2008-533,Costa do Sauipe,Clay,32,250,O,20080211,8,SG64,,,Joao Souza,R,193,BRA,19.71,273,140,G676,8,,Daniel Gimeno-Traver,R,183,ESP,22.513,153,272,6-2 6-1,3,Q1,76,0,2,44,27,24,10,8,0,0,6,4,54,30,17,10,7,4,8
2008-533,Costa do Sauipe,Clay,32,250,O,20080211,9,A340,,,Francesco Aldi,R,175,ITA,26.401,238,166,V377,,,Adam Vejmelka,,,CZE,22.407,372,87,6-4 6-3,3,Q1,101,2,7,66,41,27,16,9,11,12,2,7,62,33,26,9,10,4,8
2008-533,Costa do Sauipe,Clay,32,250,O,20080211,10,D479,,,Sebastian Decoud,L,180,ARG,26.398,283,134,R960,,,Fernando Romboli,R,180,BRA,19.102,1184,5,6-4 6-3,3,Q1,85,3,3,53,35,29,10,10,1,2,3,1,61,42,22,14,9,6,9
2008-533,Costa do Sauipe,Clay,32,250,O,20080211,11,G602,,,Andre Ghem,R,193,BRA,25.706,388,82,V339,,,Simone Vagnozzi,R,,ITA,24.704,284,134,7-6(9) 1-6 6-2,3,Q1,136,2,7,93,42,29,27,13,8,12,2,4,101,68,43,14,14,8,12
2008-533,Costa do Sauipe,Clay,32,250,O,20080211,12,J214,,,Diego Junqueira,L,178,ARG,27.121,239,166,SG56,,,Daniel Dutra da Silva,L,,BRA,19.603,377,86,7-6(1) 6-0,3,Q1,84,0,0,53,38,28,11,9,3,4,1,4,50,28,15,10,9,0,4
2008-533,Costa do Sauipe,Clay,32,250,O,20080211,13,K551,,,Daniel Koellerer,R,180,AUT,24.487,166,250,L836,,,Nick Lindahl,R,183,AUS,19.532,250,158,6-3 6-0,3,Q1,63,3,1,45,32,24,7,7,3,3,1,2,45,31,18,2,8,1,6
2008-533,Costa do Sauipe,Clay,32,250,O,20080211,14,M854,,,Vasilis Mazarakis,R,178,GRE,28.005,228,174,A303,,,Leonardo Azzaro,L,188,ITA,29.703,338,102,6-2 7-5,3,Q1,88,0,1,53,36,27,8,10,3,5,5,5,72,33,21,16,10,9,14
2008-533,Costa do Sauipe,Clay,32,250,O,20080211,15,SE66,,,Eduardo Schwank,R,183,ARG,21.804,154,271,Z198,,,Caio Zampieri,R,183,BRA,21.711,295,126,7-6(3) 6-4,3,Q1,40,0,0,69,64,44,4,11,0,1,0,0,66,60,39,3,11,1,3
2008-533,Costa do Sauipe,Clay,32,250,O,20080211,16,Z184,,,Horacio Zeballos,L,188,ARG,22.793,259,148,A502,,,Juan-Martin Aranguren,R,,ARG,24.348,255,153,6-4 6-4,3,Q1,101,4,5,77,46,37,14,10,6,6,0,1,49,26,19,15,10,0,2
2008-533,Costa do Sauipe,Clay,32,250,O,20080211,17,M590,6,,Alberto Martin,R,175,ESP,29.478,140,303,J214,,,Diego Junqueira,L,178,ARG,27.121,239,166,6-4 7-6(1),3,Q2,114,6,9,81,48,33,17,11,4,6,2,3,71,42,24,18,11,4,7
2008-533,Costa do Sauipe,Clay,32,250,O,20080211,18,Z184,,,Horacio Zeballos,L,188,ARG,22.793,259,148,M760,7,,Oliver Marach,R,185,AUT,27.573,145,288,7-5 6-4,3,Q2,148,5,3,82,46,33,19,11,7,8,3,4,92,53,32,19,11,9,12
2008-533,Costa do Sauipe,Clay,32,250,O,20080211,19,A340,,,Francesco Aldi,R,175,ITA,26.401,238,166,F433,,,Franco Ferreiro,R,188,BRA,23.614,229,172,3-6 6-2 6-0,3,Q2,124,1,6,83,64,43,9,11,11,12,1,6,78,52,32,9,12,5,10
2008-533,Costa do Sauipe,Clay,32,250,O,20080211,20,D479,,,Sebastian Decoud,L,180,ARG,26.398,283,134,SG64,,,Joao Souza,R,193,BRA,19.71,273,140,2-6 6-2 6-4,3,Q2,137,6,1,80,63,44,7,13,2,4,9,6,71,41,31,16,13,2,5
2008-533,Costa do Sauipe,Clay,32,250,O,20080211,21,L480,,,Marc Lopez,R,175,ESP,25.533,208,198,K551,,,Daniel Koellerer,R,180,AUT,24.487,166,250,6-4 6-3,3,Q2,123,2,3,58,31,26,10,10,1,3,1,0,70,43,26,11,9,4,8
2008-533,Costa do Sauipe,Clay,32,250,O,20080211,22,M915,,,Daniel Munoz de la Nava,L,175,ESP,26.034,200,209,G602,,,Andre Ghem,R,193,BRA,25.706,388,82,2-6 7-6(1) 7-6(4),3,Q2,184,4,7,122,54,38,39,16,7,11,9,4,94,50,41,27,16,4,6
2008-533,Costa do Sauipe,Clay,32,250,O,20080211,23,SE66,,,Eduardo Schwank,R,183,ARG,21.804,154,271,M984,,,David Marrero,R,183,ESP,27.844,275,138,2-6 7-6(4) 6-2,3,Q2,124,5,2,80,53,38,16,14,3,6,8,3,84,52,37,17,14,3,6
2008-533,Costa do Sauipe,Clay,32,250,O,20080211,24,S877,,,Julio Silva,R,173,BRA,28.616,195,214,M854,,,Vasilis Mazarakis,R,178,GRE,28.005,228,174,6-4 3-1 RET,3,Q2,67,4,1,48,30,18,10,7,4,6,0,1,36,26,15,3,7,2,6
2008-533,Costa do Sauipe,Clay,32,250,O,20080211,25,SE66,,,Eduardo Schwank,R,183,ARG,21.804,154,271,M590,6,,Alberto Martin,R,175,ESP,29.478,140,303,6-3 1-6 6-3,3,Q3,116,2,0,69,51,41,7,13,2,4,1,4,77,34,24,26,12,4,6
2008-533,Costa do Sauipe,Clay,32,250,O,20080211,26,A340,,,Francesco Aldi,R,175,ITA,26.401,238,166,Z184,,,Horacio Zeballos,L,188,ARG,22.793,259,148,6-1 6-2,3,Q3,92,1,5,47,27,21,10,7,7,8,3,1,53,23,12,10,8,5,11
2008-533,Costa do Sauipe,Clay,32,250,O,20080211,27,D479,,,Sebastian Decoud,L,180,ARG,26.398,283,134,L480,,,Marc Lopez,R,175,ESP,25.533,208,198,2-6 6-4 6-2,3,Q3,167,6,0,90,72,46,11,13,10,13,5,0,82,52,35,14,13,5,9
2008-533,Costa do Sauipe,Clay,32,250,O,20080211,28,M915,,,Daniel Munoz de la Nava,L,175,ESP,26.034,200,209,S877,,,Julio Silva,R,173,BRA,28.616,195,214,6-1 6-4,3,Q3,83,0,4,67,35,25,16,9,7,8,1,0,43,30,18,3,8,0,4
2008-407,Rotterdam,Hard,32,500,I,20080218,1,Z168,,,Mischa Zverev,L,191,GER,20.493,98,429,H704,,,Jesse Huta Galung,R,,NED,22.368,190,216,6-2 6-2,3,Q1,70,5,0,45,38,29,4,8,2,3,6,2,70,43,25,9,8,10,15
2008-407,Rotterdam,Hard,32,500,I,20080218,2,BC65,,,Matthias Bachinger,R,188,GER,20.882,198,211,J233,2,,Alun Jones,R,180,AUS,27.814,124,352,6-2 6-1,3,Q1,58,4,0,60,38,29,12,8,3,3,1,2,41,20,9,10,7,3,7
2008-407,Rotterdam,Hard,32,500,I,20080218,3,G681,,,Teymuraz Gabashvili,R,185,GEO,22.741,132,339,MA38,,,Jan Mertl,R,191,CZE,26.125,230,171,7-5 5-7 6-3,3,Q1,117,3,6,102,56,39,26,17,2,5,9,1,93,54,41,17,16,3,7
2008-407,Rotterdam,Hard,32,500,I,20080218,4,MB88,,,Matwe Middelkoop,R,191,NED,24.46,247,160,L395,4,,Federico Luzzi,R,188,ITA,28.126,140,311,6-0 6-4,3,Q1,65,3,1,45,27,20,14,8,0,0,1,4,52,20,11,17,8,2,6
2008-407,Rotterdam,Hard,32,500,I,20080218,5,W254,5,,Peter Wessels,R,196,NED,29.785,153,278,B547,,,Bart Beks,R,,NED,34.626,756,19,6-0 6-1,3,Q1,34,5,0,32,23,20,4,6,0,0,0,3,42,27,9,4,7,3,9
2008-407,Rotterdam,Hard,32,500,I,20080218,6,103632,,,Jasper Smit,R,,NED,27.253,1271,3,102546,6,,Joseph Sirianni,R,178,AUS,33.087,156,271,1-6 6-1 6-2,3,Q1,98,12,4,68,38,31,15,11,2,4,3,5,72,42,25,10,11,5,10
2008-407,Rotterdam,Hard,32,500,I,20080218,7,H442,,,Jan Hernych,R,188,CZE,28.619,164,258,W224,,,Rogier Wassen,R,191,NED,31.526,,,6-2 7-5,3,Q1,65,1,1,57,41,27,9,10,0,2,4,2,58,40,21,9,10,1,6
2008-407,Rotterdam,Hard,32,500,I,20080218,8,SD56,8,,Robert Smeets,L,188,AUS,22.272,161,264,R336,,,Christophe Rochus,R,170,BEL,29.177,184,228,6-2 6-0,3,Q1,59,5,2,45,21,17,15,7,4,4,0,0,54,31,18,5,7,7,12
2008-407,Rotterdam,Hard,32,500,I,20080218,9,Z168,,,Mischa Zverev,L,191,GER,20.493,98,429,SC03,,,Jasper Smit,R,,NED,27.253,1271,3,5-7 6-2 6-2,3,Q2,101,2,1,78,60,35,10,14,5,10,0,6,85,46,24,17,14,4,12
2008-407,Rotterdam,Hard,32,500,I,20080218,10,G681,,,Teymuraz Gabashvili,R,185,GEO,22.741,132,339,W254,5,,Peter Wessels,R,196,NED,29.785,153,278,7-6(6) 6-0,3,Q2,73,8,2,64,39,26,17,9,1,2,3,3,56,33,17,10,9,0,4
2008-407,Rotterdam,Hard,32,500,I,20080218,11,H442,,,Jan Hernych,R,188,CZE,28.619,164,258,MB88,,,Matwe Middelkoop,R,191,NED,24.46,247,160,6-1 6-3,3,Q2,51,3,1,37,21,19,11,8,1,2,1,2,51,32,16,7,8,2,7
2008-407,Rotterdam,Hard,32,500,I,20080218,12,BC65,,,Matthias Bachinger,R,188,GER,20.882,198,211,SD56,8,,Robert Smeets,L,188,AUS,22.272,161,264,6-4 2-6 7-6(5),3,Q2,107,2,2,103,57,37,26,15,5,9,7,6,94,59,42,17,15,7,10
2008-424,San Jose,Hard,32,250,I,20080218,1,G621,,,Chris Guccione,L,201,AUS,22.554,87,481,O133,,,Noam Okun,R,185,ISR,29.843,277,137,6-4 3-6 7-6(7),3,Q1,112,23,3,93,64,51,17,15,2,3,10,3,108,77,60,16,16,3,4
2008-424,San Jose,Hard,32,250,I,20080218,2,G512,,,Denis Gremelmayr,L,183,GER,26.508,108,402,K409,,,Phillip King,R,175,USA,26.166,345,100,6-4 2-6 6-2,3,Q1,80,5,3,68,44,36,11,13,1,3,6,5,87,45,33,18,13,8,11
2008-424,San Jose,Hard,32,250,I,20080218,3,O234,,,Wayne Odesnik,L,180,USA,22.242,125,351,T213,,,Jim Thomas,R,193,USA,33.402,,,4-6 6-2 6-3,3,Q1,111,16,9,88,51,44,16,14,6,7,3,2,88,64,42,12,13,5,8
2008-424,San Jose,Hard,32,250,I,20080218,4,W361,,,Sam Warburg,R,191,USA,24.808,159,268,N349,,,Conor Niland,R,185,IRL,26.415,309,114,6-0 7-6(5),3,Q1,79,10,2,58,39,29,8,9,5,7,1,4,59,40,25,5,9,2,7
2008-424,San Jose,Hard,32,250,I,20080218,5,F376,,,Alberto Francis,R,196,USA,26.031,312,112,MB84,5,,Mathieu Montcourt,R,183,FRA,22.96,163,261,7-6(4) 6-4,3,Q1,73,8,3,73,53,40,9,11,3,4,12,6,75,49,39,10,11,3,5
2008-424,San Jose,Hard,32,250,I,20080218,6,SF62,,,Tim Smyczek,R,175,USA,20.137,739,20,E212,6,,Bruno Echagaray,R,183,MEX,24.783,185,227,7-5 6-4,3,Q1,89,4,2,66,44,36,7,11,5,7,7,1,73,42,26,13,11,5,9
2008-424,San Jose,Hard,32,250,I,20080218,7,W359,,,Todd Widom,R,,USA,24.821,310,113,S876,7,,Flavio Saretta,R,183,BRA,27.641,256,152,6-3 6-2,3,Q1,50,4,3,44,28,22,9,8,0,1,3,11,64,33,22,7,9,5,10
2008-424,San Jose,Hard,32,250,I,20080218,8,W387,,,Jesse Witten,R,178,USA,25.344,240,165,S550,,,Takao Suzuki,R,175,JPN,31.411,233,167,6-3 6-4,3,Q1,61,4,1,57,39,28,14,10,2,2,2,1,60,47,34,2,9,6,8
2008-424,San Jose,Hard,32,250,I,20080218,9,C786,,,Kamil Capkovic,R,198,SVK,21.714,341,101,D353,,,Jose De Armas,R,,VEN,26.902,798,16,7-5 7-6(4),3,Q1,91,15,8,80,46,33,20,12,3,5,3,3,88,55,38,14,12,5,8
2008-424,San Jose,Hard,32,250,I,20080218,10,D385,,,Benedikt Dorsch,R,178,GER,27.105,236,166,H927,,,Bijan Hejazi,,,USA,20.257,,,6-3 6-0,3,Q1,49,3,2,45,22,20,13,8,1,1,2,2,40,25,11,8,7,2,6
2008-424,San Jose,Hard,32,250,I,20080218,11,G352,,,Jan-Michael Gambill,R,191,USA,30.71,,,C768,,,Lester Cook,R,180,USA,23.819,356,93,6-3 7-6(7),3,Q1,86,15,1,72,46,36,15,11,0,1,4,3,66,35,26,18,10,2,4
2008-424,San Jose,Hard,32,250,I,20080218,12,H624,,,Ryan Haviland,R,188,USA,27.184,,,I097,,,Stefano Ianni,R,,ITA,27.047,362,91,6-4 6-4,3,Q1,59,8,2,55,39,34,9,10,4,4,3,1,56,30,21,16,10,0,2
2008-424,San Jose,Hard,32,250,I,20080218,13,H469,,,KJ Hippensteel,L,191,USA,27.781,778,17,B757,,,Rohan Bopanna,R,193,IND,27.959,288,131,6-4 7-6(3),3,Q1,68,11,0,62,45,38,10,11,0,0,11,5,67,35,28,16,11,0,1
2008-424,San Jose,Hard,32,250,I,20080218,14,J290,,,Scoville Jenkins,R,188,USA,21.405,262,147,C968,,,Marco Crugnola,R,188,ITA,24.739,382,85,6-4 6-3,3,Q1,63,7,5,57,33,26,13,10,0,1,3,5,55,28,20,13,9,3,6
2008-424,San Jose,Hard,32,250,I,20080218,15,O252,,,Scott Oudsema,R,191,USA,21.634,332,104,L709,,,Christopher Lam,R,178,USA,24.676,703,23,7-5 6-2,3,Q1,69,17,6,55,30,29,14,10,3,3,7,2,75,44,28,15,10,3,6
2008-424,San Jose,Hard,32,250,I,20080218,16,P519,,,Julio Peralta,R,188,CHI,26.442,766,18,CC84,,,Daniel Chu,L,,CAN,23.102,,,6-4 6-2,3,Q1,61,1,0,52,38,30,6,9,3,4,3,3,58,38,21,9,9,2,6
2008-424,San Jose,Hard,32,250,I,20080218,17,G621,,,Chris Guccione,L,201,AUS,22.554,87,481,O252,,,Scott Oudsema,R,191,USA,21.634,332,104,6-3 6-2,3,Q2,52,9,4,52,36,29,9,9,3,3,3,2,54,36,23,7,8,2,5
2008-424,San Jose,Hard,32,250,I,20080218,18,G512,,,Denis Gremelmayr,L,183,GER,26.508,108,402,C786,,,Kamil Capkovic,R,198,SVK,21.714,341,101,4-6 7-6(7) 6-3,3,Q2,131,5,6,119,65,36,32,16,6,11,18,6,104,66,50,11,15,5,10
2008-424,San Jose,Hard,32,250,I,20080218,19,O234,,,Wayne Odesnik,L,180,USA,22.242,125,351,H624,,,Ryan Haviland,R,188,USA,27.184,,,7-6(4) 7-6(6),3,Q2,96,10,1,80,50,40,17,12,4,5,11,2,77,49,40,16,12,3,4
2008-424,San Jose,Hard,32,250,I,20080218,20,W361,,,Sam Warburg,R,191,USA,24.808,159,268,G352,,,Jan-Michael Gambill,R,191,USA,30.71,,,7-6(2) 6-7(2) 6-3,3,Q2,159,11,6,102,55,52,26,17,1,1,22,4,116,60,50,29,16,7,8
2008-424,San Jose,Hard,32,250,I,20080218,21,W387,,,Jesse Witten,R,178,USA,25.344,240,165,P519,,,Julio Peralta,R,188,CHI,26.442,766,18,6-0 2-6 7-6(4),3,Q2,103,11,4,86,56,41,11,13,2,5,9,4,100,69,49,10,13,8,12
2008-424,San Jose,Hard,32,250,I,20080218,22,D385,,,Benedikt Dorsch,R,178,GER,27.105,236,166,W359,,,Todd Widom,R,,USA,24.821,310,113,6-3 6-3,3,Q2,58,7,0,47,28,23,15,9,4,4,5,1,50,30,22,7,9,3,6
2008-424,San Jose,Hard,32,250,I,20080218,23,H469,,,KJ Hippensteel,L,191,USA,27.781,778,17,F376,,,Alberto Francis,R,196,USA,26.031,312,112,3-6 6-3 7-6(4),3,Q2,107,6,2,93,68,50,14,15,3,6,15,7,115,82,56,16,15,10,13
2008-424,San Jose,Hard,32,250,I,20080218,24,SF62,,,Tim Smyczek,R,175,USA,20.137,739,20,J290,,,Scoville Jenkins,R,188,USA,21.405,262,147,6-4 6-1,3,Q2,65,7,2,53,28,21,14,9,1,2,4,6,48,17,16,9,8,0,4
2008-424,San Jose,Hard,32,250,I,20080218,25,D385,,,Benedikt Dorsch,R,178,GER,27.105,236,166,G621,,,Chris Guccione,L,201,AUS,22.554,87,481,6-7(2) 7-6(2) 7-6(4),3,Q3,132,5,1,115,82,66,22,18,2,2,27,2,107,75,63,18,18,0,0
2008-424,San Jose,Hard,32,250,I,20080218,26,G512,,,Denis Gremelmayr,L,183,GER,26.508,108,402,H469,,,KJ Hippensteel,L,191,USA,27.781,778,17,6-3 6-1,3,Q3,49,3,2,48,34,23,8,8,1,2,2,0,43,28,14,5,8,3,8
2008-424,San Jose,Hard,32,250,I,20080218,27,SF62,,,Tim Smyczek,R,175,USA,20.137,739,20,O234,,,Wayne Odesnik,L,180,USA,22.242,125,351,6-3 6-4,3,Q3,82,4,0,58,37,27,12,10,2,3,7,8,69,37,26,12,9,3,6
2008-424,San Jose,Hard,32,250,I,20080218,28,W361,,,Sam Warburg,R,191,USA,24.808,159,268,W387,,,Jesse Witten,R,178,USA,25.344,240,165,6-1 6-2,3,Q3,60,4,1,44,28,24,9,8,2,3,4,2,46,27,14,5,7,7,12
2008-506,Buenos Aires,Clay,32,250,O,20080218,1,D556,,,Brian Dabul,L,170,ARG,23.984,158,270,C882,1,,Pablo Cuevas,R,180,URU,22.13,91,459,3-6 7-6(5) 7-6(4),3,Q1,194,3,1,119,91,60,19,16,6,9,12,5,127,77,55,27,17,7,9
2008-506,Buenos Aires,Clay,32,250,O,20080218,2,MA41,,,Ivo Minar,R,183,CZE,23.745,89,469,V329,,,Juan-Pablo Villar,,,ARG,25.61,337,102,6-2 6-3,3,Q1,60,7,0,49,34,32,6,9,1,1,2,2,48,20,13,13,8,0,3
2008-506,Buenos Aires,Clay,32,250,O,20080218,3,S877,,,Julio Silva,R,173,BRA,28.635,195,214,D469,3,,Nicolas Devilder,L,173,FRA,27.901,112,383,7-6(4) 4-6 6-3,3,Q1,122,3,3,102,57,35,24,16,7,12,4,5,93,47,32,21,15,3,8
2008-506,Buenos Aires,Clay,32,250,O,20080218,4,P488,4,,Olivier Patience,R,180,FRA,27.901,109,395,M812,,,Gustavo Marcaccio,R,170,ARG,30.795,299,123,6-2 6-3,3,Q1,79,6,1,51,39,29,7,9,2,3,1,0,52,43,23,4,8,3,7
2008-506,Buenos Aires,Clay,32,250,O,20080218,5,G710,5,,Marcel Granollers,R,191,ESP,21.854,119,364,M760,,,Oliver Marach,R,185,AUT,27.592,150,288,6-4 6-2,3,Q1,102,4,1,51,28,20,15,9,2,3,2,2,54,22,14,14,9,4,8
2008-506,Buenos Aires,Clay,32,250,O,20080218,6,R383,,,Ruben Ramirez Hidalgo,R,183,ESP,30.116,123,354,MB60,,,Leandro Migani,R,,ARG,22.965,407,76,6-1 6-0,3,Q1,57,2,3,36,17,14,11,7,0,1,0,5,41,24,8,5,6,5,11
2008-506,Buenos Aires,Clay,32,250,O,20080218,7,P487,,,Eric Prodon,R,180,FRA,26.645,136,327,F433,,,Franco Ferreiro,R,188,BRA,23.633,227,172,4-6 7-6(5) 6-2,3,Q1,138,3,7,98,54,40,19,15,4,8,1,4,93,54,36,20,15,3,8
2008-506,Buenos Aires,Clay,32,250,O,20080218,8,BD20,,,Thomaz Bellucci,L,188,BRA,20.137,181,229,A596,8,,Pablo Andujar,R,180,ESP,22.07,145,303,6-4 6-2,3,Q1,81,5,3,62,36,24,16,9,4,5,0,1,54,33,19,9,9,2,6
2008-506,Buenos Aires,Clay,32,250,O,20080218,9,A502,,,Juan-Martin Aranguren,R,,ARG,24.367,255,153,D479,,,Sebastian Decoud,L,180,ARG,26.418,254,154,6-4 4-1 RET,3,Q1,100,0,3,53,26,20,16,8,2,2,2,3,52,29,19,11,7,1,3
2008-506,Buenos Aires,Clay,32,250,O,20080218,10,G676,,,Daniel Gimeno-Traver,R,183,ESP,22.533,157,271,K551,,,Daniel Koellerer,R,180,AUT,24.507,170,250,1-1 RET,3,Q1,13,0,0,5,3,3,1,1,0,0,0,0,6,6,4,0,1,0,0
2008-506,Buenos Aires,Clay,32,250,O,20080218,11,J214,,,Diego Junqueira,L,178,ARG,27.14,237,166,V339,,,Simone Vagnozzi,R,,ITA,24.723,286,134,7-5 6-3,3,Q1,92,1,5,70,35,25,21,11,3,5,1,5,60,39,20,13,10,6,10
2008-506,Buenos Aires,Clay,32,250,O,20080218,12,L480,,,Marc Lopez,R,175,ESP,25.552,210,198,A410,,,Thiago Alves,R,178,BRA,25.744,252,156,2-6 7-6(1) 6-0,3,Q1,118,3,0,84,52,34,17,13,4,9,4,3,88,45,32,14,13,7,13
2008-506,Buenos Aires,Clay,32,250,O,20080218,13,M915,,,Daniel Munoz de la Nava,L,175,ESP,26.053,206,202,M590,,,Alberto Martin,R,175,ESP,29.498,144,303,3-6 6-4 6-4,3,Q1,148,3,8,114,57,42,28,15,13,16,6,3,87,54,35,19,14,8,11
2008-506,Buenos Aires,Clay,32,250,O,20080218,14,V377,,,Adam Vejmelka,,,CZE,22.426,374,87,A340,,,Francesco Aldi,R,175,ITA,26.42,229,171,6-3 3-6 7-6(4),3,Q1,159,7,5,102,49,35,23,15,6,11,0,9,97,65,41,12,15,5,10
2008-506,Buenos Aires,Clay,32,250,O,20080218,15,V298,,,Cristian Villagran,R,180,SUI,26.078,216,183,MD56,,,Leonardo Mayer,R,191,ARG,20.764,151,282,6-3 6-4,3,Q1,97,1,1,58,47,34,7,9,4,4,1,4,61,33,21,15,10,2,5
2008-506,Buenos Aires,Clay,32,250,O,20080218,16,Z184,,,Horacio Zeballos,L,188,ARG,22.812,260,148,M984,,,David Marrero,R,183,ESP,27.863,280,136,5-7 7-5 6-4,3,Q1,141,6,5,101,65,48,17,17,4,7,3,5,104,53,40,25,17,4,8
2008-506,Buenos Aires,Clay,32,250,O,20080218,17,104381,,,Ivo Minar,R,183,CZE,23.745,89,469,104534,,,Horacio Zeballos,L,188,ARG,22.812,260,148,3-6 7-6(6) 6-2,3,Q2,142,6,3,108,65,42,22,18,5,8,4,6,115,70,42,22,18,4,9
2008-506,Buenos Aires,Clay,32,250,O,20080218,18,104593,,,Daniel Gimeno-Traver,R,183,ESP,22.533,157,271,103554,4,,Olivier Patience,R,180,FRA,27.901,109,395,7-5 7-5,3,Q2,105,4,2,82,52,38,15,12,1,2,2,4,78,45,26,12,11,4,7
2008-506,Buenos Aires,Clay,32,250,O,20080218,19,103908,,,Daniel Munoz de la Nava,L,175,ESP,26.053,206,202,104719,5,,Marcel Granollers,R,191,ESP,21.854,119,364,5-7 7-6(9) 6-1,3,Q2,158,5,4,112,68,45,25,20,6,10,3,7,122,75,48,24,20,5,11
2008-506,Buenos Aires,Clay,32,250,O,20080218,20,R383,,,Ruben Ramirez Hidalgo,R,183,ESP,30.116,123,354,V298,,,Cristian Villagran,R,180,SUI,26.078,216,183,6-2 6-1,3,Q2,69,3,2,49,29,21,15,8,1,1,0,0,46,31,14,6,7,6,10
2008-506,Buenos Aires,Clay,32,250,O,20080218,21,P487,,,Eric Prodon,R,180,FRA,26.645,136,327,V377,,,Adam Vejmelka,,,CZE,22.426,374,87,6-4 6-3,3,Q2,82,2,1,64,37,24,17,9,6,7,2,3,53,26,18,12,10,1,5
2008-506,Buenos Aires,Clay,32,250,O,20080218,22,A502,,,Juan-Martin Aranguren,R,,ARG,24.367,255,153,D556,,,Brian Dabul,L,170,ARG,23.984,158,270,6-2 6-1,3,Q2,73,2,0,48,32,20,11,8,2,3,0,0,43,33,14,4,7,4,9
2008-506,Buenos Aires,Clay,32,250,O,20080218,23,BD20,,,Thomaz Bellucci,L,188,BRA,20.137,181,229,L480,,,Marc Lopez,R,175,ESP,25.552,210,198,7-5 4-6 6-3,3,Q2,176,4,0,120,84,54,24,16,12,13,3,1,102,62,42,22,15,6,8
2008-506,Buenos Aires,Clay,32,250,O,20080218,24,J214,,,Diego Junqueira,L,178,ARG,27.14,237,166,S877,,,Julio Silva,R,173,BRA,28.635,195,214,6-4 6-2,3,Q2,82,3,3,50,28,18,14,9,2,4,3,0,62,35,18,12,9,4,9
2008-506,Buenos Aires,Clay,32,250,O,20080218,25,MA41,,,Ivo Minar,R,183,CZE,23.745,89,469,M915,,,Daniel Munoz de la Nava,L,175,ESP,26.053,206,202,6-4 6-4,3,Q3,85,4,1,65,44,30,13,10,3,4,2,4,60,23,18,19,10,1,4
2008-506,Buenos Aires,Clay,32,250,O,20080218,26,R383,,,Ruben Ramirez Hidalgo,R,183,ESP,30.116,123,354,A502,,,Juan-Martin Aranguren,R,,ARG,24.367,255,153,3-6 6-1 6-2,3,Q3,152,6,9,98,45,30,24,12,10,14,0,2,84,52,29,11,12,7,14
2008-506,Buenos Aires,Clay,32,250,O,20080218,27,104593,,,Daniel Gimeno-Traver,R,183,ESP,22.533,157,271,103720,,,Eric Prodon,R,180,FRA,26.645,136,327,6-3 6-0,3,Q3,65,4,2,42,28,24,10,8,0,0,1,1,45,26,12,6,6,4,8
2008-506,Buenos Aires,Clay,32,250,O,20080218,28,105051,,,Thomaz Bellucci,L,188,BRA,20.137,181,229,103644,,,Diego Junqueira,L,178,ARG,27.14,237,166,6-1 6-3,3,Q3,72,5,3,48,32,26,12,10,1,2,1,4,58,35,18,10,10,4,9
2008-2276,Zagreb,Hard,32,250,I,20080225,1,H442,1,,Jan Hernych,R,188,CZE,28.638,163,258,MF09,,,Nikola Mektic,R,183,CRO,19.17,600,35,7-6(5) 4-6 6-4,3,Q1,121,5,0,87,65,49,17,16,4,6,2,5,109,57,44,25,16,5,7
2008-2276,Zagreb,Hard,32,250,I,20080225,2,SC77,,,Sergiy Stakhovsky,R,193,UKR,22.136,209,199,D361,,,Massimo Dell'Acqua,R,193,ITA,28.471,502,52,6-1 1-0 RET,3,Q1,37,3,1,22,14,11,7,4,0,0,2,2,31,17,8,5,4,6,9
2008-2276,Zagreb,Hard,32,250,I,20080225,3,T760,,,Sasa Tuksar,R,180,CRO,24.791,751,19,K512,3,,Ivo Klec,R,183,SVK,27.242,235,168,2-6 6-3 6-2,3,Q1,82,0,4,72,47,30,14,13,3,6,1,5,72,43,29,13,12,2,6
2008-2276,Zagreb,Hard,32,250,I,20080225,4,BA57,4,,Ilija Bozoljac,R,193,SRB,22.565,240,164,N313,,,Timo Nieminen,R,185,FIN,26.387,393,81,6-4 6-2,3,Q1,63,10,4,53,30,24,12,9,1,2,1,8,60,22,14,17,9,7,11
2008-2276,Zagreb,Hard,32,250,I,20080225,5,T264,5,,Marko Tkalec,R,178,SLO,30.943,281,136,V457,,,Nick Van Der Meer,,,NED,23.102,389,82,6-4 6-3,3,Q1,82,10,2,69,43,34,14,10,4,4,4,2,56,36,25,9,9,0,2
2008-2276,Zagreb,Hard,32,250,I,20080225,6,D646,6,,Ivan Dodig,R,183,CRO,23.146,296,124,V256,,,Uros Vico,R,188,ITA,27.014,630,31,6-3 6-4,3,Q1,72,7,3,55,31,26,13,10,0,1,3,2,59,33,24,10,9,3,6
2008-2276,Zagreb,Hard,32,250,I,20080225,7,PC78,,,Ante Pavic,R,196,CRO,18.971,1117,6,O253,7,,Dawid Olejniczak,R,,POL,24.988,303,119,6-4 4-6 6-3,3,Q1,103,10,3,93,53,39,23,15,4,6,7,2,83,52,38,16,14,3,6
2008-2276,Zagreb,Hard,32,250,I,20080225,8,D351,,,Sebastien De Chaunac,R,183,FRA,30.385,312,113,V467,,,Vilim Visak,,,CRO,21.648,989,9,6-1 6-0,3,Q1,52,5,1,37,25,19,9,7,0,0,0,1,46,23,8,11,6,2,7
2008-2276,Zagreb,Hard,32,250,I,20080225,9,B503,,,George Bastl,R,183,SUI,32.903,464,61,P605,,,Jaroslav Pospisil,R,175,CZE,27.042,331,106,6-0 6-3,3,Q1,59,9,0,32,25,23,5,7,0,0,1,6,53,30,16,8,8,5,10
2008-2276,Zagreb,Hard,32,250,I,20080225,10,C585,,,Tomas Cakl,R,178,CZE,26.836,322,108,SJ63,,,Thomas Schoorel,L,203,NED,18.883,786,17,7-6(4) 6-4,3,Q1,90,4,1,83,44,33,24,11,6,7,3,3,76,47,34,13,11,5,7
2008-2276,Zagreb,Hard,32,250,I,20080225,11,CA22,,,Pavol Cervenak,R,191,SVK,20.654,455,63,MC18,,,Denis Matsukevich,R,191,RUS,21.914,323,108,6-1 6-1,3,Q1,58,1,0,41,28,21,9,7,1,1,2,3,56,27,14,10,7,5,10
2008-2276,Zagreb,Hard,32,250,I,20080225,12,D686,,,Pierre-Ludovic Duclos,R,188,CAN,22.13,395,81,SB23,,,Vjekoslav Skenderovic,,,CRO,24.936,311,113,6-3 6-2,3,Q1,46,2,2,33,20,18,10,7,0,0,2,2,55,32,16,11,7,4,7
2008-2276,Zagreb,Hard,32,250,I,20080225,13,K834,,,Blaz Kavcic,R,188,SLO,20.977,396,81,SI06,,,Antonio Sancic,R,180,CRO,19.255,1186,5,6-2 6-0,3,Q1,51,1,2,37,22,19,9,7,0,0,1,0,50,33,16,4,7,7,12
2008-2276,Zagreb,Hard,32,250,I,20080225,14,V495,,,Luca Vanni,R,198,ITA,22.727,717,22,T762,,,Josko Topic,,,CRO,24.216,1017,8,6-2 6-3,3,Q1,62,1,3,47,33,27,7,9,0,1,4,7,65,42,25,9,8,10,14
2008-2276,Zagreb,Hard,32,250,I,20080225,15,V564,,,Antonio Veic,R,180,CRO,20.019,457,63,MC66,,,Nikola Martinovic,,,CRO,23.899,865,13,6-3 1-6 6-1,3,Q1,83,1,3,61,33,19,17,11,1,5,2,12,87,49,33,11,12,11,17
2008-2276,Zagreb,Hard,32,250,I,20080225,16,Z262,,,Deni Zmak,R,185,CRO,18.749,1492,1,Z189,,,Grega Zemlja,R,183,SLO,21.407,374,87,6-2 6-3,3,Q1,62,1,3,42,19,14,15,8,0,2,0,4,55,35,18,7,9,5,11
2008-2276,Zagreb,Hard,32,250,I,20080225,17,B503,,,George Bastl,R,183,SUI,32.903,464,61,H442,1,,Jan Hernych,R,188,CZE,28.638,163,258,6-4 3-6 6-2,3,Q2,141,5,2,103,72,47,17,14,9,12,1,0,80,60,38,9,13,6,10
2008-2276,Zagreb,Hard,32,250,I,20080225,18,SC77,,,Sergiy Stakhovsky,R,193,UKR,22.136,209,199,V495,,,Luca Vanni,R,198,ITA,22.727,717,22,6-1 7-6(5),3,Q2,77,2,2,65,44,34,10,10,2,3,3,2,64,38,24,12,9,5,8
2008-2276,Zagreb,Hard,32,250,I,20080225,19,BA57,4,,Ilija Bozoljac,R,193,SRB,22.565,240,164,C585,,,Tomas Cakl,R,178,CZE,26.836,322,108,6-3 6-4,3,Q2,59,13,2,62,45,34,8,10,4,5,0,1,45,36,20,7,9,1,4
2008-2276,Zagreb,Hard,32,250,I,20080225,20,T264,5,,Marko Tkalec,R,178,SLO,30.943,281,136,D686,,,Pierre-Ludovic Duclos,R,188,CAN,22.13,395,81,3-6 7-6(3) 6-2,3,Q2,130,11,2,99,50,38,23,15,4,7,14,3,91,51,37,17,14,5,8
2008-2276,Zagreb,Hard,32,250,I,20080225,21,D646,6,,Ivan Dodig,R,183,CRO,23.146,296,124,V564,,,Antonio Veic,R,180,CRO,20.019,457,63,6-3 7-5,3,Q2,92,8,1,58,38,33,13,11,0,0,1,1,62,34,24,14,10,4,6
2008-2276,Zagreb,Hard,32,250,I,20080225,22,D351,,,Sebastien De Chaunac,R,183,FRA,30.385,312,113,Z262,,,Deni Zmak,R,185,CRO,18.749,1492,1,6-2 6-2,3,Q2,75,1,2,49,33,25,9,8,1,1,2,4,52,26,13,12,8,1,5
2008-2276,Zagreb,Hard,32,250,I,20080225,23,CA22,,,Pavol Cervenak,R,191,SVK,20.654,455,63,T760,,,Sasa Tuksar,R,180,CRO,24.791,751,19,6-4 5-7 7-6(4),3,Q2,143,16,7,101,60,45,20,17,4,8,6,2,107,66,44,22,17,8,12
2008-2276,Zagreb,Hard,32,250,I,20080225,24,K834,,,Blaz Kavcic,R,188,SLO,20.977,396,81,PC78,,,Ante Pavic,R,196,CRO,18.971,1117,6,6-2 6-1,3,Q2,48,1,3,38,21,20,12,8,0,0,6,3,38,18,11,7,7,3,7
2008-2276,Zagreb,Hard,32,250,I,20080225,25,K834,,,Blaz Kavcic,R,188,SLO,20.977,396,81,SC77,,,Sergiy Stakhovsky,R,193,UKR,22.136,209,199,2-6 6-1 6-3,3,Q3,102,0,2,68,43,32,11,12,1,3,6,4,106,72,46,14,12,9,13
2008-2276,Zagreb,Hard,32,250,I,20080225,26,D351,,,Sebastien De Chaunac,R,183,FRA,30.385,312,113,BA57,4,,Ilija Bozoljac,R,193,SRB,22.565,240,164,6-1 5-7 6-1,3,Q3,112,4,0,75,48,34,18,13,4,6,11,5,92,52,33,14,13,7,13
2008-2276,Zagreb,Hard,32,250,I,20080225,27,B503,,,George Bastl,R,183,SUI,32.903,464,61,T264,5,,Marko Tkalec,R,178,SLO,30.943,281,136,6-4 6-2,3,Q3,84,6,1,53,39,27,7,9,4,6,4,2,63,37,21,12,9,3,8
2008-2276,Zagreb,Hard,32,250,I,20080225,28,CA22,,,Pavol Cervenak,R,191,SVK,20.654,455,63,D646,6,,Ivan Dodig,R,183,CRO,23.146,296,124,7-6(2) 6-7(5) 6-2,3,Q3,165,4,4,118,64,47,33,16,3,3,11,6,104,62,51,18,16,5,7
2008-402,Memphis,Hard,32,500,I,20080225,1,R483,,,Bobby Reynolds,R,183,USA,25.61,100,424,SG87,,,Ryan Sweeting,R,196,USA,20.619,264,147,6-4 6-4,3,Q1,66,11,0,57,39,32,9,10,0,0,7,2,59,35,27,10,10,2,4
2008-402,Memphis,Hard,32,500,I,20080225,2,L799,,,Jesse Levine,L,175,CAN,20.364,165,257,K403,2,,Igor Kunitsyn,R,180,RUS,26.404,110,393,6-3 7-6(5),3,Q1,114,4,2,70,48,35,12,10,3,4,0,2,81,48,33,13,11,4,7
2008-402,Memphis,Hard,32,500,I,20080225,3,N291,,,Frederic Niemeyer,R,191,CAN,31.838,185,225,D438,3,,Amer Delic,R,196,BIH,25.656,124,354,6-3 6-4,3,Q1,73,6,3,62,37,31,14,10,1,1,6,5,68,41,29,13,9,4,6
2008-402,Memphis,Hard,32,500,I,20080225,4,D385,,,Benedikt Dorsch,R,178,GER,27.124,231,171,O234,4,,Wayne Odesnik,L,180,USA,22.261,117,363,6-3 6-2,3,Q1,68,6,1,48,34,31,3,9,0,1,6,5,61,32,20,11,8,9,13
2008-402,Memphis,Hard,32,500,I,20080225,5,MA30,,,Gilles Muller,L,193,LUX,24.799,138,311,R548,,,Rajeev Ram,R,193,USA,23.94,233,168,6-4 6-7(8) 6-4,3,Q1,129,20,5,103,65,52,21,16,6,7,18,1,105,77,56,13,16,3,6
2008-402,Memphis,Hard,32,500,I,20080225,6,N552,,,Kei Nishikori,R,178,JPN,18.157,123,355,K737,,,Alex Kuznetsov,R,183,USA,21.054,263,147,6-4 6-4,3,Q1,73,1,5,63,37,26,14,10,3,4,4,0,65,40,26,13,10,4,7
2008-402,Memphis,Hard,32,500,I,20080225,7,W361,,,Sam Warburg,R,191,USA,24.827,155,273,M595,,,Max Mirnyi,R,196,BLR,30.639,207,200,6-4 5-7 6-2,3,Q1,119,8,6,93,59,45,21,15,1,2,21,5,76,54,40,12,15,5,8
2008-402,Memphis,Hard,32,500,I,20080225,8,W387,,,Jesse Witten,R,178,USA,25.363,252,155,MB84,8,,Mathieu Montcourt,R,183,FRA,22.979,184,225,6-4 6-3,3,Q1,72,3,1,59,47,30,8,10,5,7,4,8,61,35,24,8,9,6,10
2008-402,Memphis,Hard,32,500,I,20080225,9,R483,,,Bobby Reynolds,R,183,USA,25.61,100,424,N552,,,Kei Nishikori,R,178,JPN,18.157,123,355,6-2 3-0 RET,3,Q2,62,8,0,21,15,15,5,5,0,0,2,3,42,23,11,7,6,4,8
2008-402,Memphis,Hard,32,500,I,20080225,10,MA30,,,Gilles Muller,L,193,LUX,24.799,138,311,D385,,,Benedikt Dorsch,R,178,GER,27.124,231,171,3-6 7-6(3) 7-6(7),3,Q2,149,27,5,101,73,61,12,16,3,5,3,3,138,94,62,27,17,9,10
2008-402,Memphis,Hard,32,500,I,20080225,11,L799,,,Jesse Levine,L,175,CAN,20.364,165,257,W361,,,Sam Warburg,R,191,USA,24.827,155,273,7-6(3) 6-1,3,Q2,82,8,2,59,36,31,17,10,2,2,8,2,65,49,34,4,9,4,6
2008-402,Memphis,Hard,32,500,I,20080225,12,N291,,,Frederic Niemeyer,R,191,CAN,31.838,185,225,W387,,,Jesse Witten,R,178,USA,25.363,252,155,6-2 3-1 RET,3,Q2,44,7,0,35,23,17,9,6,2,2,2,2,42,26,16,6,6,3,6
2008-807,Acapulco,Clay,32,500,O,20080225,1,MA41,,,Ivo Minar,R,183,CZE,23.765,87,469,K551,,,Daniel Koellerer,R,180,AUT,24.526,169,250,6-4 6-3,3,Q1,88,2,1,60,38,24,14,10,2,4,3,1,57,35,21,9,9,4,8
2008-807,Acapulco,Clay,32,500,O,20080225,2,C882,,,Pablo Cuevas,R,180,URU,22.149,89,459,B842,,,Alex Bogomolov Jr.,R,178,RUS,24.843,188,218,6-4 6-1,3,Q1,70,6,0,53,34,27,9,9,2,3,0,0,53,40,19,7,8,2,6
2008-807,Acapulco,Clay,32,500,O,20080225,3,L290,,,Nicolas Lapentti,R,188,ECU,31.535,95,434,G551,,,Santiago Gonzalez,R,191,MEX,25.002,488,54,6-3 6-4,3,Q1,88,3,4,54,34,28,10,10,1,2,3,4,63,39,26,11,9,0,3
2008-807,Acapulco,Clay,32,500,O,20080225,4,P488,4,,Olivier Patience,R,180,FRA,27.921,109,395,MI48,,,Jose Gerardo Meza,,,MEX,16.898,,,6-1 6-2,3,Q1,54,4,4,40,20,17,12,7,3,3,1,5,51,22,11,12,8,4,9
2008-807,Acapulco,Clay,32,500,O,20080225,5,D469,5,,Nicolas Devilder,L,173,FRA,27.921,127,350,M760,,,Oliver Marach,R,185,AUT,27.611,150,288,6-2 7-5,3,Q1,94,4,3,79,48,34,15,10,7,8,3,4,67,42,26,12,10,6,10
2008-807,Acapulco,Clay,32,500,O,20080225,6,A596,,,Pablo Andujar,R,180,ESP,22.089,144,303,G585,6,,Maximo Gonzalez,R,173,ARG,24.602,115,366,5-7 6-3 6-1,3,Q1,148,1,0,85,65,42,13,14,9,12,2,4,109,67,36,20,14,11,17
2008-807,Acapulco,Clay,32,500,O,20080225,7,G710,,,Marcel Granollers,R,191,ESP,21.873,116,364,M590,,,Alberto Martin,R,175,ESP,29.517,143,303,6-1 6-2,3,Q1,62,8,2,40,24,22,10,8,0,0,0,2,47,25,10,12,7,4,8
2008-807,Acapulco,Clay,32,500,O,20080225,8,P487,8,,Eric Prodon,R,180,FRA,26.664,136,315,PB05,,,Eduardo Peralta-Tello,,,MEX,18.864,850,13,6-3 6-1,3,Q1,53,0,0,38,14,12,16,8,0,1,0,4,47,30,16,3,8,7,12
2008-807,Acapulco,Clay,32,500,O,20080225,9,104381,,,Ivo Minar,R,183,CZE,23.765,87,469,104655,,,Pablo Andujar,R,180,ESP,22.089,144,303,7-5 6-3,3,Q2,88,3,2,70,45,32,14,11,2,3,1,4,75,48,25,12,10,4,8
2008-807,Acapulco,Clay,32,500,O,20080225,10,104656,,,Pablo Cuevas,R,180,URU,22.149,89,459,103541,5,,Nicolas Devilder,L,173,FRA,27.921,127,350,6-3 6-4,3,Q2,82,4,1,58,38,28,12,10,1,2,2,3,62,40,22,10,10,3,6
2008-807,Acapulco,Clay,32,500,O,20080225,11,102845,,,Nicolas Lapentti,R,188,ECU,31.535,95,434,103720,8,,Eric Prodon,R,180,FRA,26.664,136,315,7-5 6-3,3,Q2,94,5,3,72,48,35,15,12,2,3,2,4,78,50,28,14,11,3,7
2008-807,Acapulco,Clay,32,500,O,20080225,12,104719,,,Marcel Granollers,R,191,ESP,21.873,116,364,103554,4,,Olivier Patience,R,180,FRA,27.921,109,395,6-7(6) 6-2 6-3,3,Q2,135,6,4,105,68,48,22,18,5,8,4,9,112,70,42,20,18,5,11
2008-433,Las Vegas,Hard,32,250,O,20080303,1,105260,,,Nick Lindahl,R,183,AUS,19.589,255,155,103506,7,,Alun Jones,R,180,AUS,27.852,127,352,1-6 7-6(5) 7-6(3),3,Q1,152,6,4,105,65,42,22,18,5,8,4,7,112,70,45,22,18,4,9
2008-433,Las Vegas,Hard,32,250,O,20080303,2,103017,,,Max Mirnyi,R,196,BLR,30.658,204,200,103565,8,,Rik De Voest,R,180,RSA,27.743,134,330,5-7 5-1 RET,3,Q1,82,6,2,62,40,31,12,10,1,2,3,4,68,42,26,10,9,2,5
2008-433,Las Vegas,Hard,32,250,O,20080303,3,104731,,,Kevin Anderson,R,203,RSA,21.793,175,242,104252,,,Prakash Amritraj,R,188,IND,24.419,269,146,6-1 7-5,3,Q1,78,11,2,55,34,28,12,10,0,1,1,3,62,38,20,10,10,2,5
2008-433,Las Vegas,Hard,32,250,O,20080303,4,103831,,,Roman Borvanov,R,183,MDA,25.925,410,75,103813,,,Phillip King,R,175,USA,26.204,350,95,6-4 6-4,3,Q1,84,4,3,62,38,30,14,11,2,3,4,6,82,51,30,12,11,2,6
2008-433,Las Vegas,Hard,32,250,O,20080303,5,103730,,,Benedikt Dorsch,R,178,GER,27.143,227,176,104481,,,Mathieu Montcourt,R,183,FRA,22.998,207,198,6-7(4) 6-0 3-6,3,Q1,135,5,4,105,65,48,22,18,4,7,5,11,118,72,44,22,18,4,8
2008-433,Las Vegas,Hard,32,250,O,20080303,6,104778,,,Scoville Jenkins,R,188,USA,21.443,265,147,103736,,,Jose De Armas,R,,VEN,26.94,794,16,6-3 6-4,3,Q1,76,8,2,52,32,26,12,10,1,2,1,4,58,35,22,10,10,2,5
2008-433,Las Vegas,Hard,32,250,O,20080303,7,104646,,,Shane La Porte,,,,,678,26,103130,,,Konstantinos Economidis,R,188,GRE,30.333,172,245,6-4 6-2,3,Q1,72,5,3,58,36,28,12,10,1,2,3,5,65,40,24,11,10,1,4
2008-433,Las Vegas,Hard,32,250,O,20080303,8,102811,,,Frederic Niemeyer,R,191,CAN,31.858,178,235,110250,,,Jonathan Ribaste,,,,,,,6-1 6-0,3,Q1,48,7,1,32,20,18,7,6,0,0,1,0,35,22,10,5,5,5,8
2008-433,Las Vegas,Hard,32,250,O,20080303,9,105007,,,Ryan Sweeting,R,196,USA,20.638,267,147,102434,,,Jim Thomas,R,193,USA,33.44,,,6-3 6-4,3,Q1,74,6,2,55,34,26,12,10,2,3,2,5,64,38,22,10,10,2,5
2008-433,Las Vegas,Hard,32,250,O,20080303,10,102875,,,Dusan Vemic,R,188,SRB,31.71,151,288,103859,,,Dave Lingman,,,,,1310,3,6-3 5-7 7-5,3,Q1,142,10,5,108,65,48,22,18,4,8,5,10,115,70,42,22,18,4,9
2008-433,Las Vegas,Hard,32,250,O,20080303,11,105023,,,Mischa Zverev,L,191,GER,20.531,76,509,104646,,,Shane La Porte,,,,,678,26,6-2 6-2,3,Q2,58,5,1,42,28,24,10,8,0,0,1,0,48,30,14,8,8,4,8
2008-433,Las Vegas,Hard,32,250,O,20080303,12,103185,,,Peter Luczak,R,183,AUS,28.507,72,525,102875,,,Dusan Vemic,R,188,SRB,31.71,151,288,3-6 7-6(4) 6-1,3,Q2,128,8,4,92,58,40,18,15,5,10,4,8,105,62,36,18,15,4,8
2008-433,Las Vegas,Hard,32,250,O,20080303,13,104571,,,Chris Guccione,L,201,AUS,22.593,70,529,103831,,,Roman Borvanov,R,183,MDA,25.925,410,75,7-6(3) 4-6 7-6(4),3,Q2,158,24,4,122,82,65,22,18,4,6,8,14,135,88,58,32,25,3,9
2008-433,Las Vegas,Hard,32,250,O,20080303,14,105007,,,Ryan Sweeting,R,196,USA,20.638,267,147,103758,4,,Florent Serra,R,180,FRA,27.009,93,456,4-6 6-3 6-4,3,Q2,132,9,4,98,62,44,20,17,4,6,5,10,112,68,42,20,16,3,7
2008-433,Las Vegas,Hard,32,250,O,20080303,15,103812,5,,Igor Kunitsyn,R,180,RUS,26.423,116,372,102811,,,Frederic Niemeyer,R,191,CAN,31.858,178,235,6-4 6-4,3,Q2,82,6,2,62,40,31,12,10,1,2,3,4,68,42,26,10,9,2,5
2008-433,Las Vegas,Hard,32,250,O,20080303,16,104033,,,Amer Delic,R,196,BIH,25.676,126,354,104778,,,Scoville Jenkins,R,188,USA,21.443,265,147,6-2 6-7(4) 6-3,3,Q2,145,15,5,108,65,48,22,18,4,7,6,12,118,72,45,25,20,5,10
2008-433,Las Vegas,Hard,32,250,O,20080303,17,104731,,,Kevin Anderson,R,203,RSA,21.793,175,242,105260,,,Nick Lindahl,R,183,AUS,19.589,255,155,6-7(5) 6-2 7-6(3),3,Q2,165,18,6,115,70,55,24,18,5,8,7,12,128,78,48,26,21,4,9
2008-433,Las Vegas,Hard,32,250,O,20080303,18,103017,,,Max Mirnyi,R,196,BLR,30.658,204,200,103730,,,Benedikt Dorsch,R,178,GER,27.143,227,176,3-6 2-6,3,Q2,68,5,3,48,30,22,10,8,1,2,1,4,52,32,16,8,8,5,9
2008-433,Las Vegas,Hard,32,250,O,20080303,19,A678,,,Kevin Anderson,R,203,RSA,21.793,175,242,Z168,,,Mischa Zverev,L,191,GER,20.531,76,509,6-4 7-6(3),3,Q3,77,4,5,59,31,22,17,11,0,3,2,4,77,54,33,9,11,2,6
2008-433,Las Vegas,Hard,32,250,O,20080303,20,L515,,,Peter Luczak,R,183,AUS,28.507,72,525,M595,,,Max Mirnyi,R,196,BLR,30.658,204,200,6-4 6-2,3,Q3,69,5,3,58,36,28,14,9,4,4,10,3,53,32,23,6,9,3,6
2008-433,Las Vegas,Hard,32,250,O,20080303,21,G621,,,Chris Guccione,L,201,AUS,22.593,70,529,K403,5,,Igor Kunitsyn,R,180,RUS,26.423,116,372,7-6(5) 3-6 7-5,3,Q3,133,16,1,91,52,39,25,16,0,3,2,2,116,83,58,19,17,11,14
2008-433,Las Vegas,Hard,32,250,O,20080303,22,D438,,,Amer Delic,R,196,BIH,25.676,126,354,SG87,,,Ryan Sweeting,R,196,USA,20.638,267,147,7-5 6-0,3,Q3,65,9,2,63,36,31,12,9,3,3,2,2,46,30,17,9,9,3,7
2008-495,Dubai,Hard,32,500,O,20080303,1,M800,,,Jan Minar,R,,CZE,26.899,197,207,H526,,,Gregory Howe,,,,36.32,1310,3,6-2 6-1,3,Q1,54,4,2,44,27,21,12,8,3,3,1,4,62,29,16,14,7,10,14
2008-495,Dubai,Hard,32,500,O,20080303,2,T840,2,,Viktor Troicki,R,193,SRB,22.059,113,383,K512,,,Ivo Klec,R,183,SVK,27.261,237,168,6-4 6-2,3,Q1,72,3,1,52,29,18,13,9,1,4,0,4,61,31,18,9,9,2,8
2008-495,Dubai,Hard,32,500,O,20080303,3,S673,,,Joseph Sirianni,R,178,AUS,33.125,157,271,MF57,,,Michael McClune,R,188,USA,18.53,386,83,4-6 6-0 7-6(2),3,Q1,109,8,2,74,47,40,19,14,1,2,7,4,101,63,39,20,14,5,8
2008-495,Dubai,Hard,32,500,O,20080303,4,H442,,,Jan Hernych,R,188,CZE,28.657,188,218,Z072,,,Nenad Zimonjic,R,191,SRB,31.745,695,24,6-4 6-4,3,Q1,67,3,0,47,32,28,12,10,0,0,7,2,62,30,22,16,10,1,3
2008-495,Dubai,Hard,32,500,O,20080303,5,M759,6,,Wesley Moodie,R,196,RSA,29.049,169,247,L503,,,Paolo Lorenzi,R,183,ITA,26.215,252,161,6-3 3-6 6-3,3,Q1,105,14,5,83,60,48,9,14,0,2,3,1,82,55,37,15,13,3,6
2008-495,Dubai,Hard,32,500,O,20080303,6,R628,7,,Laurent Recouderc,R,,AND,23.647,179,234,B503,,,George Bastl,R,183,SUI,32.923,466,61,6-4 3-6 7-6(4),3,Q1,149,4,4,96,59,44,15,15,3,7,2,1,97,61,41,20,16,1,5
2008-495,Dubai,Hard,32,500,O,20080303,7,L702,,,Mikhail Ledovskikh,R,188,RUS,21.569,171,247,A755,,,Hashim Abdal,,,KUW,18.267,,,6-3 6-2,3,Q1,65,3,1,48,32,26,7,8,0,1,0,4,90,63,36,8,9,7,12
2008-495,Dubai,Hard,32,500,O,20080303,8,A494,,,Karim Alayli,,,LBN,24.945,1495,1,G952,,,Troy Gillham,R,,AUS,25.993,1404,2,6-4 6-2,3,Q1,65,1,2,41,24,18,14,9,0,1,2,5,52,26,17,11,9,3,7
2008-495,Dubai,Hard,32,500,O,20080303,9,M800,,,Jan Minar,R,,CZE,26.899,197,207,R628,7,,Laurent Recouderc,R,,AND,23.647,179,234,7-6(4) 6-3,3,Q2,92,2,1,73,51,33,12,11,6,9,0,2,66,46,31,6,10,2,6
2008-495,Dubai,Hard,32,500,O,20080303,10,H442,,,Jan Hernych,R,188,CZE,28.657,188,218,T840,2,,Viktor Troicki,R,193,SRB,22.059,113,383,6-4 7-5,3,Q2,83,0,1,69,47,33,14,11,3,4,6,1,59,37,26,12,11,2,5
2008-495,Dubai,Hard,32,500,O,20080303,11,S673,,,Joseph Sirianni,R,178,AUS,33.125,157,271,M759,6,,Wesley Moodie,R,196,RSA,29.049,169,247,6-1 6-4,3,Q2,55,2,1,42,19,16,20,9,0,0,2,3,48,35,23,4,8,3,6
2008-495,Dubai,Hard,32,500,O,20080303,12,L702,,,Mikhail Ledovskikh,R,188,RUS,21.569,171,247,A494,,,Karim Alayli,,,LBN,24.945,1495,1,6-2 6-4,3,Q2,65,8,4,58,37,27,11,9,2,4,1,4,52,32,17,8,9,5,10
2008-404,Indian Wells Masters,Hard,96,M,O,20080313,1,M759,,,Wesley Moodie,R,196,RSA,29.076,172,252,L515,1,,Peter Luczak,R,183,AUS,28.534,69,537,7-6(5) 6-4,3,Q1,88,17,2,80,57,41,13,11,3,3,2,0,69,47,37,14,11,6,7
2008-404,Indian Wells Masters,Hard,96,M,O,20080313,2,E254,,,Brendan Evans,R,188,USA,21.93,196,212,G621,2,,Chris Guccione,L,201,AUS,22.62,70,534,7-6(3) 6-3,3,Q1,68,7,2,69,43,36,12,11,3,4,13,3,57,37,26,12,10,0,2
2008-404,Indian Wells Masters,Hard,96,M,O,20080313,3,F510,,,Fabio Fognini,R,178,ITA,20.805,75,511,W361,,,Sam Warburg,R,191,USA,24.873,159,278,0-6 7-6(2) 6-2,3,Q1,120,5,8,90,59,39,11,13,6,11,3,2,84,54,35,13,13,2,6
2008-404,Indian Wells Masters,Hard,96,M,O,20080313,4,J290,,,Scoville Jenkins,R,188,USA,21.47,266,147,Z168,4,,Mischa Zverev,L,191,GER,20.559,76,509,4-6 6-3 6-2,3,Q1,88,10,3,72,52,44,10,14,0,1,8,3,88,58,39,15,13,9,12
2008-404,Indian Wells Masters,Hard,96,M,O,20080313,5,H756,,,Robin Haase,R,191,NED,20.936,82,493,L336,,,Harel Levy,R,185,ISR,29.604,161,277,6-1 4-6 7-5,3,Q1,106,7,1,85,53,42,17,14,1,2,0,0,92,60,44,10,15,5,9
2008-404,Indian Wells Masters,Hard,96,M,O,20080313,6,S636,,,Rainer Schuettler,R,180,GER,31.882,89,474,S673,,,Joseph Sirianni,R,178,AUS,33.153,158,280,6-4 6-2,3,Q1,68,4,3,53,26,23,16,9,2,2,1,6,46,25,20,8,9,1,4
2008-404,Indian Wells Masters,Hard,96,M,O,20080313,7,S963,,,Florent Serra,R,180,FRA,27.036,97,456,BA53,,,Jamie Baker,R,183,GBR,21.604,220,179,7-6(7) 6-1,3,Q1,87,3,2,72,40,28,17,10,2,4,1,2,66,49,28,8,9,5,9
2008-404,Indian Wells Masters,Hard,96,M,O,20080313,8,N291,,,Frederic Niemeyer,R,191,CAN,31.885,182,235,L290,8,,Nicolas Lapentti,R,188,ECU,31.581,99,444,6-3 7-6(4),3,Q1,105,9,2,78,54,43,13,11,4,4,4,2,79,48,34,16,10,7,8
2008-404,Indian Wells Masters,Hard,96,M,O,20080313,9,R483,,,Bobby Reynolds,R,183,USA,25.656,106,425,R628,,,Laurent Recouderc,R,,AND,23.674,181,235,6-0 6-4,3,Q1,56,12,1,43,30,25,7,8,3,4,1,0,53,31,16,8,8,2,7
2008-404,Indian Wells Masters,Hard,96,M,O,20080313,10,M836,,,Dominik Meffert,R,196,GER,26.927,184,234,D438,10,,Amer Delic,R,196,BIH,25.703,113,399,6-2 3-6 6-3,3,Q1,104,3,7,91,59,45,13,13,5,7,7,2,80,46,30,18,13,9,13
2008-404,Indian Wells Masters,Hard,96,M,O,20080313,11,M595,,,Max Mirnyi,R,196,BLR,30.686,206,200,G681,11,,Teymuraz Gabashvili,R,185,GEO,22.806,115,386,7-5 6-7(5) 6-4,3,Q1,152,7,3,103,66,53,19,17,3,5,2,4,104,73,50,16,17,6,10
2008-404,Indian Wells Masters,Hard,96,M,O,20080313,12,L575,,,Yen-Hsun Lu,R,180,TPE,24.58,117,380,BD00,,,Roman Borvanov,R,183,MDA,25.952,411,75,6-2 6-1,3,Q1,63,4,5,42,24,21,9,7,1,1,2,3,55,34,16,9,8,3,8
2008-404,Indian Wells Masters,Hard,96,M,O,20080313,13,C634,,,Paul Capdeville,R,191,CHI,24.947,118,378,H704,,,Jesse Huta Galung,R,,NED,22.434,186,227,6-2 6-2,3,Q1,65,4,0,40,23,19,12,8,0,1,1,0,56,29,14,12,8,7,12
2008-404,Indian Wells Masters,Hard,96,M,O,20080313,14,K448,14,,Robert Kendrick,R,191,USA,28.326,119,378,K512,,,Ivo Klec,R,183,SVK,27.288,242,168,4-6 6-1 6-1,3,Q1,72,9,3,57,33,29,16,12,0,1,2,1,75,42,27,16,12,8,13
2008-404,Indian Wells Masters,Hard,96,M,O,20080313,15,K403,,,Igor Kunitsyn,R,180,RUS,26.45,120,372,H442,,,Jan Hernych,R,188,CZE,28.684,170,253,6-1 6-3,3,Q1,68,1,1,41,27,24,6,8,1,2,0,2,54,30,15,12,8,2,7
2008-404,Indian Wells Masters,Hard,96,M,O,20080313,16,A678,16,,Kevin Anderson,R,203,RSA,21.821,121,367,E160,,,Konstantinos Economidis,R,188,GRE,30.36,176,245,6-4 6-3,3,Q1,64,6,1,52,35,27,9,9,5,6,0,2,49,27,18,9,10,0,4
2008-404,Indian Wells Masters,Hard,96,M,O,20080313,17,O234,,,Wayne Odesnik,L,180,USA,22.308,123,363,H377,,,Dominik Hrbaty,R,180,SVK,30.188,198,208,6-1 6-0,3,Q1,46,0,1,36,24,19,9,7,0,0,0,9,37,17,10,4,6,0,5
2008-404,Indian Wells Masters,Hard,96,M,O,20080313,18,N552,,,Kei Nishikori,R,178,JPN,18.204,126,360,B929,,,Alex Bogdanovic,L,183,GBR,23.808,180,237,6-4 4-6 7-5,3,Q1,132,10,5,95,56,41,15,16,10,16,4,4,99,68,41,11,16,6,13
2008-404,Indian Wells Masters,Hard,96,M,O,20080313,19,SG87,,,Ryan Sweeting,R,196,USA,20.665,268,147,J233,19,,Alun Jones,R,180,AUS,27.88,130,352,7-6(8) 6-2,3,Q1,79,5,1,61,41,36,11,10,1,1,4,2,63,40,30,11,10,0,2
2008-404,Indian Wells Masters,Hard,96,M,O,20080313,20,D424,,,Rik De Voest,R,180,RSA,27.77,135,330,D487,,,Lukas Dlouhy,R,185,CZE,24.928,174,248,6-3 6-1,3,Q1,45,2,2,37,24,23,9,8,0,0,3,8,54,28,18,10,8,4,8
2008-404,Indian Wells Masters,Hard,96,M,O,20080313,21,G725,,,Santiago Giraldo,R,188,COL,20.293,141,317,G414,,,Adrian Garcia,R,175,CHI,29.802,211,193,6-3 6-2,3,Q1,56,5,1,45,22,14,11,8,2,5,1,5,48,25,13,5,9,1,8
2008-404,Indian Wells Masters,Hard,96,M,O,20080313,22,B752,22,,Stephane Bohli,R,185,SUI,24.635,147,295,TA21,,,Ryan Thacher,R,,USA,18.434,,,6-4 7-6(7),3,Q1,102,5,1,72,44,33,14,11,3,6,10,5,81,39,26,18,11,4,8
2008-404,Indian Wells Masters,Hard,96,M,O,20080313,23,MB84,,,Mathieu Montcourt,R,183,FRA,23.025,208,198,K358,23,,Kevin Kim,R,180,USA,29.632,150,291,1-6 6-3 6-4,3,Q1,122,1,8,94,58,42,16,13,11,13,9,2,104,66,44,21,13,10,12
2008-404,Indian Wells Masters,Hard,96,M,O,20080313,24,V205,,,Dusan Vemic,R,188,SRB,31.737,154,288,MF57,,,Michael McClune,R,188,USA,18.557,387,83,6-7(4) 6-4 6-4,3,Q1,127,9,6,95,57,46,20,16,1,2,8,10,105,65,49,21,16,3,6
2008-404,Indian Wells Masters,Hard,96,M,O,20080313,25,O234,,,Wayne Odesnik,L,180,USA,22.308,123,363,F510,,,Fabio Fognini,R,178,ITA,20.805,75,511,6-1 6-2,3,Q2,62,0,1,42,31,27,6,8,2,2,0,3,44,22,13,7,7,4,8
2008-404,Indian Wells Masters,Hard,96,M,O,20080313,26,H756,,,Robin Haase,R,191,NED,20.936,82,493,A678,16,,Kevin Anderson,R,203,RSA,21.821,121,367,6-1 6-7(7) 6-4,3,Q2,132,5,2,92,56,41,20,14,0,1,10,3,108,71,49,12,15,4,9
2008-404,Indian Wells Masters,Hard,96,M,O,20080313,27,G725,,,Santiago Giraldo,R,188,COL,20.293,141,317,S636,,,Rainer Schuettler,R,180,GER,31.882,89,474,7-5 7-5,3,Q2,116,1,1,91,54,39,19,12,10,11,4,3,84,49,34,15,12,6,9
2008-404,Indian Wells Masters,Hard,96,M,O,20080313,28,S963,,,Florent Serra,R,180,FRA,27.036,97,456,SG87,,,Ryan Sweeting,R,196,USA,20.665,268,147,6-4 6-4,3,Q2,82,8,1,74,47,32,16,10,3,4,7,2,61,40,26,10,10,3,6
2008-404,Indian Wells Masters,Hard,96,M,O,20080313,29,R483,,,Bobby Reynolds,R,183,USA,25.656,106,425,K448,14,,Robert Kendrick,R,191,USA,28.326,119,378,7-6(3) 7-6(7),3,Q2,117,10,6,90,48,39,20,12,7,9,18,5,100,61,46,15,12,6,8
2008-404,Indian Wells Masters,Hard,96,M,O,20080313,30,L575,,,Yen-Hsun Lu,R,180,TPE,24.58,117,380,B752,22,,Stephane Bohli,R,185,SUI,24.635,147,295,6-4 3-6 6-2,3,Q2,112,3,4,73,38,31,20,13,2,4,10,4,95,56,36,21,14,6,10
2008-404,Indian Wells Masters,Hard,96,M,O,20080313,31,C634,,,Paul Capdeville,R,191,CHI,24.947,118,378,E254,,,Brendan Evans,R,188,USA,21.93,196,212,6-7(3) 6-1 6-4,3,Q2,121,9,2,90,60,48,17,15,2,2,12,3,103,65,49,16,14,3,6
2008-404,Indian Wells Masters,Hard,96,M,O,20080313,32,K403,,,Igor Kunitsyn,R,180,RUS,26.45,120,372,M759,,,Wesley Moodie,R,196,RSA,29.076,172,252,6-3 6-2,3,Q2,58,0,1,50,37,28,11,9,1,1,5,3,46,31,22,3,8,1,4
2008-404,Indian Wells Masters,Hard,96,M,O,20080313,33,N552,,,Kei Nishikori,R,178,JPN,18.204,126,360,N291,,,Frederic Niemeyer,R,191,CAN,31.885,182,235,5-7 7-5 6-4,3,Q2,163,3,4,129,85,52,24,17,8,12,8,6,126,72,49,22,17,8,13
2008-404,Indian Wells Masters,Hard,96,M,O,20080313,34,D424,,,Rik De Voest,R,180,RSA,27.77,135,330,M836,,,Dominik Meffert,R,196,GER,26.927,184,234,4-6 6-4 6-3,3,Q2,136,4,1,92,55,33,22,15,3,7,5,5,114,68,44,19,14,18,23
2008-404,Indian Wells Masters,Hard,96,M,O,20080313,35,V205,,,Dusan Vemic,R,188,SRB,31.737,154,288,J290,,,Scoville Jenkins,R,188,USA,21.47,266,147,6-4 3-6 7-6(3),3,Q2,159,4,4,113,79,55,19,15,11,13,12,4,104,69,52,16,16,11,13
2008-404,Indian Wells Masters,Hard,96,M,O,20080313,36,M595,,,Max Mirnyi,R,196,BLR,30.686,206,200,MB84,,,Mathieu Montcourt,R,183,FRA,23.025,208,198,7-5 7-5,3,Q2,107,14,2,61,37,32,16,12,0,1,0,6,84,59,40,9,12,4,7
2008-403,Miami Masters,Hard,96,M,O,20080327,1,L336,,,Harel Levy,R,185,ISR,29.643,159,277,D632,1,,Steve Darcis,R,175,BEL,24.038,47,745,6-1 6-2,3,Q1,47,3,2,46,30,20,12,7,2,2,3,1,43,23,13,6,8,5,10
2008-403,Miami Masters,Hard,96,M,O,20080327,2,G476,,,Guillermo Garcia-Lopez,R,185,ESP,24.813,62,573,E160,,,Konstantinos Economidis,R,188,GRE,30.398,175,242,6-1 6-1,3,Q1,49,5,1,34,21,19,9,7,0,0,0,3,59,40,17,8,7,5,10
2008-403,Miami Masters,Hard,96,M,O,20080327,3,G621,3,,Chris Guccione,L,201,AUS,22.658,68,553,E698,,,Gastao Elias,R,180,POR,17.339,617,33,7-6(3) 6-1,3,Q1,69,10,0,55,35,27,15,10,0,1,2,2,59,22,16,18,9,2,5
2008-403,Miami Masters,Hard,96,M,O,20080327,4,G725,,,Santiago Giraldo,R,188,COL,20.331,169,252,Z168,4,,Mischa Zverev,L,191,GER,20.597,79,509,7-5 6-3,3,Q1,73,2,0,62,43,35,11,11,3,3,7,2,68,41,34,9,10,8,10
2008-403,Miami Masters,Hard,96,M,O,20080327,5,H756,,,Robin Haase,R,191,NED,20.975,59,582,D424,,,Rik De Voest,R,180,RSA,27.808,131,350,6-4 6-0,3,Q1,64,0,2,50,31,20,14,8,2,3,2,0,61,41,19,9,8,2,7
2008-403,Miami Masters,Hard,96,M,O,20080327,6,Y124,6,,Donald Young,L,183,USA,18.678,77,511,M759,,,Wesley Moodie,R,196,RSA,29.114,180,230,6-1 RET,3,Q1,17,2,0,19,12,10,6,4,0,0,0,1,17,14,7,0,3,2,4
2008-403,Miami Masters,Hard,96,M,O,20080327,7,MA41,,,Ivo Minar,R,183,CZE,23.849,86,488,BE90,,,Ricardas Berankis,R,175,LTU,17.766,633,31,6-2 6-4,3,Q1,65,6,1,49,30,24,13,9,1,1,2,6,71,42,27,14,9,10,13
2008-403,Miami Masters,Hard,96,M,O,20080327,8,C882,,,Pablo Cuevas,R,180,URU,22.234,96,464,H704,,,Jesse Huta Galung,R,,NED,22.472,190,218,6-4 7-6(4),3,Q1,98,4,4,80,51,28,19,11,3,6,3,2,68,36,24,13,11,6,10
2008-403,Miami Masters,Hard,96,M,O,20080327,9,D487,,,Lukas Dlouhy,R,185,CZE,24.966,176,241,L290,9,,Nicolas Lapentti,R,188,ECU,31.619,99,444,7-5 5-7 6-4,3,Q1,151,5,2,106,78,50,14,17,4,9,4,3,106,73,44,16,17,7,13
2008-403,Miami Masters,Hard,96,M,O,20080327,10,H502,,,Diego Hartfield,R,185,ARG,27.151,134,335,M655,11,,Nicolas Massu,R,183,CHI,28.463,109,411,3-6 6-1 6-4,3,Q1,120,5,5,76,47,35,17,13,5,7,6,10,102,55,40,17,13,10,14
2008-403,Miami Masters,Hard,96,M,O,20080327,11,G512,12,,Denis Gremelmayr,L,183,GER,26.612,103,427,W373,,,Jimmy Wang,R,180,TPE,23.129,153,283,6-1 6-3,3,Q1,45,4,2,43,25,20,9,8,0,1,0,3,43,22,11,6,8,1,6
2008-403,Miami Masters,Hard,96,M,O,20080327,12,W361,,,Sam Warburg,R,191,USA,24.912,157,278,B764,13,,Juan Pablo Brzezicki,R,178,ARG,25.958,117,381,7-6(1) 6-3,3,Q1,108,6,4,75,48,34,11,10,6,9,1,2,72,50,27,10,11,4,9
2008-403,Miami Masters,Hard,96,M,O,20080327,13,R483,,,Bobby Reynolds,R,183,USA,25.695,104,425,BC68,,,Philip Bester,R,188,CAN,19.472,680,26,6-3 6-1,3,Q1,52,8,1,40,28,25,9,8,1,1,1,1,47,25,16,9,8,3,7
2008-403,Miami Masters,Hard,96,M,O,20080327,14,B896,,,Benjamin Becker,R,178,GER,26.779,108,416,W254,,,Peter Wessels,R,196,NED,29.889,161,271,4-6 6-3 7-5,3,Q1,100,15,2,89,48,40,25,16,3,4,12,2,92,64,43,19,15,5,7
2008-403,Miami Masters,Hard,96,M,O,20080327,15,V205,,,Dusan Vemic,R,188,SRB,31.775,152,284,D438,16,,Amer Delic,R,196,BIH,25.741,112,399,6-7(6) 6-3 6-4,3,Q1,127,5,2,106,80,66,9,16,8,9,5,2,85,61,48,10,15,0,3
2008-403,Miami Masters,Hard,96,M,O,20080327,16,J233,,,Alun Jones,R,180,AUS,27.918,132,347,G681,17,,Teymuraz Gabashvili,R,185,GEO,22.845,129,354,7-5 3-6 6-2,3,Q1,151,4,1,88,58,40,18,14,6,8,7,5,119,67,44,24,15,13,17
2008-403,Miami Masters,Hard,96,M,O,20080327,17,T840,,,Viktor Troicki,R,193,SRB,22.125,119,378,B929,,,Alex Bogdanovic,L,183,GBR,23.847,179,234,6-4 3-6 6-1,3,Q1,124,4,3,92,61,41,12,13,6,10,1,1,84,66,34,10,13,6,12
2008-403,Miami Masters,Hard,96,M,O,20080327,18,L575,,,Yen-Hsun Lu,R,180,TPE,24.619,114,395,MA30,,,Gilles Muller,L,193,LUX,24.884,143,315,6-3 6-4,3,Q1,79,7,2,54,33,27,14,10,0,0,10,2,62,41,29,9,9,2,4
2008-403,Miami Masters,Hard,96,M,O,20080327,19,C634,20,,Paul Capdeville,R,191,CHI,24.986,118,378,H940,,,Ryan Harrison,R,185,USA,15.888,1285,3,6-4 7-5,3,Q1,69,4,3,62,41,31,11,11,2,4,3,1,65,31,19,16,11,5,9
2008-403,Miami Masters,Hard,96,M,O,20080327,20,SG87,,,Ryan Sweeting,R,196,USA,20.704,265,150,K448,21,,Robert Kendrick,R,191,USA,28.364,115,391,6-4 3-6 6-4,3,Q1,107,4,7,95,58,43,21,14,7,8,15,3,83,54,44,14,15,2,4
2008-403,Miami Masters,Hard,96,M,O,20080327,21,K403,,,Igor Kunitsyn,R,180,RUS,26.489,121,377,P624,,,Philipp Petzschner,R,185,GER,24.008,125,363,6-4 6-1,3,Q1,64,2,3,49,28,23,12,9,3,4,2,6,56,29,20,8,8,6,10
2008-403,Miami Masters,Hard,96,M,O,20080327,22,A678,,,Kevin Anderson,R,203,RSA,21.859,122,370,K358,,,Kevin Kim,R,180,USA,29.67,151,291,6-2 6-3,3,Q1,71,8,3,56,40,31,7,9,2,2,2,6,44,22,16,9,8,2,5
2008-403,Miami Masters,Hard,96,M,O,20080327,23,O234,24,,Wayne Odesnik,L,180,USA,22.346,116,384,L797,,,Lukas Lacko,R,188,SVK,20.397,150,293,6-3 6-1,3,Q1,70,1,3,52,29,22,12,8,6,7,3,0,55,30,16,9,8,4,9
2008-403,Miami Masters,Hard,96,M,O,20080327,24,B752,,,Stephane Bohli,R,185,SUI,24.674,170,249,M595,,,Max Mirnyi,R,196,BLR,30.724,188,220,6-4 6-2,3,Q1,71,2,5,48,28,24,11,9,1,2,6,4,54,28,19,10,9,5,9
2008-403,Miami Masters,Hard,96,M,O,20080327,25,B896,,,Benjamin Becker,R,178,GER,26.779,108,416,G476,,,Guillermo Garcia-Lopez,R,185,ESP,24.813,62,573,6-4 6-2,3,Q2,78,7,0,52,28,23,16,9,2,2,4,5,70,38,27,13,9,7,10
2008-403,Miami Masters,Hard,96,M,O,20080327,26,W361,,,Sam Warburg,R,191,USA,24.912,157,278,G621,3,,Chris Guccione,L,201,AUS,22.658,68,553,7-6(4) 6-2,3,Q2,96,8,2,84,57,38,15,10,10,10,13,4,67,44,28,13,10,3,5
2008-403,Miami Masters,Hard,96,M,O,20080327,27,H756,,,Robin Haase,R,191,NED,20.975,59,582,V205,,,Dusan Vemic,R,188,SRB,31.775,152,284,6-4 6-3,3,Q2,68,2,1,55,43,32,8,9,4,4,1,0,48,35,25,8,10,2,5
2008-403,Miami Masters,Hard,96,M,O,20080327,28,R483,,,Bobby Reynolds,R,183,USA,25.695,104,425,Y124,6,,Donald Young,L,183,USA,18.678,77,511,6-3 7-5,3,Q2,74,5,0,58,41,36,6,11,0,1,1,2,66,38,26,13,10,3,6
2008-403,Miami Masters,Hard,96,M,O,20080327,29,MA41,,,Ivo Minar,R,183,CZE,23.849,86,488,C634,20,,Paul Capdeville,R,191,CHI,24.986,118,378,6-3 6-4,3,Q2,70,5,1,65,44,33,13,10,1,1,7,1,52,37,29,5,9,0,2
2008-403,Miami Masters,Hard,96,M,O,20080327,30,C882,,,Pablo Cuevas,R,180,URU,22.234,96,464,J233,,,Alun Jones,R,180,AUS,27.918,132,347,6-4 6-4,3,Q2,77,8,2,68,48,34,10,10,4,5,2,2,57,40,24,12,10,2,5
2008-403,Miami Masters,Hard,96,M,O,20080327,31,K403,,,Igor Kunitsyn,R,180,RUS,26.489,121,377,G512,12,,Denis Gremelmayr,L,183,GER,26.612,103,427,6-1 6-2,3,Q2,53,3,0,43,19,16,14,8,2,3,2,1,38,24,11,3,7,2,7
2008-403,Miami Masters,Hard,96,M,O,20080327,32,T840,,,Viktor Troicki,R,193,SRB,22.125,119,378,B752,,,Stephane Bohli,R,185,SUI,24.674,170,249,3-6 7-6(3) 6-4,3,Q2,148,9,1,106,74,50,21,15,6,8,2,5,104,57,41,27,16,2,4
2008-403,Miami Masters,Hard,96,M,O,20080327,33,L575,,,Yen-Hsun Lu,R,180,TPE,24.619,114,395,D487,,,Lukas Dlouhy,R,185,CZE,24.966,176,241,6-7(2) 7-6(3) 6-3,3,Q2,154,2,7,113,63,43,21,16,10,16,6,9,126,76,39,24,17,9,17
2008-403,Miami Masters,Hard,96,M,O,20080327,34,A678,,,Kevin Anderson,R,203,RSA,21.859,122,370,L336,,,Harel Levy,R,185,ISR,29.643,159,277,6-3 7-5,3,Q2,77,8,2,66,44,33,8,11,0,2,1,0,59,41,23,9,10,4,8
2008-403,Miami Masters,Hard,96,M,O,20080327,35,G725,,,Santiago Giraldo,R,188,COL,20.331,169,252,O234,24,,Wayne Odesnik,L,180,USA,22.346,116,384,6-4 7-5,3,Q2,101,4,3,61,36,25,10,11,1,5,0,5,78,44,23,16,11,5,11
2008-403,Miami Masters,Hard,96,M,O,20080327,36,SG87,,,Ryan Sweeting,R,196,USA,20.704,265,150,H502,,,Diego Hartfield,R,185,ARG,27.151,134,335,3-6 6-3 6-0,3,Q2,91,6,4,72,44,33,14,12,2,4,7,4,82,55,31,13,12,4,9
2008-468,Estoril,Clay,32,250,O,20080414,1,Z104,,,Lovro Zovko,R,191,CRO,27.075,463,60,R383,1,,Ruben Ramirez Hidalgo,R,183,ESP,30.27,133,332,2-6 7-5 7-6(4),3,Q1,162,4,6,116,68,37,22,16,10,17,9,7,97,62,43,11,16,6,12
2008-468,Estoril,Clay,32,250,O,20080414,2,SH90,,,Joao Sousa,R,185,POR,19.042,744,20,G806,2,,Andrey Golubev,R,180,KAZ,20.731,136,325,6-3 7-6(4),3,Q1,89,2,3,81,49,37,18,11,3,4,1,1,71,47,28,16,10,1,3
2008-468,Estoril,Clay,32,250,O,20080414,3,M760,,,Oliver Marach,R,185,AUT,27.745,164,252,G711,,,Tiago Godinho,,,POR,23.669,,,6-2 6-1,3,Q1,59,7,1,37,18,17,12,7,2,2,4,2,55,26,13,13,8,3,8
2008-468,Estoril,Clay,32,250,O,20080414,4,P467,4,,Alexander Peya,R,183,AUT,27.797,193,205,PC39,,,Vasco Pascoal,,,PRT,19.395,,,6-0 6-2,3,Q1,55,3,3,50,29,25,9,7,1,1,0,2,39,23,9,6,7,3,8
2008-468,Estoril,Clay,32,250,O,20080414,5,K596,,,Alexander Kudryavtsev,R,183,RUS,22.467,212,187,CA42,,,Carlos Calderon-Rodriguez,R,,ESP,20.071,1338,3,6-1 6-2,3,Q1,49,9,7,66,39,31,12,8,4,4,0,3,36,22,14,4,7,1,5
2008-468,Estoril,Clay,32,250,O,20080414,6,SC19,,,Jose Antonio Sanchez-de Luna,R,,ESP,23.488,301,120,N233,6,,Dick Norman,L,203,BEL,37.123,219,178,6-4 6-2,3,Q1,76,6,3,60,40,27,10,9,5,7,2,2,69,49,25,7,9,6,11
2008-468,Estoril,Clay,32,250,O,20080414,7,V339,7,,Simone Vagnozzi,R,,ITA,24.876,296,124,C853,,,Pedro Clar-Rossello,R,,ESP,22.223,469,60,6-2 4-6 6-3,3,Q1,137,0,0,87,67,37,13,13,3,7,4,4,93,61,32,13,14,6,13
2008-468,Estoril,Clay,32,250,O,20080414,8,D646,8,,Ivan Dodig,R,183,CRO,23.28,295,124,C445,,,Frantisek Cermak,R,193,CZE,31.414,869,12,7-6(7) 6-2,3,Q1,101,3,2,73,43,26,13,10,6,10,1,8,75,38,20,16,10,4,10
2008-468,Estoril,Clay,32,250,O,20080414,9,A874,,,Miguel Almeida,,,PRT,15.792,,,F253,,,Joao Ferreira,R,,PRT,22.031,,,6-3 6-4,3,Q1,83,1,0,79,53,34,16,10,9,10,1,0,59,42,26,8,9,2,5
2008-468,Estoril,Clay,32,250,O,20080414,10,A564,,,Hugo Anao,,,PRT,,,,SA77,,,Jose Pedro Silva,,,PRT,24.821,,,6-3 6-1,3,Q1,87,5,4,62,32,24,14,8,6,7,0,5,46,24,11,9,8,1,6
2008-468,Estoril,Clay,32,250,O,20080414,11,BC62,,,Enrico Burzi,R,178,ITA,27.247,400,75,C993,,,Ignacio Coll-Riudavets,,,ESP,20.608,470,60,6-4 3-6 7-6(4),3,Q1,166,2,6,105,65,37,17,15,5,11,0,6,113,74,39,20,16,8,14
2008-468,Estoril,Clay,32,250,O,20080414,12,G571,,,Jose-Manuel Garcia-Rodriguez,,,ESP,27.121,1232,4,D928,,,Francisco Dias,R,183,PRT,15.953,,,6-4 6-2,3,Q1,78,0,2,60,46,29,10,9,4,5,2,4,56,39,20,9,9,1,5
2008-468,Estoril,Clay,32,250,O,20080414,13,N437,,,Gianluca Naso,R,193,ITA,21.27,316,110,T963,,,Martin Trueva,R,,PRT,16.569,,,6-2 6-0,3,Q1,45,2,1,38,24,21,10,7,0,0,0,1,45,30,12,8,7,2,7
2008-468,Estoril,Clay,32,250,O,20080414,14,S483,,,Pedro Sousa,R,180,POR,19.882,1307,3,F607,,,Goncalo Falcao,R,,PRT,20.142,,,6-0 6-2,3,Q1,56,2,1,38,15,13,15,7,0,0,0,4,48,25,12,8,7,3,8
2008-468,Estoril,Clay,32,250,O,20080414,15,V377,,,Adam Vejmelka,,,CZE,22.579,337,99,N605,,,Jose-Ricardo Nunes,,,PRT,21.725,1803,1,6-1 6-0,3,Q1,48,9,1,32,17,15,11,6,1,1,0,4,46,24,10,5,7,3,9
2008-468,Estoril,Clay,32,250,O,20080414,16,Y150,,,Juan-Pablo Yunis,R,,ARG,21.01,1188,5,SG16,,,Matias Saenz,,,ARG,21.062,1134,6,7-6(5) 6-1,3,Q1,87,1,6,67,40,29,14,9,4,5,1,1,63,43,31,5,10,1,5
2008-468,Estoril,Clay,32,250,O,20080414,17,M760,,,Oliver Marach,R,185,AUT,27.745,164,252,A874,,,Miguel Almeida,,,PRT,15.792,,,6-2 6-3,3,Q2,67,6,2,46,23,17,11,8,1,4,0,1,53,33,14,7,9,4,11
2008-468,Estoril,Clay,32,250,O,20080414,18,N437,,,Gianluca Naso,R,193,ITA,21.27,316,110,P467,4,,Alexander Peya,R,183,AUT,27.797,193,205,2-6 6-1 6-4,3,Q2,107,1,1,77,48,34,14,13,3,6,2,4,80,54,37,7,12,6,10
2008-468,Estoril,Clay,32,250,O,20080414,19,K596,,,Alexander Kudryavtsev,R,183,RUS,22.467,212,187,A564,,,Hugo Anao,,,PRT,,,,6-3 6-3,3,Q2,73,2,1,51,39,28,6,9,5,7,1,3,58,41,19,9,9,4,9
2008-468,Estoril,Clay,32,250,O,20080414,20,V339,7,,Simone Vagnozzi,R,,ITA,24.876,296,124,BC62,,,Enrico Burzi,R,178,ITA,27.247,400,75,6-3 5-7 6-3,3,Q2,150,0,2,95,74,49,8,15,3,7,2,6,105,66,39,17,15,4,10
2008-468,Estoril,Clay,32,250,O,20080414,21,D646,8,,Ivan Dodig,R,183,CRO,23.28,295,124,G571,,,Jose-Manuel Garcia-Rodriguez,,,ESP,27.121,1232,4,6-2 6-3,3,Q2,69,3,4,51,28,25,13,9,0,0,0,5,44,27,17,7,8,3,6
2008-468,Estoril,Clay,32,250,O,20080414,22,S483,,,Pedro Sousa,R,180,POR,19.882,1307,3,SC19,,,Jose Antonio Sanchez-de Luna,R,,ESP,23.488,301,120,6-3 1-6 7-6(7),3,Q2,125,1,6,104,59,36,18,14,4,10,1,4,103,67,42,13,14,8,13
2008-468,Estoril,Clay,32,250,O,20080414,23,SH90,,,Joao Sousa,R,185,POR,19.042,744,20,V377,,,Adam Vejmelka,,,CZE,22.579,337,99,6-7(4) 6-1 6-3,3,Q2,126,4,8,85,45,34,14,14,1,5,4,4,105,66,32,19,14,9,17
2008-468,Estoril,Clay,32,250,O,20080414,24,Z104,,,Lovro Zovko,R,191,CRO,27.075,463,60,Y150,,,Juan-Pablo Yunis,R,,ARG,21.01,1188,5,6-4 7-5,3,Q2,102,4,3,57,31,25,13,11,1,4,2,6,72,31,19,18,11,4,9
2008-468,Estoril,Clay,32,250,O,20080414,25,M760,,,Oliver Marach,R,185,AUT,27.745,164,252,V339,7,,Simone Vagnozzi,R,,ITA,24.876,296,124,5-7 6-3 7-5,3,Q3,172,7,10,104,45,36,23,16,7,12,0,1,125,98,58,10,17,13,20
2008-468,Estoril,Clay,32,250,O,20080414,26,K596,,,Alexander Kudryavtsev,R,183,RUS,22.467,212,187,Z104,,,Lovro Zovko,R,191,CRO,27.075,463,60,6-4 6-1,3,Q3,59,5,4,45,24,20,11,8,3,4,6,2,61,34,19,10,9,3,8
2008-468,Estoril,Clay,32,250,O,20080414,27,N437,,,Gianluca Naso,R,193,ITA,21.27,316,110,D646,8,,Ivan Dodig,R,183,CRO,23.28,295,124,7-6(4) 6-1,3,Q3,85,3,1,68,35,28,23,10,3,3,6,3,56,29,18,16,9,5,7
2008-468,Estoril,Clay,32,250,O,20080414,28,SH90,,,Joao Sousa,R,185,POR,19.042,744,20,S483,,,Pedro Sousa,R,180,POR,19.882,1307,3,6-2 6-3,3,Q3,63,4,3,53,30,20,12,9,2,5,1,2,42,17,10,5,8,2,8
2008-573,Valencia,Clay,32,250,O,20080414,1,R336,,,Christophe Rochus,R,170,BEL,29.331,141,309,O327,,,Guillermo Olaso,R,175,ESP,20.055,414,72,6-1 6-3,3,Q1,76,4,0,47,30,17,8,8,1,4,0,2,80,50,26,7,8,11,18
2008-573,Valencia,Clay,32,250,O,20080414,2,A596,,,Pablo Andujar,R,180,ESP,22.223,147,294,C866,,,Jose Checa-Calvo,R,191,ESP,23.034,828,14,6-0 6-4,3,Q1,70,0,2,52,43,30,5,8,4,5,1,2,49,31,20,3,8,7,12
2008-573,Valencia,Clay,32,250,O,20080414,3,V205,3,,Dusan Vemic,R,188,SRB,31.825,161,267,PA07,,,Sergio Perez-Perez,,,ESP,23.726,627,32,6-3 6-2,3,Q1,75,5,2,53,34,27,11,9,4,5,1,6,63,38,19,13,8,6,10
2008-573,Valencia,Clay,32,250,O,20080414,4,L702,4,,Mikhail Ledovskikh,R,188,RUS,21.684,151,287,M812,,,Gustavo Marcaccio,R,170,ARG,30.949,350,92,6-4 4-6 6-4,3,Q1,135,11,4,87,41,29,27,15,3,6,1,1,91,50,31,22,15,3,7
2008-573,Valencia,Clay,32,250,O,20080414,5,MB53,5,,Adrian Menendez-Maceiras,R,183,ESP,22.461,190,210,R775,,,Artur Romanowski,,,POL,21.207,,,6-2 6-1,3,Q1,53,2,2,37,22,18,10,7,0,0,1,0,46,19,12,9,8,0,5
2008-573,Valencia,Clay,32,250,O,20080414,6,R750,6,,Pere Riba,R,183,ESP,20.019,234,167,G608,,,Javier Genaro-Martinez,,,ESP,28.956,408,73,6-2 7-5,3,Q1,82,3,1,59,34,23,14,10,4,6,0,3,71,52,27,8,10,8,13
2008-573,Valencia,Clay,32,250,O,20080414,7,L513,,,Miguel Angel Lopez Jaen,R,188,ESP,25.374,268,136,D361,,,Massimo Dell'Acqua,R,193,ITA,28.605,475,58,6-4 6-4,3,Q1,74,2,1,54,35,26,13,10,0,1,8,6,67,43,29,11,10,3,6
2008-573,Valencia,Clay,32,250,O,20080414,8,M984,,,David Marrero,R,183,ESP,28.016,270,134,P728,,,Morgan Phillips,,,GBR,23.808,1487,1,6-4 6-2,3,Q1,88,3,3,54,31,22,15,9,1,2,1,2,76,44,24,16,9,6,10
2008-573,Valencia,Clay,32,250,O,20080414,9,BD06,,,Roberto Bautista Agut,R,183,ESP,20,481,57,L968,,,Juan Lopez Vico,,,ESP,19.274,1487,1,6-2 6-0,3,Q1,48,1,2,36,16,14,14,7,0,0,0,2,45,20,11,8,7,3,8
2008-573,Valencia,Clay,32,250,O,20080414,10,BE81,,,Alen Bisevac,,,AUT,19.154,,,GA03,,,Antoni Gomez,,,ESP,18.897,,,6-0 6-3,3,Q1,75,2,1,56,34,26,12,8,4,4,2,3,45,17,10,11,7,2,6
2008-573,Valencia,Clay,32,250,O,20080414,11,E243,,,David Estruch,,,ESP,22.735,1022,8,CD13,,,Ignacio Carbonell,,,ESP,,,,6-1 6-0,3,Q1,52,0,3,31,13,11,13,6,0,0,0,5,51,29,13,6,7,6,12
2008-573,Valencia,Clay,32,250,O,20080414,12,PC70,,,Marcelo Palacios-Siegenthale,,,ESP,19.097,1828,1,PA94,,,Javier Peris,,,ESP,,,,6-2 6-2,3,Q1,76,0,4,61,30,19,16,8,7,9,1,5,54,16,10,12,8,5,11
2008-573,Valencia,Clay,32,250,O,20080414,13,R772,,,Albert Ramos-Vinolas,L,188,ESP,20.241,703,24,SI06,,,Antonio Sancic,R,180,CRO,19.389,1244,4,7-5 7-6(5),3,Q1,110,0,5,82,40,24,23,12,1,4,5,1,80,44,29,15,12,6,10
2008-573,Valencia,Clay,32,250,O,20080414,14,R709,,,Bruno Rodriguez,,,MEX,21.462,409,73,R843,,,Vitor Requiao,,,BRA,19.803,,,6-3 6-3,3,Q1,86,1,1,51,27,18,16,9,4,6,1,2,69,39,22,13,9,10,15
2008-573,Valencia,Clay,32,250,O,20080414,15,R640,,,Hector Ruiz-Cadenas,,,ESP,24.966,328,104,L596,,,Komlavi Loglo,R,183,TOG,23.288,441,66,6-4 6-2,3,Q1,69,3,1,55,36,26,11,9,1,2,1,6,59,29,19,13,9,6,10
2008-573,Valencia,Clay,32,250,O,20080414,16,V571,,,Andoni Vivanco-Guzman,,,ESP,17.498,1460,2,R757,,,Amador Romero-Torres,,,ESP,22.226,1344,3,6-4 6-4,3,Q1,82,1,2,58,29,20,14,10,2,5,0,6,54,27,18,12,10,3,8
2008-573,Valencia,Clay,32,250,O,20080414,17,R336,,,Christophe Rochus,R,170,BEL,29.331,141,309,BD06,,,Roberto Bautista Agut,R,183,ESP,20,481,57,6-3 6-1,3,Q2,67,1,3,48,28,21,12,8,0,0,4,3,70,51,27,8,8,9,13
2008-573,Valencia,Clay,32,250,O,20080414,18,A596,,,Pablo Andujar,R,180,ESP,22.223,147,294,R772,,,Albert Ramos-Vinolas,L,188,ESP,20.241,703,24,6-0 6-2,3,Q2,57,0,1,45,35,23,5,7,4,5,0,0,37,28,10,1,7,2,8
2008-573,Valencia,Clay,32,250,O,20080414,19,V205,3,,Dusan Vemic,R,188,SRB,31.825,161,267,BE81,,,Alen Bisevac,,,AUT,19.154,,,6-1 7-6(8),3,Q2,109,3,3,56,39,26,12,9,0,1,0,4,88,54,30,18,10,8,12
2008-573,Valencia,Clay,32,250,O,20080414,20,L702,4,,Mikhail Ledovskikh,R,188,RUS,21.684,151,287,R640,,,Hector Ruiz-Cadenas,,,ESP,24.966,328,104,6-4 6-1,3,Q2,68,9,1,52,32,25,12,8,4,4,7,2,69,39,26,10,9,9,13
2008-573,Valencia,Clay,32,250,O,20080414,21,MB53,5,,Adrian Menendez-Maceiras,R,183,ESP,22.461,190,210,V571,,,Andoni Vivanco-Guzman,,,ESP,17.498,1460,2,6-2 6-4,3,Q2,65,5,0,48,32,28,10,9,3,3,3,1,49,26,18,10,9,0,3
2008-573,Valencia,Clay,32,250,O,20080414,22,R750,6,,Pere Riba,R,183,ESP,20.019,234,167,E243,,,David Estruch,,,ESP,22.735,1022,8,6-1 6-2,3,Q2,58,1,2,44,26,20,13,8,0,0,0,2,48,30,15,7,7,2,6
2008-573,Valencia,Clay,32,250,O,20080414,23,L513,,,Miguel Angel Lopez Jaen,R,188,ESP,25.374,268,136,R709,,,Bruno Rodriguez,,,MEX,21.462,409,73,6-2 3-6 7-6(5),3,Q2,133,7,4,94,53,35,23,14,3,6,4,2,98,64,45,16,15,9,13
2008-573,Valencia,Clay,32,250,O,20080414,24,M984,,,David Marrero,R,183,ESP,28.016,270,134,PC70,,,Marcelo Palacios-Siegenthale,,,ESP,19.097,1828,1,6-4 6-1,3,Q2,58,3,1,48,25,20,13,8,0,1,0,6,54,30,17,10,9,5,10
2008-573,Valencia,Clay,32,250,O,20080414,25,R336,,,Christophe Rochus,R,170,BEL,29.331,141,309,R750,6,,Pere Riba,R,183,ESP,20.019,234,167,6-4 7-6(5),3,Q3,102,5,3,73,43,31,17,11,1,3,11,3,84,49,34,14,11,5,8
2008-573,Valencia,Clay,32,250,O,20080414,26,A596,,,Pablo Andujar,R,180,ESP,22.223,147,294,MB53,5,,Adrian Menendez-Maceiras,R,183,ESP,22.461,190,210,6-0 6-2,3,Q3,71,1,0,41,34,23,4,7,3,4,2,1,55,34,13,8,7,8,14
2008-573,Valencia,Clay,32,250,O,20080414,27,L513,,,Miguel Angel Lopez Jaen,R,188,ESP,25.374,268,136,V205,3,,Dusan Vemic,R,188,SRB,31.825,161,267,6-2 6-4,3,Q3,84,5,1,71,42,33,13,9,5,5,6,2,55,36,21,10,9,4,7
2008-573,Valencia,Clay,32,250,O,20080414,28,M984,,,David Marrero,R,183,ESP,28.016,270,134,L702,4,,Mikhail Ledovskikh,R,188,RUS,21.684,151,287,6-3 6-2,3,Q3,65,3,1,57,38,29,12,9,2,2,8,0,48,23,18,10,8,3,6
2008-717,Houston,Clay,32,250,O,20080414,1,V195,,,Fernando Vicente,R,180,ESP,31.102,169,239,T213,,,Jim Thomas,R,193,USA,33.555,,,6-3 6-2,3,Q1,75,3,1,56,38,26,13,9,1,1,0,3,57,37,24,8,8,6,9
2008-717,Houston,Clay,32,250,O,20080414,2,H940,,,Ryan Harrison,R,185,USA,15.937,1277,3,K409,4,,Phillip King,R,175,USA,26.319,348,92,6-1 6-2,3,Q1,66,2,7,66,33,24,18,8,6,6,1,2,49,29,15,10,7,5,9
2008-717,Houston,Clay,32,250,O,20080414,3,SF76,5,,Franko Skugor,R,196,CRO,20.567,387,79,J390,,,Sydney Jim,R,,USA,24.808,,,6-1 6-1,3,Q1,48,2,0,33,17,15,13,7,0,0,0,5,46,28,15,5,7,5,10
2008-717,Houston,Clay,32,250,O,20080414,4,W413,6,,Chris Wettengel,,,USA,25.993,678,26,BE04,,,Patrick Briaud,,,USA,25.185,,,4-6 6-2 2-0 RET,3,Q1,118,0,8,68,33,25,15,10,7,11,3,4,101,67,36,13,10,13,19
2008-717,Houston,Clay,32,250,O,20080414,5,R254,7,,Alexander Reichel,R,193,USA,37.117,1009,8,F719,,,Harry Fowler,,,USA,16.309,,,6-3 6-0,3,Q1,69,8,7,78,48,35,11,8,7,8,0,3,41,18,6,11,7,4,9
2008-717,Houston,Clay,32,250,O,20080414,6,L580,8,,Scott Lipsky,R,185,USA,26.667,1137,5,C944,,,Evghenii Corduneanu,,,MDA,25.002,,,6-2 6-2,3,Q1,59,3,3,59,35,26,13,8,2,2,3,0,51,34,21,7,8,3,7
2008-717,Houston,Clay,32,250,O,20080414,7,H502,,,Diego Hartfield,R,185,ARG,27.201,137,323,SF76,5,,Franko Skugor,R,196,CRO,20.567,387,79,6-2 3-6 6-3,3,Q2,119,1,4,87,61,42,12,13,5,8,3,1,78,44,23,20,13,5,10
2008-717,Houston,Clay,32,250,O,20080414,8,L336,,,Harel Levy,R,185,ISR,29.692,167,249,L580,8,,Scott Lipsky,R,185,USA,26.667,1137,5,7-5 6-7(3) 6-2,3,Q2,114,5,1,104,64,43,24,16,3,5,3,9,106,56,40,23,16,2,7
2008-717,Houston,Clay,32,250,O,20080414,9,V195,,,Fernando Vicente,R,180,ESP,31.102,169,239,W413,6,,Chris Wettengel,,,USA,25.993,678,26,6-3 6-3,3,Q2,81,4,3,62,35,28,7,9,5,8,1,3,63,36,15,13,9,3,9
2008-717,Houston,Clay,32,250,O,20080414,10,H940,,,Ryan Harrison,R,185,USA,15.937,1277,3,R254,7,,Alexander Reichel,R,193,USA,37.117,1009,8,6-1 6-4,3,Q2,66,3,2,52,21,16,17,9,3,5,2,5,54,30,17,8,8,3,8
2008-410,Monte Carlo Masters,Clay,56,M,O,20080420,1,G436,,,Marc Gicquel,R,188,FRA,31.058,55,630,H377,,,Dominik Hrbaty,R,180,SVK,30.292,195,203,6-4 6-0,3,Q1,73,2,2,46,25,20,13,8,0,0,1,4,68,44,23,12,8,3,7
2008-410,Monte Carlo Masters,Clay,56,M,O,20080420,2,B747,2,,Julien Benneteau,R,185,FRA,26.333,56,603,G753,,,David Guez,R,185,FRA,25.366,168,243,6-2 6-1,3,Q1,65,5,2,52,33,23,11,7,3,4,0,2,46,25,14,6,8,1,7
2008-410,Monte Carlo Masters,Clay,56,M,O,20080420,3,L290,,,Nicolas Lapentti,R,188,ECU,31.685,98,444,B446,3,,Jonas Bjorkman,R,183,SWE,36.077,57,595,6-2 7-5,3,Q1,102,0,3,67,42,33,10,10,4,6,0,2,61,34,19,12,10,5,10
2008-410,Monte Carlo Masters,Clay,56,M,O,20080420,4,M824,5,,Albert Montanes,R,175,ESP,27.398,59,591,G681,,,Teymuraz Gabashvili,R,185,GEO,22.91,129,334,6-3 6-0,3,Q1,68,2,2,36,25,21,7,7,0,0,2,4,61,29,15,12,8,4,9
2008-410,Monte Carlo Masters,Clay,56,M,O,20080420,5,BA98,,,Simone Bolelli,R,183,ITA,22.533,64,566,S809,,,Yuri Schukin,R,185,KAZ,28.819,128,340,6-2 3-6 6-1,3,Q1,105,1,2,71,57,35,6,12,5,9,1,6,84,48,25,13,12,9,16
2008-410,Monte Carlo Masters,Clay,56,M,O,20080420,6,G476,7,,Guillermo Garcia-Lopez,R,185,ESP,24.879,65,561,P488,,,Olivier Patience,R,180,FRA,28.071,119,373,7-5 6-4,3,Q1,101,1,3,69,39,23,16,11,2,6,1,1,73,46,24,11,11,8,14
2008-410,Monte Carlo Masters,Clay,56,M,O,20080420,7,C723,,,Flavio Cipolla,R,173,ITA,24.501,127,353,C487,8,,Arnaud Clement,R,173,FRA,30.341,69,525,3-6 6-3 6-0,3,Q1,111,0,1,67,45,25,16,12,1,4,4,2,72,34,23,14,12,3,9
2008-410,Monte Carlo Masters,Clay,56,M,O,20080420,8,V309,,,Kristof Vliegen,R,193,BEL,25.829,70,522,P642,,,Boris Pashanski,R,178,SRB,25.462,94,454,7-6(5) 7-5,3,Q1,102,13,2,82,45,31,19,12,6,9,2,8,78,41,30,16,12,3,7
2008-410,Monte Carlo Masters,Clay,56,M,O,20080420,9,MA41,,,Ivo Minar,R,183,CZE,23.915,72,521,R613,,,Edouard Roger-Vasselin,R,185,FRA,24.394,114,378,6-1 2-0 RET,3,Q1,37,4,1,30,17,14,8,5,3,3,0,2,26,13,5,5,4,1,4
2008-410,Monte Carlo Masters,Clay,56,M,O,20080420,10,R383,,,Ruben Ramirez Hidalgo,R,183,ESP,30.286,133,332,Z168,11,,Mischa Zverev,L,191,GER,20.663,75,509,7-6(6) 6-3,3,Q1,86,2,3,66,35,28,19,11,1,3,1,1,82,58,40,8,10,8,11
2008-410,Monte Carlo Masters,Clay,56,M,O,20080420,11,R397,,,Olivier Rochus,R,168,BEL,27.253,77,506,MB02,,,Florian Mayer,R,191,GER,24.542,92,459,3-6 7-6(5) 2-1 RET,3,Q1,118,1,5,75,41,28,15,11,7,11,6,3,91,47,33,21,13,2,6
2008-410,Monte Carlo Masters,Clay,56,M,O,20080420,12,D683,13,,Juan Martin del Potro,R,198,ARG,19.573,78,505,K371,,,Roko Karanusic,R,183,CRO,25.624,110,404,6-3 6-2,3,Q1,73,1,3,53,29,18,15,9,0,2,0,0,51,22,15,8,8,3,8
2008-410,Monte Carlo Masters,Clay,56,M,O,20080420,13,R628,,,Laurent Recouderc,R,,AND,23.778,176,227,A356,14,,Thierry Ascione,R,188,FRA,27.255,82,483,6-4 4-6 6-2,3,Q1,121,2,3,84,36,20,31,14,1,4,0,4,95,66,39,14,14,4,9
2008-410,Monte Carlo Masters,Clay,56,M,O,20080420,14,B946,,,Benjamin Balleret,R,183,MON,25.262,317,110,G806,,,Andrey Golubev,R,180,KAZ,20.747,136,325,6-2 3-6 6-2,3,Q1,84,0,0,71,47,32,10,13,2,7,0,5,74,45,23,14,12,3,10
2008-410,Monte Carlo Masters,Clay,56,M,O,20080420,15,G436,,,Marc Gicquel,R,188,FRA,31.058,55,630,D683,13,,Juan Martin del Potro,R,198,ARG,19.573,78,505,6-4 6-4,3,Q2,99,1,0,57,36,26,13,10,3,4,5,2,76,40,24,18,10,3,6
2008-410,Monte Carlo Masters,Clay,56,M,O,20080420,16,MA41,,,Ivo Minar,R,183,CZE,23.915,72,521,B747,2,,Julien Benneteau,R,185,FRA,26.333,56,603,6-4 6-3,3,Q2,89,3,3,67,35,26,17,10,1,2,4,6,76,43,25,17,9,9,12
2008-410,Monte Carlo Masters,Clay,56,M,O,20080420,17,R397,,,Olivier Rochus,R,168,BEL,27.253,77,506,M824,5,,Albert Montanes,R,175,ESP,27.398,59,591,3-6 7-6(1) 6-1,3,Q2,123,4,2,92,58,37,17,15,7,12,3,7,89,48,36,14,13,8,13
2008-410,Monte Carlo Masters,Clay,56,M,O,20080420,18,BA98,,,Simone Bolelli,R,183,ITA,22.533,64,566,R628,,,Laurent Recouderc,R,,AND,23.778,176,227,6-3 6-2,3,Q2,68,2,0,48,36,27,10,9,1,1,2,1,55,30,17,12,8,3,6
2008-410,Monte Carlo Masters,Clay,56,M,O,20080420,19,V309,,,Kristof Vliegen,R,193,BEL,25.829,70,522,G476,7,,Guillermo Garcia-Lopez,R,185,ESP,24.879,65,561,7-5 6-4,3,Q2,120,3,6,97,62,48,11,11,10,11,0,5,84,56,34,13,11,5,8
2008-410,Monte Carlo Masters,Clay,56,M,O,20080420,20,L290,,,Nicolas Lapentti,R,188,ECU,31.685,98,444,C723,,,Flavio Cipolla,R,173,ITA,24.501,127,353,6-4 6-3,3,Q2,90,1,1,65,49,36,9,10,1,1,0,1,50,42,29,2,9,0,2
2008-410,Monte Carlo Masters,Clay,56,M,O,20080420,21,R383,,,Ruben Ramirez Hidalgo,R,183,ESP,30.286,133,332,B946,,,Benjamin Balleret,R,183,MON,25.262,317,110,6-4 6-2,3,Q2,78,2,2,57,28,23,15,9,4,5,2,2,48,26,16,10,9,2,6
2008-308,Munich,Clay,32,250,O,20080428,1,E121,,,Younes El Aynaoui,R,193,MAR,36.627,295,120,Z161,,,Marcel Zimmermann,R,183,GER,23.269,563,40,6-2 6-3,3,Q1,66,8,2,55,30,25,13,9,1,1,3,3,55,33,25,6,8,3,6
2008-308,Munich,Clay,32,250,O,20080428,2,N437,,,Gianluca Naso,R,193,ITA,21.309,305,115,C445,,,Frantisek Cermak,R,193,CZE,31.452,869,12,6-2 7-6(5),3,Q1,82,4,3,71,41,30,16,10,1,2,4,6,68,34,26,15,10,6,9
2008-308,Munich,Clay,32,250,O,20080428,3,K406,,,Christopher Kas,R,188,GER,27.874,,,B757,8,,Rohan Bopanna,R,193,IND,28.151,306,115,6-3 7-5,3,Q1,63,1,3,58,40,30,12,10,3,4,13,5,64,32,24,13,11,2,6
2008-308,Munich,Clay,32,250,O,20080428,4,SD78,,,Alexandre Sidorenko,R,185,FRA,20.192,317,110,J398,,,Navid Johannigmann,,,GER,17.355,1665,1,6-2 6-0,3,Q1,62,2,1,41,24,18,10,7,3,4,0,7,52,29,12,7,7,4,10
2008-308,Munich,Clay,32,250,O,20080428,5,C660,,,Adam Chadaj,L,178,POL,23.992,396,77,K966,,,Martin Klizan,L,191,SVK,18.798,342,96,7-5 6-3,3,Q1,93,2,1,64,36,26,14,10,6,9,4,2,79,38,20,19,11,4,10
2008-308,Munich,Clay,32,250,O,20080428,6,F344,,,Jean-Christophe Faurel,R,175,FRA,27.146,323,104,Z104,,,Lovro Zovko,R,191,CRO,27.113,471,60,7-6(2) 6-0,3,Q1,68,7,4,55,37,31,9,9,0,0,3,0,59,34,22,11,9,0,3
2008-308,Munich,Clay,32,250,O,20080428,7,F313,,,Gorka Fraile,R,180,ESP,30.059,331,101,SE31,,,Armin Sandbichler,L,180,AUT,23.264,571,39,7-5 6-3,3,Q1,85,2,1,81,61,37,13,11,6,8,5,5,68,44,30,7,10,3,7
2008-308,Munich,Clay,32,250,O,20080428,8,G967,,,Peter Gojowczyk,R,188,GER,18.787,349,94,MF04,,,Marc Meigel,R,,GER,20.151,492,54,7-5 6-3,3,Q1,81,5,3,58,43,33,8,10,2,3,1,7,88,51,32,16,11,8,12
2008-308,Munich,Clay,32,250,O,20080428,9,K436,,,Dieter Kindlmann,R,183,GER,25.903,508,52,SK51,,,Tobias Simon,R,198,GER,16.947,,,6-3 6-2,3,Q1,54,3,3,44,26,22,11,9,1,2,2,6,62,35,21,9,8,11,15
2008-308,Munich,Clay,32,250,O,20080428,10,SG13,,,Stefan Seifert,,,GER,23.162,534,46,BF89,,,Dennis Bloemke,R,,GER,18.765,1008,8,6-0 6-2,3,Q1,43,0,4,38,24,20,7,7,0,1,2,1,40,23,8,6,7,6,12
2008-308,Munich,Clay,32,250,O,20080428,11,V346,,,Martin Vacek,,,CZE,26.869,435,67,M996,,,Christian Magg,,,AUT,27.14,501,53,6-2 6-3,3,Q1,69,8,5,58,34,28,10,9,2,3,2,2,64,46,25,7,8,7,11
2008-308,Munich,Clay,32,250,O,20080428,12,S877,,,Julio Silva,R,173,BRA,28.827,184,217,F313,,,Gorka Fraile,R,180,ESP,30.059,331,101,6-2 6-3,3,Q2,67,3,3,52,34,24,9,8,2,3,0,2,52,43,21,5,9,4,9
2008-308,Munich,Clay,32,250,O,20080428,13,C660,,,Adam Chadaj,L,178,POL,23.992,396,77,K512,,,Ivo Klec,R,183,SVK,27.414,271,134,7-5 6-2,3,Q2,94,4,5,58,33,23,17,10,3,4,2,3,72,35,19,19,10,4,8
2008-308,Munich,Clay,32,250,O,20080428,14,E196,,,Rainer Eitzinger,R,178,AUT,24.835,278,130,SG13,,,Stefan Seifert,,,GER,23.162,534,46,6-4 6-2,3,Q2,80,1,2,57,42,26,5,9,2,5,3,2,69,45,22,11,9,11,17
2008-308,Munich,Clay,32,250,O,20080428,15,T264,5,,Marko Tkalec,R,178,SLO,31.116,298,119,K668,,,Sascha Kloer,,,GER,22.7,1170,5,7-6(4) 6-3,3,Q2,95,7,2,61,32,25,15,10,1,3,4,7,88,40,30,20,11,7,11
2008-308,Munich,Clay,32,250,O,20080428,16,E121,,,Younes El Aynaoui,R,193,MAR,36.627,295,120,F344,,,Jean-Christophe Faurel,R,175,FRA,27.146,323,104,6-4 6-3,3,Q2,68,7,1,48,31,25,12,9,0,0,0,1,73,53,34,9,10,5,8
2008-308,Munich,Clay,32,250,O,20080428,17,N437,,,Gianluca Naso,R,193,ITA,21.309,305,115,K436,,,Dieter Kindlmann,R,183,GER,25.903,508,52,6-3 6-2,3,Q2,68,8,2,59,34,28,13,9,2,2,0,3,53,25,16,14,8,7,10
2008-308,Munich,Clay,32,250,O,20080428,18,SD78,,,Alexandre Sidorenko,R,185,FRA,20.192,317,110,G967,,,Peter Gojowczyk,R,188,GER,18.787,349,94,7-5 6-2,3,Q2,81,7,3,59,32,25,15,10,1,2,2,1,71,41,26,14,10,3,7
2008-308,Munich,Clay,32,250,O,20080428,19,V346,,,Martin Vacek,,,CZE,26.869,435,67,K406,,,Christopher Kas,R,188,GER,27.874,,,4-6 6-4 6-4,3,Q2,122,9,5,103,57,40,24,15,5,8,6,8,121,73,49,21,15,11,15
2008-308,Munich,Clay,32,250,O,20080428,20,E121,,,Younes El Aynaoui,R,193,MAR,36.627,295,120,S877,,,Julio Silva,R,173,BRA,28.827,184,217,6-3 6-4,3,Q3,70,10,1,56,37,30,13,10,3,3,2,1,52,35,24,9,9,1,3
2008-308,Munich,Clay,32,250,O,20080428,21,E196,,,Rainer Eitzinger,R,178,AUT,24.835,278,130,V346,,,Martin Vacek,,,CZE,26.869,435,67,6-3 7-6(3),3,Q3,94,4,4,91,66,44,14,11,5,7,2,2,59,36,26,10,10,1,4
2008-308,Munich,Clay,32,250,O,20080428,22,SD78,,,Alexandre Sidorenko,R,185,FRA,20.192,317,110,T264,5,,Marko Tkalec,R,178,SLO,31.116,298,119,6-4 6-4,3,Q3,76,17,1,64,42,33,10,10,1,2,10,2,64,41,30,8,10,3,6
2008-308,Munich,Clay,32,250,O,20080428,23,N437,,,Gianluca Naso,R,193,ITA,21.309,305,115,C660,,,Adam Chadaj,L,178,POL,23.992,396,77,6-3 6-2,3,Q3,66,5,2,53,27,20,18,9,2,2,2,3,58,34,20,11,8,5,8
2008-425,Barcelona,Clay,56,500,O,20080428,1,G676,,,Daniel Gimeno-Traver,R,183,ESP,22.724,131,343,R772,,,Albert Ramos-Vinolas,L,188,ESP,20.279,708,24,6-0 6-1,3,Q1,60,2,1,40,30,22,8,7,1,1,1,5,56,30,15,9,6,3,8
2008-425,Barcelona,Clay,56,500,O,20080428,2,S809,,,Yuri Schukin,R,185,KAZ,28.841,141,320,BC62,,,Enrico Burzi,R,178,ITA,27.285,406,75,7-5 6-4,3,Q1,96,1,2,62,43,34,9,11,2,3,2,1,79,51,31,15,11,6,9
2008-425,Barcelona,Clay,56,500,O,20080428,3,R383,,,Ruben Ramirez Hidalgo,R,183,ESP,30.308,147,307,A656,,,Guillermo Alcaide,R,188,ESP,21.922,382,84,4-6 6-0 7-6(3),3,Q1,135,1,3,99,54,41,26,14,7,9,6,3,89,51,37,18,14,7,11
2008-425,Barcelona,Clay,56,500,O,20080428,4,G806,4,,Andrey Golubev,R,180,KAZ,20.769,140,325,D875,,,Grigor Dimitrov,R,191,BUL,16.953,1043,7,6-4 6-0,3,Q1,56,2,5,44,23,17,13,8,0,1,1,1,54,43,21,5,8,7,12
2008-425,Barcelona,Clay,56,500,O,20080428,5,SC19,,,Jose Antonio Sanchez-de Luna,R,,ESP,23.526,293,121,R336,5,,Christophe Rochus,R,170,BEL,29.369,143,314,6-4 3-6 6-1,3,Q1,115,1,2,90,59,37,15,13,9,12,2,3,95,50,30,21,13,10,15
2008-425,Barcelona,Clay,56,500,O,20080428,6,K926,,,Mikhail Kukushkin,R,183,KAZ,20.339,146,310,O327,,,Guillermo Olaso,R,175,ESP,20.093,424,72,7-5 6-1,3,Q1,69,5,1,60,42,25,8,10,1,5,0,4,57,31,16,6,9,7,14
2008-425,Barcelona,Clay,56,500,O,20080428,7,I165,7,,Denis Istomin,R,185,UZB,21.64,150,297,P646,,,Carlos Poch-Gradin,L,185,ESP,25.467,309,114,1-6 6-2 6-3,3,Q1,117,2,3,80,59,36,12,12,2,5,2,3,90,52,34,17,12,10,14
2008-425,Barcelona,Clay,56,500,O,20080428,8,ME17,,,Matteo Marrai,,,ITA,21.446,414,74,L702,8,,Mikhail Ledovskikh,R,188,RUS,21.722,152,287,2-6 7-6(4) 6-4,3,Q1,110,7,1,88,63,49,12,15,5,8,21,1,100,58,48,18,15,7,9
2008-425,Barcelona,Clay,56,500,O,20080428,9,M760,9,,Oliver Marach,R,185,AUT,27.784,165,257,S842,,,Andrea Stoppini,R,191,ITA,28.162,267,136,7-5 6-1,3,Q1,61,7,2,57,33,28,15,10,2,2,7,1,48,28,22,8,9,0,3
2008-425,Barcelona,Clay,56,500,O,20080428,10,L480,,,Marc Lopez,R,175,ESP,25.744,169,243,D916,,,Steven Diez,R,175,CAN,17.117,1798,1,6-4 6-1,3,Q1,93,0,0,47,23,18,11,8,3,6,0,5,59,34,16,6,9,3,10
2008-425,Barcelona,Clay,56,500,O,20080428,11,T296,,,Gabriel Trujillo-Soler,R,,ESP,28.578,237,163,A824,,,Guillermo Alcorta-Olarra,,0,ESP,18.867,1324,3,6-1 6-4,3,Q1,65,0,0,46,32,24,10,9,0,1,0,3,50,31,18,7,8,5,9
2008-425,Barcelona,Clay,56,500,O,20080428,12,R750,12,,Pere Riba,R,183,ESP,20.057,241,160,J158,,,Manuel Jorquera,R,175,ITA,29.878,347,95,6-3 6-4,3,Q1,96,4,1,66,30,23,21,10,2,3,1,2,72,48,29,11,9,7,10
2008-425,Barcelona,Clay,56,500,O,20080428,13,M595,,,Max Mirnyi,R,196,BLR,30.812,260,140,G922,,,Gerard Granollers,R,183,ESP,19.242,1072,7,7-5 4-6 6-3,3,Q1,127,4,0,88,51,39,26,16,3,4,1,4,105,78,54,12,15,10,12
2008-425,Barcelona,Clay,56,500,O,20080428,14,L513,14,,Miguel Angel Lopez Jaen,R,188,ESP,25.413,262,139,R640,,,Hector Ruiz-Cadenas,,,ESP,25.005,325,104,6-3 6-4,3,Q1,65,2,1,59,42,33,11,10,1,1,8,4,67,44,29,11,9,7,9
2008-425,Barcelona,Clay,56,500,O,20080428,15,G676,,,Daniel Gimeno-Traver,R,183,ESP,22.724,131,343,R750,12,,Pere Riba,R,183,ESP,20.057,241,160,7-6(7) 7-6(3),3,Q2,134,4,2,87,59,43,18,12,1,2,4,5,108,57,37,31,12,5,6
2008-425,Barcelona,Clay,56,500,O,20080428,16,L480,,,Marc Lopez,R,175,ESP,25.744,169,243,S809,,,Yuri Schukin,R,185,KAZ,28.841,141,320,7-6(4) 4-6 6-3,3,Q2,173,6,1,106,78,46,13,16,10,16,1,5,107,61,38,19,15,5,11
2008-425,Barcelona,Clay,56,500,O,20080428,17,M595,,,Max Mirnyi,R,196,BLR,30.812,260,140,R383,,,Ruben Ramirez Hidalgo,R,183,ESP,30.308,147,307,6-4 6-1,3,Q2,72,2,2,53,33,25,10,9,3,4,0,2,45,31,20,5,8,4,8
2008-425,Barcelona,Clay,56,500,O,20080428,18,ME17,,,Matteo Marrai,,,ITA,21.446,414,74,G806,4,,Andrey Golubev,R,180,KAZ,20.769,140,325,6-4 6-7(4) 6-1,3,Q2,119,2,4,90,54,43,23,15,1,1,8,3,84,45,37,17,14,4,7
2008-425,Barcelona,Clay,56,500,O,20080428,19,K926,,,Mikhail Kukushkin,R,183,KAZ,20.339,146,310,M760,9,,Oliver Marach,R,185,AUT,27.784,165,257,4-6 6-4 7-5,3,Q2,142,4,3,102,62,39,19,16,3,8,4,1,86,49,29,22,16,2,8
2008-425,Barcelona,Clay,56,500,O,20080428,20,T296,,,Gabriel Trujillo-Soler,R,,ESP,28.578,237,163,I165,7,,Denis Istomin,R,185,UZB,21.64,150,297,7-5 7-5,3,Q2,82,2,0,70,51,35,10,12,1,3,1,0,63,44,29,11,12,0,4
2008-425,Barcelona,Clay,56,500,O,20080428,21,SC19,,,Jose Antonio Sanchez-de Luna,R,,ESP,23.526,293,121,L513,14,,Miguel Angel Lopez Jaen,R,188,ESP,25.413,262,139,7-6(2) 6-1,3,Q2,89,1,1,63,44,26,13,9,4,6,2,0,73,43,20,16,10,3,8
2008-416,Rome Masters,Clay,56,M,O,20080505,1,MC65,1,,Gael Monfils,R,193,FRA,21.676,53,662,SI82,,,Manuel Sanchez,R,,MEX,17.331,1001,8,6-4 6-2,3,Q1,59,3,2,55,29,19,17,9,3,5,2,8,56,31,20,6,9,2,7
2008-416,Rome Masters,Clay,56,M,O,20080505,2,B446,2,,Jonas Bjorkman,R,183,SWE,36.118,58,590,T948,,,Matteo Trevisan,R,183,ITA,18.727,934,10,6-4 3-6 7-6(5),3,Q1,165,3,3,96,68,46,12,15,7,12,4,6,113,55,37,29,16,5,10
2008-416,Rome Masters,Clay,56,M,O,20080505,3,F586,,,Thomas Fabbiano,R,173,ITA,18.943,412,74,H528,3,,Victor Hanescu,R,198,ROU,26.79,73,523,6-4 3-0 RET,3,Q1,59,1,4,44,22,16,12,6,3,4,1,1,43,33,15,5,7,2,6
2008-416,Rome Masters,Clay,56,M,O,20080505,4,Z168,4,,Mischa Zverev,L,191,GER,20.704,75,518,S809,,,Yuri Schukin,R,185,KAZ,28.86,134,341,6-4 5-7 6-2,3,Q1,112,8,4,91,63,45,13,15,5,8,6,4,91,61,39,15,15,1,6
2008-416,Rome Masters,Clay,56,M,O,20080505,5,D683,,,Juan Martin del Potro,R,198,ARG,19.614,71,538,A340,,,Francesco Aldi,R,175,ITA,26.631,215,181,6-0 4-6 6-2,3,Q1,118,1,2,67,40,30,10,12,3,7,0,7,77,54,27,6,12,8,16
2008-416,Rome Masters,Clay,56,M,O,20080505,6,L290,,,Nicolas Lapentti,R,188,ECU,31.726,74,519,L503,,,Paolo Lorenzi,R,183,ITA,26.387,245,152,3-6 6-1 7-5,3,Q1,175,4,4,101,58,39,21,14,9,12,3,2,91,71,42,9,14,7,12
2008-416,Rome Masters,Clay,56,M,O,20080505,7,C487,7,,Arnaud Clement,R,173,FRA,30.382,87,475,A303,,,Leonardo Azzaro,L,188,ITA,29.933,310,113,4-6 6-2 6-3,3,Q1,138,5,3,101,69,48,17,14,7,9,6,3,95,68,40,12,13,5,9
2008-416,Rome Masters,Clay,56,M,O,20080505,8,K760,,,Evgeny Korolev,R,185,KAZ,20.222,98,449,G806,,,Andrey Golubev,R,180,KAZ,20.789,144,317,6-3 6-3,3,Q1,66,1,5,55,28,24,16,9,2,2,4,4,60,29,18,16,9,3,6
2008-416,Rome Masters,Clay,56,M,O,20080505,9,P642,9,,Boris Pashanski,R,178,SRB,25.503,104,432,A622,,,Andrea Arnaboldi,L,180,ITA,20.356,332,103,4-6 6-3 6-3,3,Q1,129,3,5,89,71,48,10,14,4,6,1,2,82,57,35,15,14,4,8
2008-416,Rome Masters,Clay,56,M,O,20080505,10,C882,,,Pablo Cuevas,R,180,URU,22.341,101,441,ME17,,,Matteo Marrai,,,ITA,21.465,394,78,6-3 4-6 6-1,3,Q1,110,5,2,73,46,31,13,13,3,6,3,4,86,46,28,17,13,6,12
2008-416,Rome Masters,Clay,56,M,O,20080505,11,B896,11,,Benjamin Becker,R,178,GER,26.886,108,425,V339,,,Simone Vagnozzi,R,,ITA,24.934,260,141,4-6 6-4 6-2,3,Q1,113,15,3,89,66,50,9,14,5,6,0,3,95,78,49,8,14,9,12
2008-416,Rome Masters,Clay,56,M,O,20080505,12,H390,,,Luis Horna,R,180,PER,27.639,111,411,M595,,,Max Mirnyi,R,196,BLR,30.831,252,145,6-4 2-6 6-4,3,Q1,127,2,2,95,69,45,9,14,7,12,4,4,81,48,34,12,14,1,6
2008-416,Rome Masters,Clay,56,M,O,20080505,13,P488,,,Olivier Patience,R,180,FRA,28.112,130,353,G372,,,Stefano Galvani,R,175,ITA,30.921,209,188,6-2 4-6 6-4,3,Q1,126,6,5,86,50,31,18,14,3,8,2,7,90,56,30,15,14,6,13
2008-416,Rome Masters,Clay,56,M,O,20080505,14,R613,14,,Edouard Roger-Vasselin,R,185,FRA,24.435,122,363,G414,,,Adrian Garcia,R,175,CHI,29.947,379,87,6-4 6-3,3,Q1,78,1,1,56,42,30,7,9,2,3,1,3,65,39,23,12,10,9,13
2008-416,Rome Masters,Clay,56,M,O,20080505,15,P488,,,Olivier Patience,R,180,FRA,28.112,130,353,MC65,1,,Gael Monfils,R,193,FRA,21.676,53,662,6-3 1-0 RET,3,Q2,50,0,2,27,19,16,5,5,0,0,8,2,45,21,16,9,5,5,7
2008-416,Rome Masters,Clay,56,M,O,20080505,16,K760,,,Evgeny Korolev,R,185,KAZ,20.222,98,449,B446,2,,Jonas Bjorkman,R,183,SWE,36.118,58,590,7-6(6) 6-2,3,Q2,112,4,5,78,46,33,14,10,2,5,2,1,71,49,29,7,10,4,9
2008-416,Rome Masters,Clay,56,M,O,20080505,17,H390,,,Luis Horna,R,180,PER,27.639,111,411,Z168,4,,Mischa Zverev,L,191,GER,20.704,75,518,6-2 7-5,3,Q2,94,6,2,69,54,36,9,10,5,6,6,1,60,39,28,7,10,1,5
2008-416,Rome Masters,Clay,56,M,O,20080505,18,105223,,,Juan Martin del Potro,R,198,ARG,19.614,71,538,103781,11,,Benjamin Becker,R,178,GER,26.886,108,425,6-1 6-1,3,Q2,58,5,1,42,28,23,8,7,1,1,1,4,48,26,12,6,7,2,7
2008-416,Rome Masters,Clay,56,M,O,20080505,19,L290,,,Nicolas Lapentti,R,188,ECU,31.726,74,519,R613,14,,Edouard Roger-Vasselin,R,185,FRA,24.435,122,363,6-2 6-0,3,Q2,64,5,0,41,34,25,4,7,2,2,2,1,39,30,14,1,7,1,6
2008-416,Rome Masters,Clay,56,M,O,20080505,20,C882,,,Pablo Cuevas,R,180,URU,22.341,101,441,C487,7,,Arnaud Clement,R,173,FRA,30.382,87,475,6-3 6-3,3,Q2,88,2,1,56,32,22,17,9,1,1,2,2,63,24,13,22,9,4,7
2008-416,Rome Masters,Clay,56,M,O,20080505,21,F586,,,Thomas Fabbiano,R,173,ITA,18.943,412,74,P642,9,,Boris Pashanski,R,178,SRB,25.503,104,432,3-6 7-5 6-3,3,Q2,145,0,8,102,61,39,20,15,8,12,5,3,91,49,36,17,15,4,9
2008-414,Hamburg Masters,Clay,56,M,O,20080511,1,G710,,,Marcel Granollers,R,191,ESP,22.081,54,662,A303,,,Leonardo Azzaro,L,188,ITA,29.949,310,113,6-4 6-2,3,Q1,71,4,2,47,25,18,12,9,1,3,1,2,53,31,16,8,9,6,11
2008-414,Hamburg Masters,Clay,56,M,O,20080511,2,B747,,,Julien Benneteau,R,185,FRA,26.39,64,570,W300,,,Alexander Waske,R,188,GER,33.114,690,25,6-3 6-2,3,Q1,76,8,3,50,28,24,12,8,3,3,4,1,61,35,23,10,9,5,9
2008-414,Hamburg Masters,Clay,56,M,O,20080511,3,R397,,,Olivier Rochus,R,168,BEL,27.31,67,551,MA38,,,Jan Mertl,R,191,CZE,26.352,251,146,6-4 6-4,3,Q1,102,2,4,81,48,32,18,10,4,5,4,2,65,46,30,9,10,3,6
2008-414,Hamburg Masters,Clay,56,M,O,20080511,4,MA41,,,Ivo Minar,R,183,CZE,23.973,72,538,M800,,,Jan Minar,R,,CZE,27.088,177,226,3-0 RET,3,Q1,12,0,0,9,5,5,3,2,0,0,0,0,8,6,2,1,1,1,2
2008-414,Hamburg Masters,Clay,56,M,O,20080511,5,I165,,,Denis Istomin,R,185,UZB,21.676,151,300,H528,5,,Victor Hanescu,R,198,ROU,26.806,73,523,6-3 6-7(2) 7-5,3,Q1,151,6,4,117,74,48,21,17,3,7,3,4,104,67,43,18,16,1,7
2008-414,Hamburg Masters,Clay,56,M,O,20080511,6,S741,,,Marat Safin,R,193,RUS,28.287,79,515,R782,,,Julian Reister,R,188,GER,22.108,311,112,4-6 6-2 6-1,3,Q1,101,8,2,78,47,31,20,13,0,2,1,3,76,46,30,11,12,6,11
2008-414,Hamburg Masters,Clay,56,M,O,20080511,7,BG52,,,Jaan-Frederik Brunken,R,,FIN,18.042,954,9,M762,7,,Jurgen Melzer,L,183,AUT,26.971,82,499,7-6(5) 2-6 6-3,3,Q1,124,1,6,101,69,51,13,15,6,9,7,5,88,55,40,18,14,5,7
2008-414,Hamburg Masters,Clay,56,M,O,20080511,8,V309,,,Kristof Vliegen,R,193,BEL,25.886,83,497,S877,,,Julio Silva,R,173,BRA,28.862,192,208,6-4 7-5,3,Q1,105,1,1,74,36,27,23,11,4,4,1,4,75,38,27,18,11,5,7
2008-414,Hamburg Masters,Clay,56,M,O,20080511,9,K760,9,,Evgeny Korolev,R,185,KAZ,20.238,98,449,SG13,,,Stefan Seifert,,,GER,23.198,533,46,7-6(1) 4-6 6-3,3,Q1,133,4,3,115,68,46,25,16,9,12,2,2,94,59,39,17,15,6,9
2008-414,Hamburg Masters,Clay,56,M,O,20080511,10,SC19,,,Jose Antonio Sanchez-de Luna,R,,ESP,23.562,300,117,C882,10,,Pablo Cuevas,R,180,URU,22.357,101,441,6-4 2-6 6-0,3,Q1,96,4,4,76,57,39,9,12,5,7,3,4,80,49,29,17,12,5,9
2008-414,Hamburg Masters,Clay,56,M,O,20080511,11,P642,11,,Boris Pashanski,R,178,SRB,25.52,104,432,M595,,,Max Mirnyi,R,196,BLR,30.847,252,145,6-4 6-2,3,Q1,81,2,2,57,39,31,9,9,4,5,7,2,50,25,17,9,9,2,6
2008-414,Hamburg Masters,Clay,56,M,O,20080511,12,H390,,,Luis Horna,R,180,PER,27.655,111,411,V339,,,Simone Vagnozzi,R,,ITA,24.95,260,141,2-6 6-4 7-6(4),3,Q1,139,1,1,92,59,39,18,15,3,7,0,2,117,99,60,8,15,7,10
2008-414,Hamburg Masters,Clay,56,M,O,20080511,13,N437,,,Gianluca Naso,R,193,ITA,21.344,269,135,C723,13,,Flavio Cipolla,R,173,ITA,24.559,115,398,7-5 6-3,3,Q1,99,2,3,81,46,31,20,11,9,11,0,2,69,53,28,9,10,7,11
2008-414,Hamburg Masters,Clay,56,M,O,20080511,14,M590,,,Alberto Martin,R,175,ESP,29.725,137,337,C759,,,Ivan Cerovic,L,191,CRO,26.196,280,128,6-2 3-6 6-3,3,Q1,102,4,2,60,29,23,25,13,0,1,4,0,79,46,31,17,13,3,6
2008-414,Hamburg Masters,Clay,56,M,O,20080511,15,G710,,,Marcel Granollers,R,191,ESP,22.081,54,662,V309,,,Kristof Vliegen,R,193,BEL,25.886,83,497,6-2 3-6 6-4,3,Q2,108,0,6,77,34,25,25,13,3,5,2,1,79,44,29,21,14,3,7
2008-414,Hamburg Masters,Clay,56,M,O,20080511,16,B747,,,Julien Benneteau,R,185,FRA,26.39,64,570,P642,11,,Boris Pashanski,R,178,SRB,25.52,104,432,3-6 6-3 6-4,3,Q2,135,6,7,83,53,42,13,14,1,3,4,9,96,47,35,24,14,9,12
2008-414,Hamburg Masters,Clay,56,M,O,20080511,17,M590,,,Alberto Martin,R,175,ESP,29.725,137,337,R397,,,Olivier Rochus,R,168,BEL,27.31,67,551,4-6 6-3 6-4,3,Q2,140,1,0,81,57,42,18,15,0,1,1,1,112,77,49,19,14,8,10
2008-414,Hamburg Masters,Clay,56,M,O,20080511,18,H390,,,Luis Horna,R,180,PER,27.655,111,411,MA41,,,Ivo Minar,R,183,CZE,23.973,72,538,6-4 2-6 6-3,3,Q2,117,1,0,85,58,39,14,13,3,5,4,1,86,60,39,15,14,5,8
2008-414,Hamburg Masters,Clay,56,M,O,20080511,19,S741,,,Marat Safin,R,193,RUS,28.287,79,515,K760,9,,Evgeny Korolev,R,185,KAZ,20.238,98,449,6-4 4-6 7-6(5),3,Q2,139,11,3,110,57,39,29,16,0,3,2,3,95,50,38,26,16,3,6
2008-414,Hamburg Masters,Clay,56,M,O,20080511,20,N437,,,Gianluca Naso,R,193,ITA,21.344,269,135,BG52,,,Jaan-Frederik Brunken,R,,FIN,18.042,954,9,6-1 6-3,3,Q2,71,2,0,44,26,23,11,8,2,2,2,3,71,45,26,11,8,5,9
2008-414,Hamburg Masters,Clay,56,M,O,20080511,21,SC19,,,Jose Antonio Sanchez-de Luna,R,,ESP,23.562,300,117,I165,,,Denis Istomin,R,185,UZB,21.676,151,300,6-4 6-1,3,Q2,65,1,0,49,39,27,6,8,6,7,1,3,55,32,18,8,9,1,6
2008-306,Portschach,Clay,32,250,O,20080518,1,P471,2,,Francesco Piccari,R,,ITA,28.695,273,136,M611,,,Daniel Melo,L,185,BRA,30.872,,,6-0 6-2,3,Q1,51,8,1,39,21,16,14,7,3,3,0,3,46,28,13,7,7,1,6
2008-306,Portschach,Clay,32,250,O,20080518,2,H571,,,Jan Hajek,R,180,CZE,24.78,299,118,SE31,,,Armin Sandbichler,L,180,AUT,23.318,574,39,6-3 7-6(5),3,Q1,93,2,2,62,39,27,11,10,3,6,1,0,88,55,33,13,11,9,14
2008-306,Portschach,Clay,32,250,O,20080518,3,M776,,,Michal Mertinak,R,185,SVK,28.602,468,60,T264,4,,Marko Tkalec,R,178,SLO,31.17,316,110,6-4 7-5,3,Q1,93,8,0,59,36,29,15,11,3,4,10,2,78,39,28,18,11,10,13
2008-306,Portschach,Clay,32,250,O,20080518,4,A622,5,,Andrea Arnaboldi,L,180,ITA,20.392,330,103,T762,,,Josko Topic,,,CRO,24.444,1161,5,6-2 6-3,3,Q1,72,0,1,48,36,28,5,8,3,4,3,4,71,55,30,5,9,8,13
2008-306,Portschach,Clay,32,250,O,20080518,5,Z189,6,,Grega Zemlja,R,183,SLO,21.634,341,96,M919,,,Marcelo Melo,R,201,BRA,24.652,,,6-2 7-6(6),3,Q1,76,5,1,71,44,33,13,10,6,7,5,0,73,50,32,9,10,4,7
2008-306,Portschach,Clay,32,250,O,20080518,6,F586,7,,Thomas Fabbiano,R,173,ITA,18.979,345,94,R519,,,Sonchat Ratiwatana,R,175,THA,26.316,1260,3,6-1 6-3,3,Q1,59,2,3,47,31,24,12,8,6,6,0,0,52,32,16,9,8,6,10
2008-306,Portschach,Clay,32,250,O,20080518,7,R934,,,Nicolas Reissig,R,185,AUT,19.113,1188,5,SB23,8,,Vjekoslav Skenderovic,,,CRO,25.164,358,91,6-3 5-7 6-4,3,Q1,127,0,2,100,80,50,12,15,9,12,5,1,104,78,49,11,16,4,9
2008-306,Portschach,Clay,32,250,O,20080518,8,BC62,,,Enrico Burzi,R,178,ITA,27.34,422,73,SH08,,,Marek Semjan,R,,SVK,20.528,412,76,6-3 6-3,3,Q1,73,2,1,55,35,28,12,9,3,3,2,2,66,42,28,9,9,5,8
2008-306,Portschach,Clay,32,250,O,20080518,9,D361,,,Massimo Dell'Acqua,R,193,ITA,28.698,476,58,S948,,,Kevin Sorensen,,183,IRL,27.023,,,6-4 6-4,3,Q1,73,6,0,60,42,30,12,10,2,3,3,3,60,33,23,11,10,5,8
2008-306,Portschach,Clay,32,250,O,20080518,10,GA26,,,Jurgen Gundera,,,AUT,25.996,1485,1,T281,,,Marcio Torres,R,185,BRA,27.313,776,17,6-3 6-4,3,Q1,80,3,1,58,34,25,17,10,4,5,2,1,66,41,25,13,9,4,7
2008-306,Portschach,Clay,32,250,O,20080518,11,K834,,,Blaz Kavcic,R,188,SLO,21.205,366,90,M778,,,David Martin,L,185,USA,27.233,1144,5,6-2 6-3,3,Q1,62,5,5,44,31,27,3,8,1,2,1,0,65,49,22,9,9,7,12
2008-306,Portschach,Clay,32,250,O,20080518,12,L580,,,Scott Lipsky,R,185,USA,26.76,993,8,S604,,,Andre Sa,R,185,BRA,31.034,,,6-2 6-3,3,Q1,61,0,2,52,24,19,14,9,0,2,0,1,48,25,13,9,8,3,8
2008-306,Portschach,Clay,32,250,O,20080518,13,O305,,,Philipp Oswald,R,201,AUT,22.316,401,77,R518,,,Sanchai Ratiwatana,R,175,THA,26.316,843,13,6-2 7-6(4),3,Q1,83,8,5,58,38,33,9,10,4,6,4,3,94,67,36,15,10,7,11
2008-306,Portschach,Clay,32,250,O,20080518,14,P701,,,Michal Przysiezny,R,185,POL,24.252,417,74,L430,,,Giovanni Lapentti,R,193,ECU,25.311,426,72,6-1 7-5,3,Q1,87,3,5,76,58,43,6,10,8,9,5,2,69,63,32,3,9,3,7
2008-306,Portschach,Clay,32,250,O,20080518,15,R996,,,Marc Rath,,,AUT,17.451,1660,1,D908,,,Philipp Davydenko,R,183,RUS,15.707,,,6-4 6-1,3,Q1,53,1,2,51,26,20,16,9,1,2,1,4,56,38,21,8,8,4,8
2008-306,Portschach,Clay,32,250,O,20080518,16,V339,,,Simone Vagnozzi,R,,ITA,24.969,259,141,BC62,,,Enrico Burzi,R,178,ITA,27.34,422,73,6-1 7-5,3,Q2,79,1,2,58,41,29,8,9,6,7,2,1,59,36,18,12,10,1,6
2008-306,Portschach,Clay,32,250,O,20080518,17,P701,,,Michal Przysiezny,R,185,POL,24.252,417,74,P471,2,,Francesco Piccari,R,,ITA,28.695,273,136,4-6 6-4 6-4,3,Q2,144,6,2,106,67,43,18,15,5,9,5,4,98,53,35,22,15,7,12
2008-306,Portschach,Clay,32,250,O,20080518,18,H571,,,Jan Hajek,R,180,CZE,24.78,299,118,O305,,,Philipp Oswald,R,201,AUT,22.316,401,77,6-4 6-4,3,Q2,62,1,0,55,42,32,11,10,3,3,8,2,61,33,25,15,10,1,3
2008-306,Portschach,Clay,32,250,O,20080518,19,A622,5,,Andrea Arnaboldi,L,180,ITA,20.392,330,103,GA26,,,Jurgen Gundera,,,AUT,25.996,1485,1,6-1 6-3,3,Q2,61,2,1,49,33,25,10,8,2,2,3,6,48,25,17,6,8,2,6
2008-306,Portschach,Clay,32,250,O,20080518,20,Z189,6,,Grega Zemlja,R,183,SLO,21.634,341,96,L580,,,Scott Lipsky,R,185,USA,26.76,993,8,6-3 6-4,3,Q2,57,5,2,61,47,33,8,10,5,6,3,1,52,40,25,6,9,2,5
2008-306,Portschach,Clay,32,250,O,20080518,21,F586,7,,Thomas Fabbiano,R,173,ITA,18.979,345,94,R996,,,Marc Rath,,,AUT,17.451,1660,1,6-2 6-4,3,Q2,71,0,5,53,29,22,16,9,1,1,0,4,60,40,24,8,9,3,6
2008-306,Portschach,Clay,32,250,O,20080518,22,K834,,,Blaz Kavcic,R,188,SLO,21.205,366,90,M776,,,Michal Mertinak,R,185,SVK,28.602,468,60,3-6 6-0 6-3,3,Q2,121,6,4,80,53,37,16,12,5,6,4,5,83,46,28,17,12,4,8
2008-306,Portschach,Clay,32,250,O,20080518,23,R934,,,Nicolas Reissig,R,185,AUT,19.113,1188,5,D361,,,Massimo Dell'Acqua,R,193,ITA,28.698,476,58,7-6(4) 6-4,3,Q2,89,2,0,78,61,45,8,11,1,2,8,1,72,47,35,12,11,2,4
2008-306,Portschach,Clay,32,250,O,20080518,24,V339,,,Simone Vagnozzi,R,,ITA,24.969,259,141,A622,5,,Andrea Arnaboldi,L,180,ITA,20.392,330,103,6-0 6-4,3,Q3,79,0,3,42,28,23,8,8,1,2,0,2,60,41,19,8,8,2,7
2008-306,Portschach,Clay,32,250,O,20080518,25,H571,,,Jan Hajek,R,180,CZE,24.78,299,118,F586,7,,Thomas Fabbiano,R,173,ITA,18.979,345,94,6-3 6-3,3,Q3,78,2,2,55,41,28,7,9,1,3,2,3,56,44,24,3,9,8,13
2008-306,Portschach,Clay,32,250,O,20080518,26,P701,,,Michal Przysiezny,R,185,POL,24.252,417,74,Z189,6,,Grega Zemlja,R,183,SLO,21.634,341,96,5-7 6-4 6-3,3,Q3,122,1,0,81,50,36,21,15,1,3,10,7,101,70,52,10,16,6,10
2008-306,Portschach,Clay,32,250,O,20080518,27,K834,,,Blaz Kavcic,R,188,SLO,21.205,366,90,R934,,,Nicolas Reissig,R,185,AUT,19.113,1188,5,6-2 6-0,3,Q3,63,0,2,43,22,19,12,7,4,4,2,1,51,31,15,6,7,5,10
2008-360,Casablanca,Clay,32,250,O,20080518,1,BF60,,,Saad Benkirane,R,,MAR,19.061,,,B670,,,Chemseddine Belal,R,180,MAR,30.604,,,5-7 6-2 6-3,3,Q1,128,3,5,90,55,36,13,15,5,11,1,1,84,71,37,1,14,3,11
2008-360,Casablanca,Clay,32,250,O,20080518,2,B908,,,Johan Brunstrom,L,193,SWE,28.123,570,39,BB64,,,Badr Bouabdellah,,,MAR,,,,6-1 6-2,3,Q1,59,3,1,46,32,20,10,8,3,5,0,4,42,24,8,5,7,4,10
2008-360,Casablanca,Clay,32,250,O,20080518,3,C445,,,Frantisek Cermak,R,193,CZE,31.507,871,12,K364,,,Jordan Kerr,R,180,AUS,28.561,,,6-1 6-2,3,Q1,55,15,3,44,32,27,7,8,0,0,2,2,62,52,25,5,7,5,9
2008-360,Casablanca,Clay,32,250,O,20080518,4,H322,,,Mariano Hood,L,178,ARG,34.76,,,L391,,,Jaroslav Levinsky,R,193,CZE,27.264,,,6-3 6-4,3,Q1,66,3,0,66,44,31,12,10,5,6,5,1,53,34,21,11,9,4,7
2008-360,Casablanca,Clay,32,250,O,20080518,5,K980,,,Reda Karakhi,,,MAR,16.736,,,R847,,,Younes Rachidi,,,MAR,21.678,825,15,5-7 6-3 6-4,3,Q1,167,6,1,124,74,52,23,16,12,14,1,4,96,69,48,13,15,6,9
2008-360,Casablanca,Clay,32,250,O,20080518,6,SE07,,,Mohamed Saber,,,MAR,20.704,1119,6,MH71,,,Ahmed Moumni,,,MAR,19.543,,,6-1 6-1,3,Q1,43,2,1,35,20,16,12,7,0,0,0,1,47,37,16,4,7,3,8
2008-360,Casablanca,Clay,32,250,O,20080518,7,H379,,,Andres Schneiter,R,,ARG,32.11,,,E730,,,Omar Erramy,,,MAR,19.589,,,6-2 6-1,3,Q1,46,0,0,42,28,20,10,7,0,0,0,1,55,42,21,5,8,0,5
2008-360,Casablanca,Clay,32,250,O,20080518,8,S938,,,Bruno Soares,R,180,BRA,26.22,707,23,A938,,,Omar Aboushalam,,,MAR,,,,6-1 6-1,3,Q1,38,0,0,32,17,15,13,7,0,0,0,6,44,14,6,12,7,3,8
2008-360,Casablanca,Clay,32,250,O,20080518,9,SD32,,,Gilles Simon,R,183,FRA,23.389,35,900,BF60,,,Saad Benkirane,R,,MAR,19.061,,,6-1 6-1,3,Q2,48,6,3,40,26,18,7,7,1,3,0,10,54,21,10,8,7,9,16
2008-360,Casablanca,Clay,32,250,O,20080518,10,R383,,,Ruben Ramirez Hidalgo,R,183,ESP,30.363,148,302,B908,,,Johan Brunstrom,L,193,SWE,28.123,570,39,6-3 6-1,3,Q2,97,4,1,42,36,25,5,8,1,2,0,1,55,47,22,3,8,3,8
2008-360,Casablanca,Clay,32,250,O,20080518,11,SD56,3,,Robert Smeets,L,188,AUS,22.519,161,275,SE07,,,Mohamed Saber,,,MAR,20.704,1119,6,6-4 6-2,3,Q2,64,2,4,46,18,17,17,9,1,2,5,2,67,29,17,18,9,8,12
2008-360,Casablanca,Clay,32,250,O,20080518,12,J263,,,Woong-Sun Jun,R,191,KOR,21.927,238,165,H379,,,Andres Schneiter,R,,ARG,32.11,,,6-7(6) 6-2 6-2,3,Q2,103,8,4,85,43,35,22,14,5,7,0,2,97,60,28,23,14,6,12
2008-360,Casablanca,Clay,32,250,O,20080518,13,F375,5,,Marc Fornell-Mestres,R,,ESP,26.308,266,139,S938,,,Bruno Soares,R,180,BRA,26.22,707,23,6-2 6-3,3,Q2,68,2,2,66,40,27,16,9,8,8,2,0,47,30,20,9,8,2,5
2008-360,Casablanca,Clay,32,250,O,20080518,14,N437,6,,Gianluca Naso,R,193,ITA,21.363,275,135,C445,,,Frantisek Cermak,R,193,CZE,31.507,871,12,1-6 6-4 6-3,3,Q2,108,3,0,94,67,38,17,13,6,9,13,6,80,54,44,10,13,1,4
2008-360,Casablanca,Clay,32,250,O,20080518,15,PB22,,,Peter Polansky,R,183,CAN,19.923,285,128,H322,,,Mariano Hood,L,178,ARG,34.76,,,6-4 6-3,3,Q2,74,3,4,72,41,26,17,9,8,10,3,2,69,51,31,5,10,5,10
2008-360,Casablanca,Clay,32,250,O,20080518,16,M812,8,,Gustavo Marcaccio,R,170,ARG,31.042,362,90,K980,,,Reda Karakhi,,,MAR,16.736,,,6-1 6-1,3,Q2,55,4,0,41,26,21,10,7,1,1,0,0,43,14,5,13,7,8,13
2008-360,Casablanca,Clay,32,250,O,20080518,17,SD32,,,Gilles Simon,R,183,FRA,23.389,35,900,N437,6,,Gianluca Naso,R,193,ITA,21.363,275,135,6-2 6-3,3,Q3,54,9,0,41,27,23,13,9,0,0,5,2,56,35,21,10,8,6,9
2008-360,Casablanca,Clay,32,250,O,20080518,18,R383,,,Ruben Ramirez Hidalgo,R,183,ESP,30.363,148,302,M812,8,,Gustavo Marcaccio,R,170,ARG,31.042,362,90,7-6(3) 4-6 6-0,3,Q3,166,4,8,92,52,36,14,14,1,6,2,3,100,56,34,18,14,9,16
2008-360,Casablanca,Clay,32,250,O,20080518,19,PB22,,,Peter Polansky,R,183,CAN,19.923,285,128,SD56,3,,Robert Smeets,L,188,AUS,22.519,161,275,6-3 6-1,3,Q3,52,1,1,43,32,25,7,8,0,0,3,7,54,24,18,10,8,3,7
2008-360,Casablanca,Clay,32,250,O,20080518,20,J263,,,Woong-Sun Jun,R,191,KOR,21.927,238,165,F375,5,,Marc Fornell-Mestres,R,,ESP,26.308,266,139,6-3 4-6 6-3,3,Q3,116,4,5,89,55,43,17,14,5,6,1,7,91,46,35,21,14,3,6
2008-520,Roland Garros,Clay,128,G,O,20080525,1,SE66,,,Eduardo Schwank,R,183,ARG,22.089,74,531,R364,,,Bjorn Rehnquist,R,175,SWE,30.385,254,147,6-1 1-6 6-3,3,Q1,,,,,,,,,,,,,,,,,,,
2008-520,Roland Garros,Clay,128,G,O,20080525,2,BD20,,,Thomaz Bellucci,L,188,BRA,20.402,75,520,S893,,,Martin Slanar,R,,AUT,27.066,198,201,6-4 6-4,3,Q1,,,,,,,,,,,,,,,,,,,
2008-520,Roland Garros,Clay,128,G,O,20080525,3,H390,,,Luis Horna,R,180,PER,27.693,82,505,V220,,,Jan Vacek,R,198,CZE,32.041,250,150,6-2 6-4,3,Q1,,,,,,,,,,,,,,,,,,,
2008-520,Roland Garros,Clay,128,G,O,20080525,4,K760,,,Evgeny Korolev,R,185,KAZ,20.277,88,489,BC65,,,Matthias Bachinger,R,188,GER,21.147,191,214,6-0 6-4,3,Q1,,,,,,,,,,,,,,,,,,,
2008-520,Roland Garros,Clay,128,G,O,20080525,5,N552,5,,Kei Nishikori,R,178,JPN,18.404,99,446,A502,,,Juan-Martin Aranguren,R,,ARG,24.632,235,166,1-6 6-3 6-2,3,Q1,,,,,,,,,,,,,,,,,,,
2008-520,Roland Garros,Clay,128,G,O,20080525,6,A678,6,,Kevin Anderson,R,203,RSA,22.021,100,439,M836,,,Dominik Meffert,R,196,GER,27.127,172,254,7-5 1-6 6-3,3,Q1,,,,,,,,,,,,,,,,,,,
2008-520,Roland Garros,Clay,128,G,O,20080525,7,K371,,,Roko Karanusic,R,183,CRO,25.719,111,420,G493,,,Catalin-Ionut Gard,R,,ROU,26.875,234,166,6-2 6-1,3,Q1,,,,,,,,,,,,,,,,,,,
2008-520,Roland Garros,Clay,128,G,O,20080525,8,L513,,,Miguel Angel Lopez Jaen,R,188,ESP,25.487,266,140,D556,8,,Brian Dabul,L,170,ARG,24.249,116,402,7-6(4) 0-6 6-4,3,Q1,,,,,,,,,,,,,,,,,,,
2008-520,Roland Garros,Clay,128,G,O,20080525,9,H704,,,Jesse Huta Galung,R,,NED,22.634,188,215,C723,9,,Flavio Cipolla,R,173,ITA,24.597,118,394,7-6(3) 6-3,3,Q1,,,,,,,,,,,,,,,,,,,
2008-520,Roland Garros,Clay,128,G,O,20080525,10,M655,10,,Nicolas Massu,R,183,CHI,28.624,121,385,L657,,,Gary Lugassy,L,,FRA,25.763,224,177,6-3 6-0,3,Q1,,,,,,,,,,,,,,,,,,,
2008-520,Roland Garros,Clay,128,G,O,20080525,11,D479,,,Sebastian Decoud,L,180,ARG,26.683,248,152,R336,11,,Christophe Rochus,R,170,BEL,29.443,123,383,6-4 3-6 6-3,3,Q1,,,,,,,,,,,,,,,,,,,
2008-520,Roland Garros,Clay,128,G,O,20080525,12,D424,12,,Rik De Voest,R,180,RSA,27.97,128,357,D272,,,Antony Dupuis,R,185,FRA,35.247,204,194,6-3 6-2,3,Q1,,,,,,,,,,,,,,,,,,,
2008-520,Roland Garros,Clay,128,G,O,20080525,13,P436,,,Bjorn Phau,R,175,GER,28.641,160,282,R613,13,,Edouard Roger-Vasselin,R,185,FRA,24.49,129,353,7-6(3) 6-4,3,Q1,,,,,,,,,,,,,,,,,,,
2008-520,Roland Garros,Clay,128,G,O,20080525,14,M590,14,,Alberto Martin,R,175,ESP,29.763,130,353,CA93,,,Pavel Chekhov,R,,RUS,19.828,231,170,6-1 6-4,3,Q1,,,,,,,,,,,,,,,,,,,
2008-520,Roland Garros,Clay,128,G,O,20080525,15,SC77,15,,Sergiy Stakhovsky,R,193,UKR,22.382,131,349,H804,,,Andreas Haider-Maurer,R,191,AUT,21.177,223,178,6-2 6-2,3,Q1,,,,,,,,,,,,,,,,,,,
2008-520,Roland Garros,Clay,128,G,O,20080525,16,G717,,,Fred Gil,R,173,POR,23.17,134,345,PC34,,,Stephane Piro,,,FRA,18.784,948,10,6-1 6-0,3,Q1,,,,,,,,,,,,,,,,,,,
2008-520,Roland Garros,Clay,128,G,O,20080525,17,E160,,,Konstantinos Economidis,R,188,GRE,30.56,185,218,E141,17,,Werner Eschauer,R,188,AUT,34.081,135,344,7-6(2) 5-7 6-3,3,Q1,,,,,,,,,,,,,,,,,,,
2008-520,Roland Garros,Clay,128,G,O,20080525,18,K926,18,,Mikhail Kukushkin,R,183,KAZ,20.413,136,342,G372,,,Stefano Galvani,R,175,ITA,30.976,206,193,7-5 7-6(6),3,Q1,,,,,,,,,,,,,,,,,,,
2008-520,Roland Garros,Clay,128,G,O,20080525,19,G585,,,Maximo Gonzalez,R,173,ARG,24.849,137,340,Q017,,,Michael Quintero,R,,COL,27.871,246,154,6-3 6-1,3,Q1,,,,,,,,,,,,,,,,,,,
2008-520,Roland Garros,Clay,128,G,O,20080525,20,H442,20,,Jan Hernych,R,188,CZE,28.884,138,337,N233,,,Dick Norman,L,203,BEL,37.235,205,194,6-4 7-5,3,Q1,,,,,,,,,,,,,,,,,,,
2008-520,Roland Garros,Clay,128,G,O,20080525,21,R383,21,,Ruben Ramirez Hidalgo,R,183,ESP,30.382,140,335,A340,,,Francesco Aldi,R,175,ITA,26.686,278,134,6-4 6-0,3,Q1,,,,,,,,,,,,,,,,,,,
2008-520,Roland Garros,Clay,128,G,O,20080525,22,C634,,,Paul Capdeville,R,191,CHI,25.147,141,333,RA17,,,Guillaume Rufin,R,188,FRA,17.999,1145,5,6-2 6-3,3,Q1,,,,,,,,,,,,,,,,,,,
2008-520,Roland Garros,Clay,128,G,O,20080525,23,L480,,,Marc Lopez,R,175,ESP,25.818,176,242,BA86,23,,Andreas Beck,L,191,GER,22.3,143,332,6-4 7-5,3,Q1,,,,,,,,,,,,,,,,,,,
2008-520,Roland Garros,Clay,128,G,O,20080525,24,G753,,,David Guez,R,185,FRA,25.462,174,249,B752,24,,Stephane Bohli,R,185,SUI,24.835,144,330,3-0 RET,3,Q1,,,,,,,,,,,,,,,,,,,
2008-520,Roland Garros,Clay,128,G,O,20080525,25,BA08,,,Alberto Brizzi,R,,ITA,24.164,292,125,G806,25,,Andrey Golubev,R,180,KAZ,20.843,146,326,3-6 6-4 6-1,3,Q1,,,,,,,,,,,,,,,,,,,
2008-520,Roland Garros,Clay,128,G,O,20080525,26,D469,,,Nicolas Devilder,L,173,FRA,28.167,148,311,PD31,,,Benoit Paire,R,196,FRA,19.047,590,37,6-3 6-2,3,Q1,,,,,,,,,,,,,,,,,,,
2008-520,Roland Garros,Clay,128,G,O,20080525,27,A596,,,Pablo Andujar,R,180,ESP,22.335,151,303,W387,,,Jesse Witten,R,178,USA,25.61,241,158,6-2 6-2,3,Q1,,,,,,,,,,,,,,,,,,,
2008-520,Roland Garros,Clay,128,G,O,20080525,28,S673,,,Joseph Sirianni,R,178,AUS,33.352,167,262,I165,29,,Denis Istomin,R,185,UZB,21.714,152,300,6-3 6-3,3,Q1,,,,,,,,,,,,,,,,,,,
2008-520,Roland Garros,Clay,128,G,O,20080525,29,H502,30,,Diego Hartfield,R,185,ARG,27.313,153,297,L702,,,Mikhail Ledovskikh,R,188,RUS,21.796,161,277,6-7(2) 6-2 6-1,3,Q1,,,,,,,,,,,,,,,,,,,
2008-520,Roland Garros,Clay,128,G,O,20080525,30,V205,31,,Dusan Vemic,R,188,SRB,31.937,155,294,MB53,,,Adrian Menendez-Maceiras,R,183,ESP,22.574,179,232,6-1 7-6(6),3,Q1,,,,,,,,,,,,,,,,,,,
2008-520,Roland Garros,Clay,128,G,O,20080525,31,C666,32,,Adrian Cruciat,R,,ROU,25.153,156,290,P567,,,Filip Prpic,R,173,SWE,25.999,210,188,6-0 1-0 RET,3,Q1,,,,,,,,,,,,,,,,,,,
2008-520,Roland Garros,Clay,128,G,O,20080525,32,A410,,,Thiago Alves,R,178,BRA,26.01,208,191,M915,,,Daniel Munoz de la Nava,L,175,ESP,26.319,173,252,7-6(5) 6-7(6) 7-5,3,Q1,,,,,,,,,,,,,,,,,,,
2008-520,Roland Garros,Clay,128,G,O,20080525,33,A311,,,Hugo Armando,R,183,USA,29.996,218,182,J164,,,Julien Jeanpierre,R,188,FRA,28.208,470,60,7-6(8) 1-6 6-2,3,Q1,,,,,,,,,,,,,,,,,,,
2008-520,Roland Garros,Clay,128,G,O,20080525,34,B929,,,Alex Bogdanovic,L,183,GBR,24.008,243,157,R851,,,Mathieu Rodrigues,R,180,FRA,22.546,536,45,6-0 6-3,3,Q1,,,,,,,,,,,,,,,,,,,
2008-520,Roland Garros,Clay,128,G,O,20080525,35,BA57,,,Ilija Bozoljac,R,193,SRB,22.812,209,191,T296,,,Gabriel Trujillo-Soler,R,,ESP,28.652,226,175,7-5 6-4,3,Q1,,,,,,,,,,,,,,,,,,,
2008-520,Roland Garros,Clay,128,G,O,20080525,36,BC72,,,Daniel Brands,R,196,GER,20.857,200,199,B842,,,Alex Bogomolov Jr.,R,178,RUS,25.09,201,199,7-6(1) 6-0,3,Q1,,,,,,,,,,,,,,,,,,,
2008-520,Roland Garros,Clay,128,G,O,20080525,37,C856,,,Victor Crivoi,R,185,ROU,26.001,280,133,R750,,,Pere Riba,R,183,ESP,20.131,214,183,6-2 6-2,3,Q1,,,,,,,,,,,,,,,,,,,
2008-520,Roland Garros,Clay,128,G,O,20080525,38,D351,,,Sebastien De Chaunac,R,183,FRA,30.631,264,140,L523,,,Michael Lammer,R,185,SUI,26.168,247,153,6-4 6-7(4) 6-4,3,Q1,,,,,,,,,,,,,,,,,,,
2008-520,Roland Garros,Clay,128,G,O,20080525,39,D385,,,Benedikt Dorsch,R,178,GER,27.37,274,137,MB88,,,Matwe Middelkoop,R,191,NED,24.726,221,180,6-3 6-4,3,Q1,,,,,,,,,,,,,,,,,,,
2008-520,Roland Garros,Clay,128,G,O,20080525,40,F433,,,Franco Ferreiro,R,188,BRA,23.899,175,243,K737,,,Alex Kuznetsov,R,183,USA,21.3,230,171,6-2 6-1,3,Q1,,,,,,,,,,,,,,,,,,,
2008-520,Roland Garros,Clay,128,G,O,20080525,41,F580,,,Martin Fischer,R,180,AUT,21.845,256,147,D729,,,Jonathan Dasnieres de Veigy,L,175,FRA,21.385,398,78,4-6 7-6(4) 6-2,3,Q1,,,,,,,,,,,,,,,,,,,
2008-520,Roland Garros,Clay,128,G,O,20080525,42,G695,,,Augustin Gensse,R,180,FRA,24.791,253,148,SE69,,,Ivan Sergeyev,R,175,UKR,20.345,257,146,6-2 6-2,3,Q1,,,,,,,,,,,,,,,,,,,
2008-520,Roland Garros,Clay,128,G,O,20080525,43,G725,,,Santiago Giraldo,R,188,COL,20.493,180,229,P467,,,Alexander Peya,R,183,AUT,27.91,217,182,6-4 6-3,3,Q1,,,,,,,,,,,,,,,,,,,
2008-520,Roland Garros,Clay,128,G,O,20080525,44,G511,,,Simon Greul,R,185,GER,27.116,193,206,S877,,,Julio Silva,R,173,BRA,28.901,233,167,6-4 6-2,3,Q1,,,,,,,,,,,,,,,,,,,
2008-520,Roland Garros,Clay,128,G,O,20080525,45,I236,,,Uladzimir Ignatik,R,183,BLR,17.864,524,47,B946,,,Benjamin Balleret,R,183,MON,25.358,378,87,6-1 7-5,3,Q1,,,,,,,,,,,,,,,,,,,
2008-520,Roland Garros,Clay,128,G,O,20080525,46,J290,,,Scoville Jenkins,R,188,USA,21.67,228,172,M759,,,Wesley Moodie,R,196,RSA,29.276,192,208,6-4 7-6(3),3,Q1,,,,,,,,,,,,,,,,,,,
2008-520,Roland Garros,Clay,128,G,O,20080525,47,J214,,,Diego Junqueira,L,178,ARG,27.406,164,265,V298,,,Cristian Villagran,R,180,SUI,26.344,212,185,6-4 7-6(2),3,Q1,,,,,,,,,,,,,,,,,,,
2008-520,Roland Garros,Clay,128,G,O,20080525,48,K839,,,Tobias Kamke,R,178,GER,22.012,225,176,D487,,,Lukas Dlouhy,R,185,CZE,25.128,177,238,7-6(2) 6-2,3,Q1,,,,,,,,,,,,,,,,,,,
2008-520,Roland Garros,Clay,128,G,O,20080525,49,K512,,,Ivo Klec,R,183,SVK,27.488,267,139,L336,,,Harel Levy,R,185,ISR,29.804,162,275,7-6(2) 7-5,3,Q1,,,,,,,,,,,,,,,,,,,
2008-520,Roland Garros,Clay,128,G,O,20080525,50,L386,,,Jean-Rene Lisnard,R,173,MON,28.665,229,171,D801,,,Alexandr Dolgopolov,R,180,UKR,19.546,237,164,6-0 4-2 RET,3,Q1,,,,,,,,,,,,,,,,,,,
2008-520,Roland Garros,Clay,128,G,O,20080525,51,L503,,,Paolo Lorenzi,R,183,ITA,26.442,249,152,N291,,,Frederic Niemeyer,R,191,CAN,32.085,240,159,6-4 6-2,3,Q1,,,,,,,,,,,,,,,,,,,
2008-520,Roland Garros,Clay,128,G,O,20080525,52,M984,,,David Marrero,R,183,ESP,28.129,269,138,V195,,,Fernando Vicente,R,180,ESP,31.214,182,227,6-4 7-5,3,Q1,,,,,,,,,,,,,,,,,,,
2008-520,Roland Garros,Clay,128,G,O,20080525,53,MA38,,,Jan Mertl,R,191,CZE,26.39,261,144,M800,,,Jan Minar,R,,CZE,27.127,184,220,4-6 6-4 6-2,3,Q1,,,,,,,,,,,,,,,,,,,
2008-520,Roland Garros,Clay,128,G,O,20080525,54,M783,,,Ivan Miranda,R,175,PER,28.214,171,256,K358,,,Kevin Kim,R,180,USA,29.832,163,267,6-3 6-2,3,Q1,,,,,,,,,,,,,,,,,,,
2008-520,Roland Garros,Clay,128,G,O,20080525,55,O253,,,Dawid Olejniczak,R,,POL,25.235,199,200,G744,,,Josh Goodall,R,188,GBR,22.604,275,137,6-4 6-4,3,Q1,,,,,,,,,,,,,,,,,,,
2008-520,Roland Garros,Clay,128,G,O,20080525,56,O264,,,Josselin Ouanna,R,193,FRA,22.114,227,174,E180,,,Mikhail Elgin,R,183,RUS,26.612,190,214,6-1 6-0,3,Q1,,,,,,,,,,,,,,,,,,,
2008-520,Roland Garros,Clay,128,G,O,20080525,57,R685,,,Lukas Rosol,R,193,CZE,22.836,215,183,H469,,,KJ Hippensteel,L,191,USA,28.047,722,22,6-1 6-2,3,Q1,,,,,,,,,,,,,,,,,,,
2008-520,Roland Garros,Clay,128,G,O,20080525,58,S809,,,Yuri Schukin,R,185,KAZ,28.914,159,283,L797,,,Lukas Lacko,R,188,SVK,20.559,166,264,6-0 6-1,3,Q1,,,,,,,,,,,,,,,,,,,
2008-520,Roland Garros,Clay,128,G,O,20080525,59,SD78,,,Alexandre Sidorenko,R,185,FRA,20.266,322,109,K551,,,Daniel Koellerer,R,180,AUT,24.772,165,265,6-3 3-6 6-4,3,Q1,,,,,,,,,,,,,,,,,,,
2008-520,Roland Garros,Clay,128,G,O,20080525,60,SG64,,,Joao Souza,R,193,BRA,19.995,216,183,E196,,,Rainer Eitzinger,R,178,AUT,24.909,263,140,6-3 6-3,3,Q1,,,,,,,,,,,,,,,,,,,
2008-520,Roland Garros,Clay,128,G,O,20080525,61,S944,,,Simon Stadler,L,183,GER,24.849,170,258,V267,,,Melle Van Gemerden,R,183,NED,29.046,,,6-4 6-7(3) 6-0,3,Q1,,,,,,,,,,,,,,,,,,,
2008-520,Roland Garros,Clay,128,G,O,20080525,62,U032,,,Bohdan Ulihrach,R,188,CZE,33.251,220,180,L799,,,Jesse Levine,L,175,CAN,20.611,147,322,6-4 1-6 6-1,3,Q1,,,,,,,,,,,,,,,,,,,
2008-520,Roland Garros,Clay,128,G,O,20080525,63,U061,,,Adrian Ungur,R,178,ROU,23.337,271,137,S842,,,Andrea Stoppini,R,191,ITA,28.235,289,127,3-6 6-2 6-2,3,Q1,,,,,,,,,,,,,,,,,,,
2008-520,Roland Garros,Clay,128,G,O,20080525,64,Z074,,,Tomas Zib,R,178,CZE,32.315,203,196,R628,,,Laurent Recouderc,R,,AND,23.874,197,203,6-1 6-4,3,Q1,,,,,,,,,,,,,,,,,,,
2008-520,Roland Garros,Clay,128,G,O,20080525,65,SE66,,,Eduardo Schwank,R,183,ARG,22.089,74,531,I236,,,Uladzimir Ignatik,R,183,BLR,17.864,524,47,3-6 6-1 6-2,3,Q2,,,,,,,,,,,,,,,,,,,
2008-520,Roland Garros,Clay,128,G,O,20080525,66,BD20,,,Thomaz Bellucci,L,188,BRA,20.402,75,520,K512,,,Ivo Klec,R,183,SVK,27.488,267,139,7-6(6) 1-6 6-4,3,Q2,,,,,,,,,,,,,,,,,,,
2008-520,Roland Garros,Clay,128,G,O,20080525,67,H390,,,Luis Horna,R,180,PER,27.693,82,505,R685,,,Lukas Rosol,R,193,CZE,22.836,215,183,6-4 6-4,3,Q2,,,,,,,,,,,,,,,,,,,
2008-520,Roland Garros,Clay,128,G,O,20080525,68,K760,,,Evgeny Korolev,R,185,KAZ,20.277,88,489,D351,,,Sebastien De Chaunac,R,183,FRA,30.631,264,140,6-3 6-7(6) 6-4,3,Q2,,,,,,,,,,,,,,,,,,,
2008-520,Roland Garros,Clay,128,G,O,20080525,69,G511,,,Simon Greul,R,185,GER,27.116,193,206,N552,5,,Kei Nishikori,R,178,JPN,18.404,99,446,6-2 7-5,3,Q2,,,,,,,,,,,,,,,,,,,
2008-520,Roland Garros,Clay,128,G,O,20080525,70,J290,,,Scoville Jenkins,R,188,USA,21.67,228,172,A678,6,,Kevin Anderson,R,203,RSA,22.021,100,439,6-2 7-6(6),3,Q2,,,,,,,,,,,,,,,,,,,
2008-520,Roland Garros,Clay,128,G,O,20080525,71,K371,,,Roko Karanusic,R,183,CRO,25.719,111,420,F580,,,Martin Fischer,R,180,AUT,21.845,256,147,1-6 6-3 6-3,3,Q2,,,,,,,,,,,,,,,,,,,
2008-520,Roland Garros,Clay,128,G,O,20080525,72,BC72,,,Daniel Brands,R,196,GER,20.857,200,199,M655,10,,Nicolas Massu,R,183,CHI,28.624,121,385,6-2 6-3,3,Q2,,,,,,,,,,,,,,,,,,,
2008-520,Roland Garros,Clay,128,G,O,20080525,73,D424,12,,Rik De Voest,R,180,RSA,27.97,128,357,SG64,,,Joao Souza,R,193,BRA,19.995,216,183,2-6 6-4 6-4,3,Q2,,,,,,,,,,,,,,,,,,,
2008-520,Roland Garros,Clay,128,G,O,20080525,74,O264,,,Josselin Ouanna,R,193,FRA,22.114,227,174,M590,14,,Alberto Martin,R,175,ESP,29.763,130,353,2-6 6-3 7-5,3,Q2,,,,,,,,,,,,,,,,,,,
2008-520,Roland Garros,Clay,128,G,O,20080525,75,O253,,,Dawid Olejniczak,R,,POL,25.235,199,200,SC77,15,,Sergiy Stakhovsky,R,193,UKR,22.382,131,349,7-5 6-4,3,Q2,,,,,,,,,,,,,,,,,,,
2008-520,Roland Garros,Clay,128,G,O,20080525,76,G717,,,Fred Gil,R,173,POR,23.17,134,345,S944,,,Simon Stadler,L,183,GER,24.849,170,258,6-2 6-4,3,Q2,,,,,,,,,,,,,,,,,,,
2008-520,Roland Garros,Clay,128,G,O,20080525,77,M984,,,David Marrero,R,183,ESP,28.129,269,138,K926,18,,Mikhail Kukushkin,R,183,KAZ,20.413,136,342,1-6 6-3 7-5,3,Q2,,,,,,,,,,,,,,,,,,,
2008-520,Roland Garros,Clay,128,G,O,20080525,78,G585,,,Maximo Gonzalez,R,173,ARG,24.849,137,340,MA38,,,Jan Mertl,R,191,CZE,26.39,261,144,6-3 6-4,3,Q2,,,,,,,,,,,,,,,,,,,
2008-520,Roland Garros,Clay,128,G,O,20080525,79,S809,,,Yuri Schukin,R,185,KAZ,28.914,159,283,H442,20,,Jan Hernych,R,188,CZE,28.884,138,337,6-4 6-3,3,Q2,,,,,,,,,,,,,,,,,,,
2008-520,Roland Garros,Clay,128,G,O,20080525,80,R383,21,,Ruben Ramirez Hidalgo,R,183,ESP,30.382,140,335,K839,,,Tobias Kamke,R,178,GER,22.012,225,176,4-6 6-4 6-3,3,Q2,,,,,,,,,,,,,,,,,,,
2008-520,Roland Garros,Clay,128,G,O,20080525,81,C634,,,Paul Capdeville,R,191,CHI,25.147,141,333,F433,,,Franco Ferreiro,R,188,BRA,23.899,175,243,6-3 4-6 6-4,3,Q2,,,,,,,,,,,,,,,,,,,
2008-520,Roland Garros,Clay,128,G,O,20080525,82,D469,,,Nicolas Devilder,L,173,FRA,28.167,148,311,D385,,,Benedikt Dorsch,R,178,GER,27.37,274,137,6-3 6-4,3,Q2,,,,,,,,,,,,,,,,,,,
2008-520,Roland Garros,Clay,128,G,O,20080525,83,A596,,,Pablo Andujar,R,180,ESP,22.335,151,303,G695,,,Augustin Gensse,R,180,FRA,24.791,253,148,7-5 6-7(5) 6-3,3,Q2,,,,,,,,,,,,,,,,,,,
2008-520,Roland Garros,Clay,128,G,O,20080525,84,BA57,,,Ilija Bozoljac,R,193,SRB,22.812,209,191,H502,30,,Diego Hartfield,R,185,ARG,27.313,153,297,7-6(7) 6-7(2) 11-9,3,Q2,,,,,,,,,,,,,,,,,,,
2008-520,Roland Garros,Clay,128,G,O,20080525,85,A410,,,Thiago Alves,R,178,BRA,26.01,208,191,V205,31,,Dusan Vemic,R,188,SRB,31.937,155,294,6-4 6-7(4) 6-2,3,Q2,,,,,,,,,,,,,,,,,,,
2008-520,Roland Garros,Clay,128,G,O,20080525,86,Z074,,,Tomas Zib,R,178,CZE,32.315,203,196,C666,32,,Adrian Cruciat,R,,ROU,25.153,156,290,3-6 7-6(5) 6-3,3,Q2,,,,,,,,,,,,,,,,,,,
2008-520,Roland Garros,Clay,128,G,O,20080525,87,C856,,,Victor Crivoi,R,185,ROU,26.001,280,133,U032,,,Bohdan Ulihrach,R,188,CZE,33.251,220,180,6-4 6-7(0) 6-4,3,Q2,,,,,,,,,,,,,,,,,,,
2008-520,Roland Garros,Clay,128,G,O,20080525,88,D479,,,Sebastian Decoud,L,180,ARG,26.683,248,152,SD78,,,Alexandre Sidorenko,R,185,FRA,20.266,322,109,0-6 6-4 6-4,3,Q2,,,,,,,,,,,,,,,,,,,
2008-520,Roland Garros,Clay,128,G,O,20080525,89,G725,,,Santiago Giraldo,R,188,COL,20.493,180,229,G753,,,David Guez,R,185,FRA,25.462,174,249,6-4 6-4,3,Q2,,,,,,,,,,,,,,,,,,,
2008-520,Roland Garros,Clay,128,G,O,20080525,90,H704,,,Jesse Huta Galung,R,,NED,22.634,188,215,A311,,,Hugo Armando,R,183,USA,29.996,218,182,6-2 6-0,3,Q2,,,,,,,,,,,,,,,,,,,
2008-520,Roland Garros,Clay,128,G,O,20080525,91,J214,,,Diego Junqueira,L,178,ARG,27.406,164,265,E160,,,Konstantinos Economidis,R,188,GRE,30.56,185,218,2-1 RET,3,Q2,,,,,,,,,,,,,,,,,,,
2008-520,Roland Garros,Clay,128,G,O,20080525,92,L386,,,Jean-Rene Lisnard,R,173,MON,28.665,229,171,S673,,,Joseph Sirianni,R,178,AUS,33.352,167,262,6-3 1-6 10-8,3,Q2,,,,,,,,,,,,,,,,,,,
2008-520,Roland Garros,Clay,128,G,O,20080525,93,L480,,,Marc Lopez,R,175,ESP,25.818,176,242,L503,,,Paolo Lorenzi,R,183,ITA,26.442,249,152,6-4 6-3,3,Q2,,,,,,,,,,,,,,,,,,,
2008-520,Roland Garros,Clay,128,G,O,20080525,94,L513,,,Miguel Angel Lopez Jaen,R,188,ESP,25.487,266,140,B929,,,Alex Bogdanovic,L,183,GBR,24.008,243,157,0-6 6-4 6-1,3,Q2,,,,,,,,,,,,,,,,,,,
2008-520,Roland Garros,Clay,128,G,O,20080525,95,M783,,,Ivan Miranda,R,175,PER,28.214,171,256,BA08,,,Alberto Brizzi,R,,ITA,24.164,292,125,7-6(5) 6-3,3,Q2,,,,,,,,,,,,,,,,,,,
2008-520,Roland Garros,Clay,128,G,O,20080525,96,P436,,,Bjorn Phau,R,175,GER,28.641,160,282,U061,,,Adrian Ungur,R,178,ROU,23.337,271,137,6-4 6-2,3,Q2,,,,,,,,,,,,,,,,,,,
2008-520,Roland Garros,Clay,128,G,O,20080525,97,SE66,,,Eduardo Schwank,R,183,ARG,22.089,74,531,BA57,,,Ilija Bozoljac,R,193,SRB,22.812,209,191,7-6(6) 7-5,3,Q3,,,,,,,,,,,,,,,,,,,
2008-520,Roland Garros,Clay,128,G,O,20080525,98,BD20,,,Thomaz Bellucci,L,188,BRA,20.402,75,520,Z074,,,Tomas Zib,R,178,CZE,32.315,203,196,6-3 6-3,3,Q3,,,,,,,,,,,,,,,,,,,
2008-520,Roland Garros,Clay,128,G,O,20080525,99,J214,,,Diego Junqueira,L,178,ARG,27.406,164,265,H390,,,Luis Horna,R,180,PER,27.693,82,505,6-3 6-4,3,Q3,,,,,,,,,,,,,,,,,,,
2008-520,Roland Garros,Clay,128,G,O,20080525,100,L386,,,Jean-Rene Lisnard,R,173,MON,28.665,229,171,K760,,,Evgeny Korolev,R,185,KAZ,20.277,88,489,5-7 6-4 8-6,3,Q3,,,,,,,,,,,,,,,,,,,
2008-520,Roland Garros,Clay,128,G,O,20080525,101,K371,,,Roko Karanusic,R,183,CRO,25.719,111,420,M783,,,Ivan Miranda,R,175,PER,28.214,171,256,6-3 6-1,3,Q3,,,,,,,,,,,,,,,,,,,
2008-520,Roland Garros,Clay,128,G,O,20080525,102,D469,,,Nicolas Devilder,L,173,FRA,28.167,148,311,D424,12,,Rik De Voest,R,180,RSA,27.97,128,357,6-3 6-3,3,Q3,,,,,,,,,,,,,,,,,,,
2008-520,Roland Garros,Clay,128,G,O,20080525,103,G717,,,Fred Gil,R,173,POR,23.17,134,345,G725,,,Santiago Giraldo,R,188,COL,20.493,180,229,3-6 7-6(5) 6-2,3,Q3,,,,,,,,,,,,,,,,,,,
2008-520,Roland Garros,Clay,128,G,O,20080525,104,G585,,,Maximo Gonzalez,R,173,ARG,24.849,137,340,O264,,,Josselin Ouanna,R,193,FRA,22.114,227,174,6-4 4-6 6-3,3,Q3,,,,,,,,,,,,,,,,,,,
2008-520,Roland Garros,Clay,128,G,O,20080525,105,J290,,,Scoville Jenkins,R,188,USA,21.67,228,172,R383,21,,Ruben Ramirez Hidalgo,R,183,ESP,30.382,140,335,6-3 6-7(1) 9-7,3,Q3,,,,,,,,,,,,,,,,,,,
2008-520,Roland Garros,Clay,128,G,O,20080525,106,C634,,,Paul Capdeville,R,191,CHI,25.147,141,333,O253,,,Dawid Olejniczak,R,,POL,25.235,199,200,6-4 6-3,3,Q3,,,,,,,,,,,,,,,,,,,
2008-520,Roland Garros,Clay,128,G,O,20080525,107,BC72,,,Daniel Brands,R,196,GER,20.857,200,199,A596,,,Pablo Andujar,R,180,ESP,22.335,151,303,6-3 6-2,3,Q3,,,,,,,,,,,,,,,,,,,
2008-520,Roland Garros,Clay,128,G,O,20080525,108,C856,,,Victor Crivoi,R,185,ROU,26.001,280,133,D479,,,Sebastian Decoud,L,180,ARG,26.683,248,152,6-4 6-4,3,Q3,,,,,,,,,,,,,,,,,,,
2008-520,Roland Garros,Clay,128,G,O,20080525,109,G511,,,Simon Greul,R,185,GER,27.116,193,206,S809,,,Yuri Schukin,R,185,KAZ,28.914,159,283,6-0 7-6(1),3,Q3,,,,,,,,,,,,,,,,,,,
2008-520,Roland Garros,Clay,128,G,O,20080525,110,H704,,,Jesse Huta Galung,R,,NED,22.634,188,215,L480,,,Marc Lopez,R,175,ESP,25.818,176,242,6-7(3) 7-6(3) 6-3,3,Q3,,,,,,,,,,,,,,,,,,,
2008-520,Roland Garros,Clay,128,G,O,20080525,111,L513,,,Miguel Angel Lopez Jaen,R,188,ESP,25.487,266,140,A410,,,Thiago Alves,R,178,BRA,26.01,208,191,7-5 4-6 6-1,3,Q3,,,,,,,,,,,,,,,,,,,
2008-520,Roland Garros,Clay,128,G,O,20080525,112,M984,,,David Marrero,R,183,ESP,28.129,269,138,P436,,,Bjorn Phau,R,175,GER,28.641,160,282,6-3 7-5,3,Q3,,,,,,,,,,,,,,,,,,,
2008-311,Queen's Club,Grass,56,250,O,20080609,1,S944,,,Simon Stadler,L,183,GER,24.89,167,258,SC47,1,,Go Soeda,R,178,JPN,23.759,125,378,6-2 7-6(4),3,Q1,99,5,1,74,50,35,12,10,3,4,1,1,81,48,26,20,10,5,8
2008-311,Queen's Club,Grass,56,250,O,20080609,2,SE83,,,Alexander Slabinsky,R,185,GBR,22.261,324,108,MA30,2,,Gilles Muller,L,193,LUX,25.087,105,437,7-6(1) 7-6(8),3,Q1,98,17,4,84,48,40,22,12,0,0,13,3,93,65,50,13,12,4,4
2008-311,Queen's Club,Grass,56,250,O,20080609,3,D424,,,Rik De Voest,R,180,RSA,28.011,139,338,K737,,,Alex Kuznetsov,R,183,USA,21.342,225,172,7-6(3) 6-1,3,Q1,71,1,3,62,36,29,18,10,3,3,9,2,63,36,22,16,9,5,7
2008-311,Queen's Club,Grass,56,250,O,20080609,4,SC77,4,,Sergiy Stakhovsky,R,193,UKR,22.423,136,345,D351,,,Sebastien De Chaunac,R,183,FRA,30.672,265,140,6-4 7-6(2),3,Q1,100,6,4,67,42,35,11,11,0,1,4,7,75,41,29,15,11,7,9
2008-311,Queen's Club,Grass,56,250,O,20080609,5,K926,5,,Mikhail Kukushkin,R,183,KAZ,20.454,138,339,N291,,,Frederic Niemeyer,R,191,CAN,32.126,248,153,7-6(5) 6-2,3,Q1,78,5,2,70,41,30,19,10,1,1,11,9,67,42,34,9,10,1,3
2008-311,Queen's Club,Grass,56,250,O,20080609,6,W503,,,James Ward,R,188,GBR,21.331,495,53,B752,6,,Stephane Bohli,R,185,SUI,24.876,137,340,7-5 RET,3,Q1,45,5,3,37,26,20,5,6,2,3,2,3,46,27,16,9,6,6,8
2008-311,Queen's Club,Grass,56,250,O,20080609,7,E254,,,Brendan Evans,R,188,USA,22.171,196,202,G806,7,,Andrey Golubev,R,180,KAZ,20.884,151,306,6-1 3-6 6-3,3,Q1,70,4,1,70,51,39,13,13,0,1,4,0,68,38,23,20,12,3,6
2008-311,Queen's Club,Grass,56,250,O,20080609,8,Q019,8,,Aisam-Ul-Haq Qureshi,R,183,PAK,28.23,152,304,SD56,,,Robert Smeets,L,188,AUS,22.579,169,254,6-3 6-3,3,Q1,59,5,2,61,44,28,9,9,3,4,3,3,50,31,17,10,9,2,6
2008-311,Queen's Club,Grass,56,250,O,20080609,9,B977,,,Richard Bloomfield,R,185,GBR,25.12,412,76,L336,,,Harel Levy,R,185,ISR,29.845,159,283,6-4 6-3,3,Q1,64,3,2,50,32,29,12,10,0,1,1,1,51,35,19,9,9,1,4
2008-311,Queen's Club,Grass,56,250,O,20080609,10,E180,,,Mikhail Elgin,R,183,RUS,26.653,203,194,E629,,,Colin Ebelthite,R,,AUS,23.532,216,184,6-1 7-5,3,Q1,63,6,2,56,38,27,13,10,1,2,1,2,53,33,24,5,9,3,7
2008-311,Queen's Club,Grass,56,250,O,20080609,11,F491,,,Adam Feeney,R,178,AUS,23.258,275,134,V205,,,Dusan Vemic,R,188,SRB,31.978,160,278,6-3 6-3,3,Q1,70,4,5,54,37,29,8,9,1,2,3,4,59,37,22,9,9,4,8
2008-311,Queen's Club,Grass,56,250,O,20080609,12,J263,,,Woong-Sun Jun,R,191,KOR,21.988,233,163,A487,,,Prakash Amritraj,R,188,IND,24.687,282,128,6-3 6-2,3,Q1,76,4,3,70,46,35,11,9,6,6,2,2,56,33,19,9,8,0,3
2008-311,Queen's Club,Grass,56,250,O,20080609,13,K512,,,Ivo Klec,R,183,SVK,27.529,359,94,L657,,,Gary Lugassy,L,,FRA,25.804,220,182,6-7(5) 6-2 6-1,3,Q1,99,9,5,102,63,45,22,14,4,5,6,14,94,53,40,14,13,5,10
2008-311,Queen's Club,Grass,56,250,O,20080609,14,K540,,,Lukasz Kubot,R,191,POL,26.067,202,194,MC81,,,Jamie Murray,L,191,GBR,22.319,,,7-5 6-3,3,Q1,78,2,5,71,48,34,12,11,1,2,5,4,56,37,25,7,10,0,3
2008-311,Queen's Club,Grass,56,250,O,20080609,15,S673,,,Joseph Sirianni,R,178,AUS,33.394,161,278,SG87,,,Ryan Sweeting,R,196,USA,20.906,252,150,6-4 6-3,3,Q1,55,6,2,65,44,31,12,10,7,8,4,6,49,27,20,8,9,4,7
2008-311,Queen's Club,Grass,56,250,O,20080609,16,U043,,,Danai Udomchoke,R,173,THA,26.828,179,230,M595,,,Max Mirnyi,R,196,BLR,30.927,261,140,6-4 6-4,3,Q1,62,6,5,52,33,28,13,10,1,1,12,8,62,36,29,11,10,5,7
2008-311,Queen's Club,Grass,56,250,O,20080609,17,D424,,,Rik De Voest,R,180,RSA,28.011,139,338,E180,,,Mikhail Elgin,R,183,RUS,26.653,203,194,7-6(6) 6-3,3,Q2,95,4,1,77,51,37,17,11,8,8,2,1,72,50,37,10,10,5,6
2008-311,Queen's Club,Grass,56,250,O,20080609,18,K540,,,Lukasz Kubot,R,191,POL,26.067,202,194,SC77,4,,Sergiy Stakhovsky,R,193,UKR,22.423,136,345,3-6 7-6(6) 6-4,3,Q2,123,4,5,104,65,47,17,15,4,7,13,2,98,64,46,16,16,2,5
2008-311,Queen's Club,Grass,56,250,O,20080609,19,F491,,,Adam Feeney,R,178,AUS,23.258,275,134,K926,5,,Mikhail Kukushkin,R,183,KAZ,20.454,138,339,6-3 6-2,3,Q2,61,5,0,57,44,32,7,9,3,4,2,0,58,37,16,12,8,4,8
2008-311,Queen's Club,Grass,56,250,O,20080609,20,S673,,,Joseph Sirianni,R,178,AUS,33.394,161,278,Q019,8,,Aisam-Ul-Haq Qureshi,R,183,PAK,28.23,152,304,7-6(3) 6-7(4) 7-6(3),3,Q2,166,6,3,121,68,56,28,18,2,3,12,5,127,70,50,35,18,3,4
2008-311,Queen's Club,Grass,56,250,O,20080609,21,B977,,,Richard Bloomfield,R,185,GBR,25.12,412,76,S944,,,Simon Stadler,L,183,GER,24.89,167,258,7-6(8) 6-7(5) 6-3,3,Q2,147,15,4,122,78,59,26,17,5,5,5,1,104,72,52,21,16,1,2
2008-311,Queen's Club,Grass,56,250,O,20080609,22,J263,,,Woong-Sun Jun,R,191,KOR,21.988,233,163,E254,,,Brendan Evans,R,188,USA,22.171,196,202,6-4 6-2,3,Q2,59,3,4,52,25,23,17,9,4,4,2,3,56,29,16,16,9,2,5
2008-311,Queen's Club,Grass,56,250,O,20080609,23,U043,,,Danai Udomchoke,R,173,THA,26.828,179,230,SE83,,,Alexander Slabinsky,R,185,GBR,22.261,324,108,3-6 6-4 6-3,3,Q2,97,3,2,93,54,37,24,14,3,5,12,2,87,51,41,16,14,3,6
2008-311,Queen's Club,Grass,56,250,O,20080609,24,W503,,,James Ward,R,188,GBR,21.331,495,53,K512,,,Ivo Klec,R,183,SVK,27.529,359,94,3-6 6-3 7-6(6),3,Q2,123,8,12,109,53,48,22,15,7,9,6,5,102,56,46,21,15,4,6
2008-311,Queen's Club,Grass,56,250,O,20080609,25,D424,,,Rik De Voest,R,180,RSA,28.011,139,338,F491,,,Adam Feeney,R,178,AUS,23.258,275,134,3-6 6-2 6-3,3,Q3,94,0,3,76,53,42,7,13,4,6,3,3,84,48,33,18,13,4,8
2008-311,Queen's Club,Grass,56,250,O,20080609,26,B977,,,Richard Bloomfield,R,185,GBR,25.12,412,76,J263,,,Woong-Sun Jun,R,191,KOR,21.988,233,163,4-6 7-5 7-6(8),3,Q3,162,12,4,116,70,52,25,17,6,8,3,2,118,75,56,20,17,3,5
2008-311,Queen's Club,Grass,56,250,O,20080609,27,S673,,,Joseph Sirianni,R,178,AUS,33.394,161,278,K540,,,Lukasz Kubot,R,191,POL,26.067,202,194,2-6 6-3 7-6(6),3,Q3,125,0,3,95,51,43,24,15,4,6,11,5,85,58,47,13,14,3,4
2008-311,Queen's Club,Grass,56,250,O,20080609,28,W503,,,James Ward,R,188,GBR,21.331,495,53,U043,,,Danai Udomchoke,R,173,THA,26.828,179,230,6-4 4-6 7-5,3,Q3,119,14,7,96,53,45,18,16,6,9,4,4,105,73,53,12,16,6,10
2008-475,Warsaw,Clay,32,250,O,20080609,1,D526,5,,Raphael Durek,R,188,AUS,24.35,430,70,CC60,,,Piotr Cialkowski,,,POL,20.717,,,6-2 6-0,3,Q1,62,5,2,39,30,21,6,7,0,1,0,4,53,39,18,3,7,2,8
2008-475,Warsaw,Clay,32,250,O,20080609,2,K945,6,,Blazej Koniusz,,,POL,20.296,456,63,C938,,,Dawid Celt,,,POL,22.527,1058,7,2-6 6-3 6-3,3,Q1,102,0,5,71,41,26,17,13,2,6,1,2,75,48,28,15,13,4,9
2008-475,Warsaw,Clay,32,250,O,20080609,3,M776,,,Michal Mertinak,R,185,SVK,28.663,555,42,G737,,,Robert Godlewski,,,POL,24.268,622,33,7-5 6-2,3,Q1,83,2,2,54,38,31,11,10,0,0,3,2,70,37,24,14,10,0,3
2008-475,Warsaw,Clay,32,250,O,20080609,4,J164,8,,Julien Jeanpierre,R,188,FRA,28.249,463,60,SI63,,,Wojciech Starakiewicz,,,POL,19.661,1833,1,6-2 6-3,3,Q1,72,0,0,51,43,31,5,9,3,4,0,2,55,41,25,4,8,4,8
2008-475,Warsaw,Clay,32,250,O,20080609,5,A228,,,Lucas Arnold Ker,R,180,ARG,33.659,1256,3,R775,,,Artur Romanowski,,,POL,21.361,,,6-3 6-3,3,Q1,71,6,3,63,39,30,11,9,4,5,2,1,51,29,20,6,9,5,9
2008-475,Warsaw,Clay,32,250,O,20080609,6,BE90,,,Ricardas Berankis,R,175,LTU,17.969,586,38,SJ90,,,Slawomir Szeremeta,,,POL,,,,6-0 6-0,3,Q1,39,4,1,34,17,16,10,6,1,1,0,7,36,15,6,4,6,1,7
2008-475,Warsaw,Clay,32,250,O,20080609,7,G978,,,Marcin Gawron,,,POL,20.041,591,38,P470,,,Travis Parrott,R,185,USA,27.814,,,6-3 6-4,3,Q1,84,3,0,47,30,16,14,9,1,3,3,5,76,55,30,8,10,12,17
2008-475,Warsaw,Clay,32,250,O,20080609,8,S552,,,David Skoch,R,183,CZE,31.589,,,L738,,,Dariusz Lipka,R,180,POL,20.769,,,6-2 6-1,3,Q1,59,2,2,60,37,30,8,8,6,7,4,4,39,13,7,8,7,4,9
2008-475,Warsaw,Clay,32,250,O,20080609,9,S637,,,Jurek Stasiak,R,,AUS,30.13,668,27,K905,,,Mateusz Kowalczyk,R,191,POL,21.103,1172,5,7-5 4-6 6-4,3,Q1,131,0,2,87,60,41,18,16,5,8,8,3,88,53,39,15,16,6,10
2008-475,Warsaw,Clay,32,250,O,20080609,10,W442,,,Michal Wlodarczyk,,,POL,22.538,,,R982,,,Filip Rams,R,,POL,18.99,,,7-5 6-1,3,Q1,95,0,8,80,47,31,19,10,4,5,1,3,64,33,23,11,9,6,10
2008-475,Warsaw,Clay,32,250,O,20080609,11,Z125,,,Jedrzej Zarski,,,POL,27.299,1318,3,SJ04,,,Mateusz Szmigiel,,,POL,18.99,1841,1,6-3 6-0,3,Q1,50,1,5,48,28,23,9,8,4,5,0,3,36,24,11,4,7,1,6
2008-475,Warsaw,Clay,32,250,O,20080609,12,Z104,,,Lovro Zovko,R,191,CRO,27.228,487,54,K909,,,Andriej Kapas,R,188,POL,18.828,1341,3,6-4 6-1,3,Q1,60,10,2,40,22,20,12,8,0,0,3,4,48,27,17,10,9,1,5
2008-475,Warsaw,Clay,32,250,O,20080609,13,R336,,,Christophe Rochus,R,170,BEL,29.484,115,408,G978,,,Marcin Gawron,,,POL,20.041,591,38,7-6(2) 6-0,3,Q2,87,3,0,66,35,27,19,9,2,3,1,1,55,36,17,10,9,4,8
2008-475,Warsaw,Clay,32,250,O,20080609,14,S809,2,,Yuri Schukin,R,185,KAZ,28.956,155,291,Z104,,,Lovro Zovko,R,191,CRO,27.228,487,54,6-1 6-4,3,Q2,98,1,1,62,57,29,4,8,4,7,2,2,69,56,25,2,9,9,16
2008-475,Warsaw,Clay,32,250,O,20080609,15,BE90,,,Ricardas Berankis,R,175,LTU,17.969,586,38,N437,3,,Gianluca Naso,R,193,ITA,21.424,240,158,7-5 6-7(4) 7-6(9),3,Q2,177,4,7,125,74,52,29,18,8,11,7,3,131,81,57,25,18,8,12
2008-475,Warsaw,Clay,32,250,O,20080609,16,M854,4,,Vasilis Mazarakis,R,178,GRE,28.331,264,140,A228,,,Lucas Arnold Ker,R,180,ARG,33.659,1256,3,6-1 3-2 RET,3,Q2,52,0,2,45,27,19,13,6,4,4,1,3,42,26,16,4,6,3,6
2008-475,Warsaw,Clay,32,250,O,20080609,17,S552,,,David Skoch,R,183,CZE,31.589,,,D526,5,,Raphael Durek,R,188,AUS,24.35,430,70,6-4 7-6(3),3,Q2,96,1,2,71,38,27,22,11,2,3,3,5,82,42,32,18,11,4,6
2008-475,Warsaw,Clay,32,250,O,20080609,18,K945,6,,Blazej Koniusz,,,POL,20.296,456,63,W442,,,Michal Wlodarczyk,,,POL,22.538,,,6-0 6-2,3,Q2,51,1,2,36,24,20,8,7,0,0,0,4,45,22,11,8,7,1,6
2008-475,Warsaw,Clay,32,250,O,20080609,19,M776,,,Michal Mertinak,R,185,SVK,28.663,555,42,Z125,,,Jedrzej Zarski,,,POL,27.299,1318,3,6-2 6-3,3,Q2,67,0,1,53,27,20,14,9,1,3,0,5,48,24,13,9,8,2,7
2008-475,Warsaw,Clay,32,250,O,20080609,20,103722,8,,Julien Jeanpierre,R,188,FRA,28.249,463,60,103138,,,Jurek Stasiak,R,,AUS,30.13,668,27,6-1 6-3,3,Q2,74,4,2,52,32,25,12,8,1,2,1,5,58,35,18,8,8,4,9
2008-475,Warsaw,Clay,32,250,O,20080609,21,R336,,,Christophe Rochus,R,170,BEL,29.484,115,408,J164,8,,Julien Jeanpierre,R,188,FRA,28.249,463,60,6-4 3-6 6-1,3,Q3,109,0,0,69,65,35,3,13,1,6,1,2,87,78,40,3,13,8,15
2008-475,Warsaw,Clay,32,250,O,20080609,22,M776,,,Michal Mertinak,R,185,SVK,28.663,555,42,S809,2,,Yuri Schukin,R,185,KAZ,28.956,155,291,7-6(4) 6-4,3,Q3,110,3,2,66,40,29,17,11,2,4,0,1,77,52,34,11,11,7,10
2008-475,Warsaw,Clay,32,250,O,20080609,23,S552,,,David Skoch,R,183,CZE,31.589,,,M854,4,,Vasilis Mazarakis,R,178,GRE,28.331,264,140,6-2 6-7(3) 6-2,3,Q3,122,0,3,93,58,34,19,14,3,8,2,2,89,64,32,10,14,5,14
2008-475,Warsaw,Clay,32,250,O,20080609,24,BE90,,,Ricardas Berankis,R,175,LTU,17.969,586,38,K945,6,,Blazej Koniusz,,,POL,20.296,456,63,7-6(6) 7-5,3,Q3,104,4,6,81,49,35,15,12,5,8,2,3,89,61,36,14,12,9,13
2008-500,Halle,Grass,32,250,O,20080609,1,P491,1,,Kristian Pless,R,188,DEN,27.329,126,370,L908,,,Nils Langer,R,193,GER,18.371,,,6-2 6-3,3,Q1,49,7,2,53,32,26,13,8,3,3,3,3,50,36,23,4,9,2,6
2008-500,Halle,Grass,32,250,O,20080609,2,H442,,,Jan Hernych,R,188,CZE,28.925,141,336,PC78,,,Ante Pavic,R,196,CRO,19.258,1021,8,6-3 6-3,3,Q1,55,2,2,44,29,24,12,9,0,0,2,2,50,32,20,9,9,0,3
2008-500,Halle,Grass,32,250,O,20080609,3,CA12,3,,Jeremy Chardy,R,188,FRA,21.322,94,471,W394,,,Ludovic Walter,,,FRA,25.429,483,56,6-4 6-4,3,Q1,70,6,5,52,31,29,12,10,0,0,7,2,73,45,30,14,10,6,8
2008-500,Halle,Grass,32,250,O,20080609,4,P436,,,Bjorn Phau,R,175,GER,28.682,148,315,R644,,,Alexandre Renard,,,FRA,26.031,638,31,6-4 6-2,3,Q1,58,5,4,47,23,19,12,9,0,2,2,3,55,26,18,11,9,3,8
2008-500,Halle,Grass,32,250,O,20080609,5,L702,5,,Mikhail Ledovskikh,R,188,RUS,21.837,162,272,K839,,,Tobias Kamke,R,178,GER,22.053,193,205,6-7(3) 6-4 6-4,3,Q1,139,17,9,120,68,51,23,16,7,9,5,9,110,63,49,18,16,6,10
2008-500,Halle,Grass,32,250,O,20080609,6,E121,,,Younes El Aynaoui,R,193,MAR,36.742,170,250,SG13,,,Stefan Seifert,,,GER,23.277,525,48,7-6(7) 6-3,3,Q1,82,14,5,80,52,44,14,11,2,2,7,1,71,39,29,20,10,5,6
2008-500,Halle,Grass,32,250,O,20080609,7,BC11,,,Sergei Bubka,R,188,UKR,21.328,636,32,D487,7,,Lukas Dlouhy,R,185,CZE,25.169,185,218,6-4 6-7(2) 7-5,3,Q1,133,7,1,114,69,48,20,17,2,6,7,15,134,78,50,24,17,11,17
2008-500,Halle,Grass,32,250,O,20080609,8,BC65,8,,Matthias Bachinger,R,188,GER,21.188,184,219,K459,,,Sadik Kadir,R,,AUS,26.869,782,18,6-1 6-2,3,Q1,44,7,1,34,21,20,8,7,0,0,5,7,65,36,23,7,8,6,11
2008-500,Halle,Grass,32,250,O,20080609,9,BC72,,,Daniel Brands,R,196,GER,20.898,198,199,G967,,,Peter Gojowczyk,R,188,GER,18.902,355,97,7-5 6-1,3,Q1,63,9,5,69,48,35,10,10,6,7,7,2,57,37,20,9,9,5,9
2008-500,Halle,Grass,32,250,O,20080609,10,CA99,,,Marius Copil,R,191,ROU,17.645,745,21,B503,,,George Bastl,R,183,SUI,33.191,288,125,6-4 6-4,3,Q1,74,9,6,55,25,21,21,10,1,1,3,1,58,36,25,13,10,2,4
2008-500,Halle,Grass,32,250,O,20080609,11,D361,,,Massimo Dell'Acqua,R,193,ITA,28.758,476,57,SF36,,,Igor Sijsling,R,191,NED,20.81,401,77,6-4 7-6(4),3,Q1,71,19,3,72,48,41,12,11,2,2,7,3,69,44,35,11,11,2,3
2008-500,Halle,Grass,32,250,O,20080609,12,F580,,,Martin Fischer,R,180,AUT,21.886,254,150,BD89,,,Josip Brkic,,,,19.951,,,6-2 6-3,3,Q1,47,2,0,40,30,24,8,8,0,0,3,3,53,34,21,5,9,3,7
2008-500,Halle,Grass,32,250,O,20080609,13,L580,,,Scott Lipsky,R,185,USA,26.82,1004,8,S893,,,Martin Slanar,R,,AUT,27.107,214,185,6-4 6-4,3,Q1,56,9,0,52,43,37,5,10,1,1,3,1,56,33,25,12,10,3,5
2008-500,Halle,Grass,32,250,O,20080609,14,S799,,,Pavel Snobel,L,191,CZE,28.279,222,178,K833,,,Jiri Kosler,,,CZE,19.181,1340,3,6-4 6-2,3,Q1,63,5,1,42,23,22,14,9,0,0,2,1,56,27,18,15,9,1,4
2008-500,Halle,Grass,32,250,O,20080609,15,V220,,,Jan Vacek,R,198,CZE,32.082,342,101,O305,,,Philipp Oswald,R,201,AUT,22.376,402,77,6-2 6-2,3,Q1,56,2,0,55,33,25,12,8,2,2,2,4,45,23,17,5,8,3,7
2008-500,Halle,Grass,32,250,O,20080609,16,V256,,,Uros Vico,R,188,ITA,27.302,683,26,E669,,,Patrick Eichenberger,,,SUI,20.019,790,18,7-5 6-3,3,Q1,78,7,1,57,46,33,6,10,3,4,6,3,83,53,31,17,11,9,13
2008-500,Halle,Grass,32,250,O,20080609,17,F580,,,Martin Fischer,R,180,AUT,21.886,254,150,P491,1,,Kristian Pless,R,188,DEN,27.329,126,370,6-4 5-7 6-2,3,Q2,97,2,0,86,43,31,22,15,4,8,6,3,97,64,41,15,15,5,11
2008-500,Halle,Grass,32,250,O,20080609,18,H442,,,Jan Hernych,R,188,CZE,28.925,141,336,S799,,,Pavel Snobel,L,191,CZE,28.279,222,178,6-3 7-6(4),3,Q2,74,5,0,67,53,39,11,11,2,3,8,5,74,44,32,14,10,3,5
2008-500,Halle,Grass,32,250,O,20080609,19,L580,,,Scott Lipsky,R,185,USA,26.82,1004,8,CA12,3,,Jeremy Chardy,R,188,FRA,21.322,94,471,7-5 4-6 6-3,3,Q2,97,16,7,95,67,51,13,16,7,9,11,8,93,46,32,28,15,4,7
2008-500,Halle,Grass,32,250,O,20080609,20,P436,,,Bjorn Phau,R,175,GER,28.682,148,315,V256,,,Uros Vico,R,188,ITA,27.302,683,26,6-4 6-3,3,Q2,64,9,2,58,34,26,12,10,0,2,4,2,50,27,17,12,9,2,6
2008-500,Halle,Grass,32,250,O,20080609,21,V220,,,Jan Vacek,R,198,CZE,32.082,342,101,L702,5,,Mikhail Ledovskikh,R,188,RUS,21.837,162,272,6-4 6-2,3,Q2,56,6,2,46,30,26,11,9,1,1,8,2,59,29,25,9,9,6,9
2008-500,Halle,Grass,32,250,O,20080609,22,E121,,,Younes El Aynaoui,R,193,MAR,36.742,170,250,CA99,,,Marius Copil,R,191,ROU,17.645,745,21,7-6(5) 4-6 7-6(5),3,Q2,139,7,2,110,74,59,23,17,4,5,31,3,107,67,56,25,17,3,3
2008-500,Halle,Grass,32,250,O,20080609,23,D361,,,Massimo Dell'Acqua,R,193,ITA,28.758,476,57,BC65,8,,Matthias Bachinger,R,188,GER,21.188,184,219,6-4 6-2,3,Q2,57,5,3,54,31,25,15,9,1,1,5,6,55,36,27,5,9,4,7
2008-500,Halle,Grass,32,250,O,20080609,24,BC72,,,Daniel Brands,R,196,GER,20.898,198,199,BC11,,,Sergei Bubka,R,188,UKR,21.328,636,32,6-4 6-4,3,Q2,67,10,3,62,38,30,13,10,3,3,8,0,60,45,30,8,10,5,7
2008-500,Halle,Grass,32,250,O,20080609,25,H442,,,Jan Hernych,R,188,CZE,28.925,141,336,D361,,,Massimo Dell'Acqua,R,193,ITA,28.758,476,57,4-6 6-3 6-4,3,Q3,104,4,4,90,58,39,19,15,1,3,15,5,81,46,40,15,14,3,6
2008-500,Halle,Grass,32,250,O,20080609,26,P436,,,Bjorn Phau,R,175,GER,28.682,148,315,BC72,,,Daniel Brands,R,196,GER,20.898,198,199,6-4 6-4,3,Q3,75,11,7,65,34,30,16,10,2,2,6,4,65,38,26,14,10,4,6
2008-500,Halle,Grass,32,250,O,20080609,27,L580,,,Scott Lipsky,R,185,USA,26.82,1004,8,E121,,,Younes El Aynaoui,R,193,MAR,36.742,170,250,7-6(6) 7-6(4),3,Q3,89,13,0,68,44,42,18,12,0,0,9,0,87,63,49,13,12,4,4
2008-500,Halle,Grass,32,250,O,20080609,28,V220,,,Jan Vacek,R,198,CZE,32.082,342,101,F580,,,Martin Fischer,R,180,AUT,21.886,254,150,6-3 6-3,3,Q3,64,4,1,58,35,24,16,9,2,2,4,2,53,32,21,9,9,4,7
2008-440,'s-Hertogenbosch,Grass,32,250,O,20080615,1,V256,,,Uros Vico,R,188,ITA,27.318,683,26,O305,8,,Philipp Oswald,R,201,AUT,22.393,402,77,6-4 6-4,3,Q1,64,6,0,54,38,33,10,10,1,1,8,2,60,32,25,14,10,4,6
2008-440,'s-Hertogenbosch,Grass,32,250,O,20080615,2,A412,,,Andrea Agazzi,,0,ITA,25.897,1087,6,N425,,,Alexander Nonnekes,,,NED,24.093,,,6-7(6) 7-6(7) 6-4,3,Q1,131,8,6,119,76,60,25,17,2,2,12,4,118,81,62,21,17,10,11
2008-440,'s-Hertogenbosch,Grass,32,250,O,20080615,3,D361,,,Massimo Dell'Acqua,R,193,ITA,28.775,476,57,CA99,,,Marius Copil,R,191,ROU,17.662,745,21,7-6(3) 7-6(2),3,Q1,98,14,3,72,49,46,13,12,0,0,9,5,93,46,40,24,12,6,6
2008-440,'s-Hertogenbosch,Grass,32,250,O,20080615,4,E669,,,Patrick Eichenberger,,,SUI,20.036,790,18,Z104,,,Lovro Zovko,R,191,CRO,27.244,487,54,6-3 7-5,3,Q1,66,8,4,63,39,31,13,11,0,1,8,2,61,39,24,14,10,3,6
2008-440,'s-Hertogenbosch,Grass,32,250,O,20080615,5,L335,,,Robert Lindstedt,R,191,SWE,31.242,,,B484,,,Lars Burgsmuller,R,183,GER,32.526,548,43,4-6 6-3 7-6(4),3,Q1,221,20,3,91,58,46,21,16,0,2,8,6,102,52,41,24,15,11,13
2008-440,'s-Hertogenbosch,Grass,32,250,O,20080615,6,P324,,,Sebastian Prieto,R,180,ARG,33.076,,,LA58,,,Kevin Lietar,,,FRA,,,,6-4 6-1,3,Q1,48,2,0,39,26,22,11,9,0,1,1,6,49,32,18,7,8,4,8
2008-440,'s-Hertogenbosch,Grass,32,250,O,20080615,7,R644,,,Alexandre Renard,,,FRA,26.048,638,31,K840,,,Tobias Klein,R,170,GER,26.231,1381,2,6-4 3-6 6-3,3,Q1,88,5,2,86,47,38,22,14,2,3,3,1,82,62,42,11,14,1,3
2008-440,'s-Hertogenbosch,Grass,32,250,O,20080615,8,SE20,,,Thomas Schoeck,,,GER,26.628,834,15,O168,,,Vladimir Obradovic,R,196,SRB,27.359,409,76,6-4 4-6 6-1,3,Q1,89,11,3,71,41,32,22,14,0,1,7,2,73,50,36,11,13,1,4
2008-440,'s-Hertogenbosch,Grass,32,250,O,20080615,9,W224,,,Rogier Wassen,R,191,NED,31.849,,,BE03,,,Maxime Bonami,R,,FRA,24.591,1417,2,4-6 6-1 6-4,3,Q1,84,2,8,88,54,42,13,14,3,6,7,0,78,44,28,15,13,4,9
2008-741,Nottingham,Grass,32,250,O,20080616,1,T742,1,,Janko Tipsarevic,R,180,SRB,23.984,40,898,R518,,,Sanchai Ratiwatana,R,175,THA,26.396,862,13,6-3 7-6(1),3,Q1,80,13,2,61,45,39,8,11,0,0,3,2,67,49,37,6,10,2,3
2008-741,Nottingham,Grass,32,250,O,20080616,2,CB14,,,Daniel Cox,R,170,GBR,17.717,940,10,BD20,2,,Thomaz Bellucci,L,188,BRA,20.463,67,569,6-4 4-6 6-4,3,Q1,118,4,2,83,63,46,10,15,2,5,6,6,88,59,39,16,15,7,11
2008-741,Nottingham,Grass,32,250,O,20080616,3,K403,3,,Igor Kunitsyn,R,180,RUS,26.71,78,527,CC24,,,George Coupland,R,193,GBR,19.097,1686,1,6-2 7-6(2),3,Q1,73,0,1,58,32,26,16,10,2,4,4,5,69,43,29,6,10,8,12
2008-741,Nottingham,Grass,32,250,O,20080616,4,G476,4,,Guillermo Garcia-Lopez,R,185,ESP,25.035,90,477,E687,,,Daniel Evans,R,175,GBR,18.067,988,9,3-6 6-3 6-4,3,Q1,127,9,6,83,56,41,17,14,2,4,2,4,119,70,48,22,14,12,15
2008-741,Nottingham,Grass,32,250,O,20080616,5,F444,,,Alejandro Falla,L,185,COL,24.589,104,436,SI57,,,Daniel Smethurst,R,188,GBR,17.676,1152,5,6-4 6-2,3,Q1,71,3,3,53,29,23,14,9,2,3,2,7,56,37,20,9,9,2,6
2008-741,Nottingham,Grass,32,250,O,20080616,6,S544,,,Vincent Spadea,R,183,USA,33.911,111,422,R364,,,Bjorn Rehnquist,R,175,SWE,30.445,236,161,6-3 6-4,3,Q1,69,1,1,62,41,29,10,10,4,6,2,2,58,40,25,7,9,1,5
2008-741,Nottingham,Grass,32,250,O,20080616,7,N552,,,Kei Nishikori,R,178,JPN,18.464,105,436,W359,,,Todd Widom,R,,USA,25.147,312,115,6-3 6-7(7) 6-3,3,Q1,149,5,3,93,49,37,27,16,0,2,5,2,122,76,46,25,14,11,15
2008-741,Nottingham,Grass,32,250,O,20080616,8,F580,,,Martin Fischer,R,180,AUT,21.906,253,150,K596,8,,Alexander Kudryavtsev,R,183,RUS,22.639,192,205,6-1 6-2,3,Q1,41,2,1,42,30,25,8,8,0,0,4,4,52,28,17,8,7,4,8
2008-741,Nottingham,Grass,32,250,O,20080616,9,B929,,,Alex Bogdanovic,L,183,GBR,24.068,271,137,S938,,,Bruno Soares,R,180,BRA,26.3,721,23,6-0 4-6 6-3,3,Q1,69,16,5,70,41,36,16,13,0,1,4,5,66,39,27,13,12,2,6
2008-741,Nottingham,Grass,32,250,O,20080616,10,C967,,,Andrew Coelho,L,180,AUS,20.706,309,118,C736,,,Olivier Charroin,,183,FRA,26.27,537,45,6-3 2-6 6-2,3,Q1,84,6,2,72,48,33,14,13,0,2,7,2,87,52,36,16,12,7,10
2008-741,Nottingham,Grass,32,250,O,20080616,11,E673,,,Chris Eaton,R,,GBR,20.553,659,29,B953,,,Neil Bamford,,,GBR,26.346,675,27,7-6(5) 3-2 RET,3,Q1,71,10,0,61,37,24,16,9,2,4,6,8,59,28,23,11,8,6,8
2008-741,Nottingham,Grass,32,250,O,20080616,12,G527,,,Luka Gregorc,R,188,SLO,24.337,417,73,B977,,,Richard Bloomfield,R,185,GBR,25.139,386,81,7-6(5) 6-2,3,Q1,83,9,3,73,47,34,17,10,1,1,12,6,69,40,29,14,10,3,5
2008-741,Nottingham,Grass,32,250,O,20080616,13,G940,,,Sam Groth,R,193,AUS,20.66,308,118,BC11,,,Sergei Bubka,R,188,UKR,21.347,635,32,7-6(4) 4-6 7-5,3,Q1,117,21,3,115,69,60,17,17,11,15,3,4,93,63,44,18,17,4,8
2008-741,Nottingham,Grass,32,250,O,20080616,14,N390,,,Frederik Nielsen,R,188,DEN,24.805,306,118,MB49,,,Nicholas Monroe,R,178,USA,26.179,300,121,4-6 6-4 6-0,3,Q1,99,5,3,80,49,38,18,13,3,4,0,2,91,71,41,9,13,7,11
2008-741,Nottingham,Grass,32,250,O,20080616,15,P567,,,Filip Prpic,R,173,SWE,26.059,226,175,CA93,,,Pavel Chekhov,R,,RUS,19.888,278,131,4-6 6-3 7-5,3,Q1,100,5,3,93,63,47,16,16,6,8,10,4,86,53,40,16,15,4,7
2008-741,Nottingham,Grass,32,250,O,20080616,16,S480,,,Davide Sanguinetti,R,188,ITA,35.808,696,25,MI41,,,George Morgan,R,,,15.354,,,6-2 7-5,3,Q1,65,5,2,59,36,27,14,10,2,3,3,6,74,45,27,14,10,6,10
2008-741,Nottingham,Grass,32,250,O,20080616,17,G940,,,Sam Groth,R,193,AUS,20.66,308,118,T742,1,,Janko Tipsarevic,R,180,SRB,23.984,40,898,7-6(0) 6-4,3,Q2,80,18,3,78,49,42,14,11,6,6,5,2,64,35,26,17,11,0,1
2008-741,Nottingham,Grass,32,250,O,20080616,18,B929,,,Alex Bogdanovic,L,183,GBR,24.068,271,137,K403,3,,Igor Kunitsyn,R,180,RUS,26.71,78,527,6-4 6-3,3,Q2,70,14,2,55,34,29,14,10,1,1,2,3,63,39,26,12,9,5,7
2008-741,Nottingham,Grass,32,250,O,20080616,19,E673,,,Chris Eaton,R,,GBR,20.553,659,29,G476,4,,Guillermo Garcia-Lopez,R,185,ESP,25.035,90,477,6-4 7-5,3,Q2,68,14,0,72,50,39,14,11,1,1,2,4,63,39,29,14,11,1,3
2008-741,Nottingham,Grass,32,250,O,20080616,20,F444,,,Alejandro Falla,L,185,COL,24.589,104,436,S480,,,Davide Sanguinetti,R,188,ITA,35.808,696,25,5-3 RET,3,Q2,33,1,2,26,16,10,6,4,1,2,1,1,34,18,9,8,4,3,5
2008-741,Nottingham,Grass,32,250,O,20080616,21,S544,,,Vincent Spadea,R,183,USA,33.911,111,422,G527,,,Luka Gregorc,R,188,SLO,24.337,417,73,7-5 5-7 6-3,3,Q2,149,14,1,96,78,56,14,17,2,4,10,0,88,68,48,12,16,3,6
2008-741,Nottingham,Grass,32,250,O,20080616,22,N552,,,Kei Nishikori,R,178,JPN,18.464,105,436,P567,,,Filip Prpic,R,173,SWE,26.059,226,175,6-0 6-4,3,Q2,52,8,0,44,34,28,6,8,0,0,1,1,59,38,20,11,8,5,9
2008-741,Nottingham,Grass,32,250,O,20080616,23,CB14,,,Daniel Cox,R,170,GBR,17.717,940,10,C967,,,Andrew Coelho,L,180,AUS,20.706,309,118,7-5 7-6(3),3,Q2,94,5,3,79,52,38,15,12,3,4,8,3,71,46,35,13,12,4,6
2008-741,Nottingham,Grass,32,250,O,20080616,24,N390,,,Frederik Nielsen,R,188,DEN,24.805,306,118,F580,,,Martin Fischer,R,180,AUT,21.906,253,150,6-7(2) 6-3 7-6(4),3,Q2,114,5,1,130,87,55,21,17,6,10,4,9,108,63,40,25,16,7,12
2008-741,Nottingham,Grass,32,250,O,20080616,25,B929,,,Alex Bogdanovic,L,183,GBR,24.068,271,137,F444,,,Alejandro Falla,L,185,COL,24.589,104,436,6-4 6-1,3,Q3,85,4,3,51,30,25,12,9,1,1,3,3,43,20,13,13,8,1,4
2008-741,Nottingham,Grass,32,250,O,20080616,26,S544,,,Vincent Spadea,R,183,USA,33.911,111,422,E673,,,Chris Eaton,R,,GBR,20.553,659,29,6-3 7-5,3,Q3,75,6,1,74,49,39,11,11,5,6,6,2,62,37,26,9,10,5,8
2008-741,Nottingham,Grass,32,250,O,20080616,27,N552,,,Kei Nishikori,R,178,JPN,18.464,105,436,CB14,,,Daniel Cox,R,170,GBR,17.717,940,10,6-3 7-5,3,Q3,79,4,0,55,40,34,10,11,0,0,1,2,66,38,26,14,10,6,8
2008-741,Nottingham,Grass,32,250,O,20080616,28,G940,,,Sam Groth,R,193,AUS,20.66,308,118,N390,,,Frederik Nielsen,R,188,DEN,24.805,306,118,7-6(4) 6-4,3,Q3,79,11,6,75,45,36,16,11,5,6,2,5,73,45,33,14,11,3,5
2008-540,Wimbledon,Grass,128,G,O,20080623,1,MA30,1,,Gilles Muller,L,193,LUX,25.125,105,437,K771,,,Marsel Ilhan,R,191,TUR,21.035,234,162,6-7(7) 6-4 6-4,3,Q1,122,11,1,102,65,52,22,16,2,2,9,8,111,68,54,17,16,5,7
2008-540,Wimbledon,Grass,128,G,O,20080623,2,R336,,,Christophe Rochus,R,170,BEL,29.522,112,415,E180,,,Mikhail Elgin,R,183,RUS,26.691,206,188,6-4 6-3,3,Q1,64,1,2,53,41,33,7,10,2,3,8,2,71,45,27,14,9,10,13
2008-540,Wimbledon,Grass,128,G,O,20080623,3,G717,,,Fred Gil,R,173,POR,23.25,110,424,M836,,,Dominik Meffert,R,196,GER,27.206,165,254,6-4 3-6 6-4,3,Q1,110,7,3,87,52,39,19,14,5,7,9,5,94,58,40,21,15,4,7
2008-540,Wimbledon,Grass,128,G,O,20080623,4,P624,,,Philipp Petzschner,R,185,GER,24.249,118,393,P728,,,Morgan Phillips,,,GBR,24,1792,1,6-2 4-2 RET,3,Q1,58,8,2,35,23,21,7,7,0,0,2,0,51,26,11,15,7,3,6
2008-540,Wimbledon,Grass,128,G,O,20080623,5,K448,5,,Robert Kendrick,R,191,USA,28.605,125,377,PB22,,,Peter Polansky,R,183,CAN,20.022,264,139,6-4 6-2,3,Q1,55,5,0,42,33,30,6,9,0,0,3,3,64,38,23,12,9,6,9
2008-540,Wimbledon,Grass,128,G,O,20080623,6,SC47,6,,Go Soeda,R,178,JPN,23.797,124,378,A340,,,Francesco Aldi,R,175,ITA,26.765,295,122,6-4 6-4,3,Q1,99,1,2,60,37,23,9,10,5,10,1,1,72,54,26,6,10,5,12
2008-540,Wimbledon,Grass,128,G,O,20080623,7,P491,7,,Kristian Pless,R,188,DEN,27.368,126,370,L657,,,Gary Lugassy,L,,FRA,25.843,212,182,6-7(4) 7-6(5) 6-3,3,Q1,148,5,5,117,75,55,25,17,4,5,7,11,130,74,55,27,16,13,15
2008-540,Wimbledon,Grass,128,G,O,20080623,8,C634,8,,Paul Capdeville,R,191,CHI,25.227,129,363,P471,,,Francesco Piccari,R,,ITA,28.794,261,141,3-6 6-2 6-3,3,Q1,87,4,0,74,51,34,17,13,2,4,3,2,72,42,29,16,13,3,7
2008-540,Wimbledon,Grass,128,G,O,20080623,9,C723,9,,Flavio Cipolla,R,173,ITA,24.676,130,359,SG64,,,Joao Souza,R,193,BRA,20.074,211,183,6-3 6-0,3,Q1,60,1,4,37,19,17,11,7,0,0,3,8,64,38,25,5,8,11,16
2008-540,Wimbledon,Grass,128,G,O,20080623,10,SD56,,,Robert Smeets,L,188,AUS,22.617,167,241,D438,10,,Amer Delic,R,196,BIH,25.982,136,342,6-3 6-7(5) 6-3,3,Q1,96,6,5,102,58,44,31,16,6,6,17,3,83,59,44,14,14,1,3
2008-540,Wimbledon,Grass,128,G,O,20080623,11,P467,,,Alexander Peya,R,183,AUT,27.989,191,204,W361,11,,Sam Warburg,R,191,USA,25.153,132,349,6-2 6-4,3,Q1,80,3,1,57,37,24,13,9,4,5,3,3,59,40,25,8,9,6,10
2008-540,Wimbledon,Grass,128,G,O,20080623,12,R364,,,Bjorn Rehnquist,R,175,SWE,30.464,236,161,N309,12,,Ivan Navarro,R,183,ESP,26.678,133,348,7-6(4) 6-3,3,Q1,92,2,3,73,50,37,13,10,5,6,5,6,66,43,30,10,11,2,5
2008-540,Wimbledon,Grass,128,G,O,20080623,13,SC77,,,Sergiy Stakhovsky,R,193,UKR,22.461,135,345,W359,,,Todd Widom,R,,USA,25.166,319,112,6-2 6-3,3,Q1,57,5,1,56,36,29,12,9,5,5,4,2,50,29,20,9,8,1,4
2008-540,Wimbledon,Grass,128,G,O,20080623,14,B752,14,,Stephane Bohli,R,185,SUI,24.914,138,340,K540,,,Lukasz Kubot,R,191,POL,26.105,215,180,6-4 6-0,3,Q1,66,10,2,53,39,30,8,8,2,2,4,3,52,30,18,9,8,3,7
2008-540,Wimbledon,Grass,128,G,O,20080623,15,E673,,,Chris Eaton,R,,GBR,20.572,661,29,K926,15,,Mikhail Kukushkin,R,183,KAZ,20.493,139,339,2-6 6-4 7-5,3,Q1,108,21,4,94,68,52,9,15,4,7,3,2,80,57,39,15,15,2,5
2008-540,Wimbledon,Grass,128,G,O,20080623,16,D424,16,,Rik De Voest,R,180,RSA,28.049,140,338,N233,,,Dick Norman,L,203,BEL,37.314,196,199,3-6 6-4 6-1,3,Q1,97,6,2,70,51,41,9,13,0,1,12,9,89,56,37,18,13,8,11
2008-540,Wimbledon,Grass,128,G,O,20080623,17,H442,,,Jan Hernych,R,188,CZE,28.964,134,346,C967,,,Andrew Coelho,L,180,AUS,20.726,309,117,6-4 7-6(3),3,Q1,83,4,4,67,41,33,18,11,1,1,7,6,70,40,30,17,11,2,3
2008-540,Wimbledon,Grass,128,G,O,20080623,18,L799,,,Jesse Levine,L,175,CAN,20.69,137,341,L439,,,Irakli Labadze,L,188,GEO,27.039,,,6-2 6-3,3,Q1,57,9,2,60,43,35,8,9,5,5,3,7,45,21,15,10,8,2,5
2008-540,Wimbledon,Grass,128,G,O,20080623,19,BA86,,,Andreas Beck,L,191,GER,22.379,122,386,L503,,,Paolo Lorenzi,R,183,ITA,26.522,218,179,6-1 6-7(5) 6-3,3,Q1,129,5,8,98,61,44,22,15,2,4,6,5,99,63,33,22,13,5,10
2008-540,Wimbledon,Grass,128,G,O,20080623,20,O195,,,Thomas Oger,,,MON,28.255,287,127,J233,20,,Alun Jones,R,180,AUS,28.159,144,319,6-0 6-0,3,Q1,40,2,1,37,20,17,10,6,5,5,0,2,39,21,6,7,6,2,8
2008-540,Wimbledon,Grass,128,G,O,20080623,21,G806,21,,Andrey Golubev,R,180,KAZ,20.923,148,301,F344,,,Jean-Christophe Faurel,R,175,FRA,27.299,328,108,7-6(5) 6-4,3,Q1,90,5,3,70,42,32,17,11,1,2,3,1,75,45,31,17,11,8,10
2008-540,Wimbledon,Grass,128,G,O,20080623,22,Q019,22,,Aisam-Ul-Haq Qureshi,R,183,PAK,28.268,158,274,O264,,,Josselin Ouanna,R,193,FRA,22.193,210,183,7-6(5) 6-3,3,Q1,79,5,3,60,40,37,11,10,0,0,8,5,85,55,39,15,11,9,11
2008-540,Wimbledon,Grass,128,G,O,20080623,23,R613,,,Edouard Roger-Vasselin,R,185,FRA,24.569,147,302,G695,,,Augustin Gensse,R,180,FRA,24.871,240,157,6-2 6-0,3,Q1,52,0,2,41,29,21,9,7,0,0,1,2,48,32,16,6,7,6,11
2008-540,Wimbledon,Grass,128,G,O,20080623,24,C666,24,,Adrian Cruciat,R,,ROU,25.232,152,294,T296,,,Gabriel Trujillo-Soler,R,,ESP,28.731,243,156,6-1 2-1 RET,3,Q1,30,4,1,23,16,14,6,5,0,0,2,2,28,16,9,2,5,2,5
2008-540,Wimbledon,Grass,128,G,O,20080623,25,G551,,,Santiago Gonzalez,R,191,MEX,25.328,294,122,MD56,25,,Leonardo Mayer,R,191,ARG,21.109,153,289,6-3 7-6(5),3,Q1,77,1,1,60,40,29,13,10,2,3,3,4,66,45,31,9,11,2,5
2008-540,Wimbledon,Grass,128,G,O,20080623,26,P488,26,,Olivier Patience,R,180,FRA,28.246,161,260,W387,,,Jesse Witten,R,178,USA,25.689,247,153,6-7(6) 6-2 13-11,3,Q1,170,2,2,133,87,63,29,22,3,5,18,12,155,89,66,27,22,16,21
2008-540,Wimbledon,Grass,128,G,O,20080623,27,N291,,,Frederic Niemeyer,R,191,CAN,32.164,246,153,L336,27,,Harel Levy,R,185,ISR,29.884,155,283,6-2 7-5,3,Q1,111,3,1,60,35,27,15,10,4,5,2,2,55,37,25,6,10,1,5
2008-540,Wimbledon,Grass,128,G,O,20080623,28,S799,,,Pavel Snobel,L,191,CZE,28.318,220,178,V205,28,,Dusan Vemic,R,188,SRB,32.016,159,273,7-5 4-6 10-8,3,Q1,138,14,2,102,66,58,23,20,2,3,11,6,116,77,62,17,20,4,6
2008-540,Wimbledon,Grass,128,G,O,20080623,29,B842,,,Alex Bogomolov Jr.,R,178,RUS,25.169,230,166,S673,29,,Joseph Sirianni,R,178,AUS,33.432,154,288,7-6(6) 7-6(3),3,Q1,113,2,4,84,63,42,9,12,4,7,9,7,85,39,29,24,12,3,6
2008-540,Wimbledon,Grass,128,G,O,20080623,30,A311,,,Hugo Armando,R,183,USA,30.075,277,132,L702,30,,Mikhail Ledovskikh,R,188,RUS,21.875,182,212,6-3 6-4,3,Q1,77,6,1,65,49,33,11,10,2,2,8,2,67,33,24,15,9,4,6
2008-540,Wimbledon,Grass,128,G,O,20080623,31,F580,,,Martin Fischer,R,180,AUT,21.925,263,140,N349,31,,Conor Niland,R,185,IRL,26.76,304,119,6-7(1) 6-4 6-4,3,Q1,126,0,6,98,74,48,15,16,5,8,0,8,106,78,47,14,16,3,8
2008-540,Wimbledon,Grass,128,G,O,20080623,32,S944,,,Simon Stadler,L,183,GER,24.928,172,233,CB14,,,Daniel Cox,R,170,GBR,17.736,949,10,6-2 6-2,3,Q1,55,5,0,41,34,27,6,8,1,1,1,2,49,27,13,12,8,3,7
2008-540,Wimbledon,Grass,128,G,O,20080623,33,A487,,,Prakash Amritraj,R,188,IND,24.726,350,98,L386,,,Jean-Rene Lisnard,R,173,MON,28.745,214,180,6-2 7-6(4),3,Q1,84,12,2,65,41,31,14,10,0,1,2,6,75,39,20,22,10,6,9
2008-540,Wimbledon,Grass,128,G,O,20080623,34,BC65,,,Matthias Bachinger,R,188,GER,21.227,179,219,L523,,,Michael Lammer,R,185,SUI,26.248,245,154,4-6 6-3 6-3,3,Q1,97,9,4,73,46,39,15,14,1,2,3,2,72,36,27,20,14,0,3
2008-540,Wimbledon,Grass,128,G,O,20080623,35,B977,,,Richard Bloomfield,R,185,GBR,25.158,383,81,MA49,,,Rui Machado,R,178,POR,24.203,265,139,6-3 7-5,3,Q1,73,9,5,61,30,26,18,11,1,2,2,2,55,34,23,9,10,0,3
2008-540,Wimbledon,Grass,128,G,O,20080623,36,BA57,,,Ilija Bozoljac,R,193,SRB,22.891,197,199,MB49,,,Nicholas Monroe,R,178,USA,26.198,299,121,6-0 6-2,3,Q1,43,7,0,35,17,15,13,7,0,0,1,0,37,28,11,3,7,1,6
2008-540,Wimbledon,Grass,128,G,O,20080623,37,BC72,,,Daniel Brands,R,196,GER,20.936,253,147,V298,,,Cristian Villagran,R,180,SUI,26.423,204,189,6-3 6-4,3,Q1,56,16,1,55,39,35,5,10,2,3,1,0,54,40,22,10,9,1,4
2008-540,Wimbledon,Grass,128,G,O,20080623,38,CA93,,,Pavel Chekhov,R,,RUS,19.907,279,131,ME82,,,Adrian Mannarino,L,180,FRA,19.984,171,234,3-6 3-2 RET,3,Q1,67,3,2,46,28,23,7,7,2,3,0,1,48,27,20,11,7,1,1
2008-540,Wimbledon,Grass,128,G,O,20080623,39,C813,,,Ti Chen,R,178,TPE,24.723,298,121,K737,,,Alex Kuznetsov,R,183,USA,21.38,241,157,6-2 3-6 6-3,3,Q1,117,4,1,90,67,49,13,13,7,8,2,2,71,46,32,12,13,1,4
2008-540,Wimbledon,Grass,128,G,O,20080623,40,D487,,,Lukas Dlouhy,R,185,CZE,25.207,192,203,J263,,,Woong-Sun Jun,R,191,KOR,22.026,238,161,6-4 7-6(5),3,Q1,73,6,0,77,55,40,14,11,4,4,1,0,60,43,32,13,11,0,1
2008-540,Wimbledon,Grass,128,G,O,20080623,41,D272,,,Antony Dupuis,R,185,FRA,35.326,474,57,F491,,,Adam Feeney,R,178,AUS,23.296,286,128,6-2 7-5,3,Q1,84,5,0,49,33,27,12,10,2,3,5,8,75,51,34,7,10,10,14
2008-540,Wimbledon,Grass,128,G,O,20080623,42,E196,,,Rainer Eitzinger,R,178,AUT,24.988,248,153,MA38,,,Jan Mertl,R,191,CZE,26.47,274,136,5-7 6-2 6-1,3,Q1,102,0,2,89,61,44,15,14,4,5,6,8,89,54,36,14,13,7,11
2008-540,Wimbledon,Grass,128,G,O,20080623,43,E254,,,Brendan Evans,R,188,USA,22.209,194,202,F375,,,Marc Fornell-Mestres,R,,ESP,26.407,302,119,6-2 6-2,3,Q1,50,2,1,52,31,26,12,8,2,2,1,2,46,31,17,8,8,4,8
2008-540,Wimbledon,Grass,128,G,O,20080623,44,F376,,,Alberto Francis,R,196,USA,26.376,339,105,P567,,,Filip Prpic,R,173,SWE,26.078,223,175,6-3 6-3,3,Q1,52,3,1,48,36,27,8,9,0,1,2,3,58,37,25,6,9,6,10
2008-540,Wimbledon,Grass,128,G,O,20080623,45,G372,,,Stefano Galvani,R,175,ITA,31.055,201,193,W373,,,Jimmy Wang,R,180,TPE,23.37,222,177,6-1 6-2,3,Q1,59,5,2,40,20,14,13,7,0,1,4,2,55,35,18,5,8,5,11
2008-540,Wimbledon,Grass,128,G,O,20080623,46,G744,,,Josh Goodall,R,188,GBR,22.683,272,137,K512,,,Ivo Klec,R,183,SVK,27.567,360,94,6-4 6-3,3,Q1,89,14,4,86,50,37,18,10,8,8,0,5,49,28,21,11,9,3,5
2008-540,Wimbledon,Grass,128,G,O,20080623,47,K839,,,Tobias Kamke,R,178,GER,22.092,195,201,U043,,,Danai Udomchoke,R,173,THA,26.867,178,220,6-3 6-4,3,Q1,73,5,4,70,50,37,10,10,4,4,3,1,59,40,27,11,9,7,9
2008-540,Wimbledon,Grass,128,G,O,20080623,48,K358,,,Kevin Kim,R,180,USA,29.911,181,217,M983,,,Jonathan Marray,R,183,GBR,27.288,1598,1,6-4 7-5,3,Q1,72,0,0,63,39,30,17,11,2,2,7,9,75,49,38,10,11,4,6
2008-540,Wimbledon,Grass,128,G,O,20080623,49,K596,,,Alexander Kudryavtsev,R,183,RUS,22.658,190,205,L480,,,Marc Lopez,R,175,ESP,25.897,173,231,7-5 6-4,3,Q1,84,7,3,72,38,30,15,11,3,5,0,4,67,42,26,11,11,2,6
2008-540,Wimbledon,Grass,128,G,O,20080623,50,M984,,,David Marrero,R,183,ESP,28.208,183,211,Z074,,,Tomas Zib,R,178,CZE,32.394,198,198,4-6 7-5 6-3,3,Q1,113,12,3,87,57,46,19,16,3,4,11,1,88,63,50,11,15,6,8
2008-540,Wimbledon,Grass,128,G,O,20080623,51,M708,,,Ricardo Mello,L,175,BRA,27.504,217,179,MB53,,,Adrian Menendez-Maceiras,R,183,ESP,22.653,180,218,6-2 6-0,3,Q1,67,2,0,52,41,30,6,7,5,5,3,2,51,27,13,9,7,9,14
2008-540,Wimbledon,Grass,128,G,O,20080623,52,M800,,,Jan Minar,R,,CZE,27.206,221,178,H469,,,KJ Hippensteel,L,191,USA,28.126,733,22,6-4 4-6 6-0,3,Q1,110,9,2,91,64,45,16,13,6,7,4,5,85,44,31,19,13,7,11
2008-540,Wimbledon,Grass,128,G,O,20080623,53,M595,,,Max Mirnyi,R,196,BLR,30.965,300,120,B804,,,Karol Beck,R,180,SVK,26.223,227,169,6-4 6-4,3,Q1,74,8,3,51,30,27,14,10,2,2,5,6,76,46,32,12,10,4,6
2008-540,Wimbledon,Grass,128,G,O,20080623,54,M759,,,Wesley Moodie,R,196,RSA,29.355,199,198,D351,,,Sebastien De Chaunac,R,183,FRA,30.71,262,140,6-4 7-5,3,Q1,87,9,1,56,44,35,9,11,0,0,8,4,80,46,35,15,11,7,9
2008-540,Wimbledon,Grass,128,G,O,20080623,55,O133,,,Noam Okun,R,185,ISR,30.188,289,126,SC40,,,Ken Skupski,L,183,GBR,25.207,527,47,6-4 6-2,3,Q1,58,6,2,48,36,29,9,9,3,3,2,1,52,36,24,6,9,0,3
2008-540,Wimbledon,Grass,128,G,O,20080623,56,O253,,,Dawid Olejniczak,R,,POL,25.314,202,190,R685,,,Lukas Rosol,R,193,CZE,22.916,184,211,7-6(6) 6-4,3,Q1,74,13,1,71,48,38,16,11,2,2,8,2,78,50,35,17,11,1,2
2008-540,Wimbledon,Grass,128,G,O,20080623,57,P605,,,Jaroslav Pospisil,R,175,CZE,27.368,280,131,V195,,,Fernando Vicente,R,180,ESP,31.294,176,227,6-3 7-6(4),3,Q1,119,0,2,79,50,32,18,11,1,3,0,1,82,58,31,15,10,8,11
2008-540,Wimbledon,Grass,128,G,O,20080623,58,P701,,,Michal Przysiezny,R,185,POL,24.35,411,74,R548,,,Rajeev Ram,R,193,USA,24.266,278,131,7-6(3) 7-6(7),3,Q1,112,7,2,92,62,48,15,12,3,3,14,1,83,55,40,19,12,1,1
2008-540,Wimbledon,Grass,128,G,O,20080623,59,S893,,,Martin Slanar,R,,AUT,27.146,216,179,A502,,,Juan-Martin Aranguren,R,,ARG,24.712,231,166,6-3 6-2,3,Q1,66,9,4,65,35,26,18,9,5,5,1,1,43,36,22,4,8,1,4
2008-540,Wimbledon,Grass,128,G,O,20080623,60,SD69,,,Louk Sorensen,R,175,IRL,23.458,282,129,SG50,,,Edward Seator,,,,22.212,508,51,6-2 6-1,3,Q1,58,5,2,42,29,24,7,7,4,4,2,0,67,40,23,8,8,8,13
2008-540,Wimbledon,Grass,128,G,O,20080623,61,SG87,,,Ryan Sweeting,R,196,USA,20.945,249,150,J290,,,Scoville Jenkins,R,188,USA,21.749,224,174,3-6 7-6(3) 7-5,3,Q1,122,12,2,95,65,52,17,16,2,3,18,6,108,69,52,20,17,2,3
2008-540,Wimbledon,Grass,128,G,O,20080623,62,T269,,,Nicolas Todero,R,183,ARG,29.191,270,137,B503,,,George Bastl,R,183,SUI,33.229,290,125,6-4 6-4,3,Q1,73,9,2,55,40,30,8,10,1,2,6,3,60,38,26,11,10,2,5
2008-540,Wimbledon,Grass,128,G,O,20080623,63,V220,,,Jan Vacek,R,198,CZE,32.12,323,111,E629,,,Colin Ebelthite,R,,AUS,23.57,209,184,6-4 6-4,3,Q1,79,6,2,57,32,26,15,10,0,1,4,2,60,37,27,10,10,3,6
2008-540,Wimbledon,Grass,128,G,O,20080623,64,V379,,,Izak Van der Merwe,R,196,RSA,24.408,285,128,L513,,,Miguel Angel Lopez Jaen,R,188,ESP,25.566,177,220,6-3 6-1,3,Q1,69,10,2,64,40,32,10,8,4,4,2,0,56,42,28,3,8,5,9
2008-540,Wimbledon,Grass,128,G,O,20080623,65,P605,,,Jaroslav Pospisil,R,175,CZE,27.368,280,131,MA30,1,,Gilles Muller,L,193,LUX,25.125,105,437,7-6(10) 7-6(3),3,Q2,107,8,1,79,56,45,11,12,1,3,8,5,86,55,45,11,12,2,4
2008-540,Wimbledon,Grass,128,G,O,20080623,66,R336,,,Christophe Rochus,R,170,BEL,29.522,112,415,SG87,,,Ryan Sweeting,R,196,USA,20.945,249,150,6-3 6-4,3,Q2,64,2,1,62,43,30,13,10,1,2,8,4,55,31,20,10,9,3,6
2008-540,Wimbledon,Grass,128,G,O,20080623,67,G717,,,Fred Gil,R,173,POR,23.25,110,424,O133,,,Noam Okun,R,185,ISR,30.188,289,126,6-1 6-3,3,Q2,59,1,0,52,34,23,15,8,7,7,3,3,44,29,18,5,8,1,5
2008-540,Wimbledon,Grass,128,G,O,20080623,68,P624,,,Philipp Petzschner,R,185,GER,24.249,118,393,BC72,,,Daniel Brands,R,196,GER,20.936,253,147,3-6 6-4 6-1,3,Q2,84,10,5,101,61,41,23,13,11,13,8,7,71,49,35,10,13,4,8
2008-540,Wimbledon,Grass,128,G,O,20080623,69,K448,5,,Robert Kendrick,R,191,USA,28.605,125,377,G744,,,Josh Goodall,R,188,GBR,22.683,272,137,6-4 6-4,3,Q2,62,18,1,57,43,35,9,10,2,2,12,3,59,35,27,12,10,2,4
2008-540,Wimbledon,Grass,128,G,O,20080623,70,P701,,,Michal Przysiezny,R,185,POL,24.35,411,74,SC47,6,,Go Soeda,R,178,JPN,23.797,124,378,4-6 6-4 10-8,3,Q2,169,16,5,134,88,62,24,19,16,18,4,2,95,57,47,21,19,2,5
2008-540,Wimbledon,Grass,128,G,O,20080623,71,V379,,,Izak Van der Merwe,R,196,RSA,24.408,285,128,P491,7,,Kristian Pless,R,188,DEN,27.368,126,370,7-5 7-6(8),3,Q2,88,6,4,82,48,35,18,12,2,4,2,11,83,61,42,8,12,3,6
2008-540,Wimbledon,Grass,128,G,O,20080623,72,K596,,,Alexander Kudryavtsev,R,183,RUS,22.658,190,205,C634,8,,Paul Capdeville,R,191,CHI,25.227,129,363,7-6(5) 4-6 8-6,3,Q2,138,14,9,123,66,45,24,18,6,12,4,3,135,83,56,20,18,11,17
2008-540,Wimbledon,Grass,128,G,O,20080623,73,C723,9,,Flavio Cipolla,R,173,ITA,24.676,130,359,M595,,,Max Mirnyi,R,196,BLR,30.965,300,120,7-6(5) 6-3,3,Q2,93,1,6,83,58,43,12,11,4,4,3,2,53,26,22,18,10,0,1
2008-540,Wimbledon,Grass,128,G,O,20080623,74,SC77,,,Sergiy Stakhovsky,R,193,UKR,22.461,135,345,A487,,,Prakash Amritraj,R,188,IND,24.726,350,98,6-3 1-6 6-3,3,Q2,89,10,3,78,46,36,13,13,2,5,2,1,66,43,28,12,12,0,3
2008-540,Wimbledon,Grass,128,G,O,20080623,75,T269,,,Nicolas Todero,R,183,ARG,29.191,270,137,B752,14,,Stephane Bohli,R,185,SUI,24.914,138,340,6-7(3) 7-5 6-2,3,Q2,136,15,4,121,75,55,24,16,15,16,11,4,104,58,43,25,16,6,10
2008-540,Wimbledon,Grass,128,G,O,20080623,76,D424,16,,Rik De Voest,R,180,RSA,28.049,140,338,V220,,,Jan Vacek,R,198,CZE,32.12,323,111,6-2 3-6 9-7,3,Q2,132,3,2,114,71,45,23,16,10,13,2,2,93,60,38,17,17,3,8
2008-540,Wimbledon,Grass,128,G,O,20080623,77,H442,,,Jan Hernych,R,188,CZE,28.964,134,346,C813,,,Ti Chen,R,178,TPE,24.723,298,121,6-3 6-1,3,Q2,50,2,1,45,27,23,11,8,2,2,1,0,46,34,17,6,8,3,7
2008-540,Wimbledon,Grass,128,G,O,20080623,78,L799,,,Jesse Levine,L,175,CAN,20.69,137,341,CA93,,,Pavel Chekhov,R,,RUS,19.907,279,131,6-3 6-7(8) 11-9,3,Q2,152,9,6,118,70,60,31,21,2,2,21,4,128,87,69,22,20,4,6
2008-540,Wimbledon,Grass,128,G,O,20080623,79,BA86,,,Andreas Beck,L,191,GER,22.379,122,386,E254,,,Brendan Evans,R,188,USA,22.209,194,202,6-3 4-6 6-4,3,Q2,94,6,2,80,53,41,20,15,4,5,18,5,89,64,48,8,14,2,4
2008-540,Wimbledon,Grass,128,G,O,20080623,80,G372,,,Stefano Galvani,R,175,ITA,31.055,201,193,G806,21,,Andrey Golubev,R,180,KAZ,20.923,148,301,7-5 6-2,3,Q2,71,0,2,64,41,31,13,10,3,4,3,2,54,37,24,8,10,1,5
2008-540,Wimbledon,Grass,128,G,O,20080623,81,O253,,,Dawid Olejniczak,R,,POL,25.314,202,190,Q019,22,,Aisam-Ul-Haq Qureshi,R,183,PAK,28.268,158,274,7-6(9) 6-3,3,Q2,69,7,1,65,43,34,17,11,0,0,13,3,67,46,39,8,10,1,2
2008-540,Wimbledon,Grass,128,G,O,20080623,82,R613,,,Edouard Roger-Vasselin,R,185,FRA,24.569,147,302,SD69,,,Louk Sorensen,R,175,IRL,23.458,282,129,6-7(4) 6-3 3-1 RET,3,Q2,118,3,0,97,60,42,17,12,4,6,4,6,90,55,35,20,13,6,11
2008-540,Wimbledon,Grass,128,G,O,20080623,83,C666,24,,Adrian Cruciat,R,,ROU,25.232,152,294,S893,,,Martin Slanar,R,,AUT,27.146,216,179,6-2 7-5,3,Q2,76,8,4,56,38,32,7,10,1,2,1,5,58,33,16,16,10,1,5
2008-540,Wimbledon,Grass,128,G,O,20080623,84,P488,26,,Olivier Patience,R,180,FRA,28.246,161,260,BC65,,,Matthias Bachinger,R,188,GER,21.227,179,219,7-6(5) 6-7(4) 6-3,3,Q2,132,4,3,138,103,68,19,17,10,12,8,5,107,71,54,16,16,5,8
2008-540,Wimbledon,Grass,128,G,O,20080623,85,S944,,,Simon Stadler,L,183,GER,24.928,172,233,E196,,,Rainer Eitzinger,R,178,AUT,24.988,248,153,5-7 6-1 6-2,3,Q2,107,2,2,80,58,41,11,13,3,5,2,3,104,66,40,14,14,10,16
2008-540,Wimbledon,Grass,128,G,O,20080623,86,A311,,,Hugo Armando,R,183,USA,30.075,277,132,M759,,,Wesley Moodie,R,196,RSA,29.355,199,198,2-6 7-6(5) 6-4,3,Q2,103,5,1,91,70,50,14,15,5,7,15,3,96,70,51,15,15,2,3
2008-540,Wimbledon,Grass,128,G,O,20080623,87,B977,,,Richard Bloomfield,R,185,GBR,25.158,383,81,O195,,,Thomas Oger,,,MON,28.255,287,127,6-2 6-0,3,Q2,55,6,1,42,28,23,7,7,1,1,0,3,37,24,13,3,7,2,7
2008-540,Wimbledon,Grass,128,G,O,20080623,88,BA57,,,Ilija Bozoljac,R,193,SRB,22.891,197,199,SD56,,,Robert Smeets,L,188,AUS,22.617,167,241,3-6 7-6(2) 6-3,3,Q2,100,12,3,99,60,47,18,14,4,6,17,7,91,60,43,16,16,4,7
2008-540,Wimbledon,Grass,128,G,O,20080623,89,E673,,,Chris Eaton,R,,GBR,20.572,661,29,M800,,,Jan Minar,R,,CZE,27.206,221,178,6-7(10) 6-3 6-4,3,Q2,121,19,8,104,62,51,21,16,3,4,2,4,99,73,53,15,15,2,5
2008-540,Wimbledon,Grass,128,G,O,20080623,90,F580,,,Martin Fischer,R,180,AUT,21.925,263,140,M708,,,Ricardo Mello,L,175,BRA,27.504,217,179,7-5 5-7 6-4,3,Q2,142,9,5,99,57,43,22,17,2,5,2,2,118,84,56,18,17,10,14
2008-540,Wimbledon,Grass,128,G,O,20080623,91,G551,,,Santiago Gonzalez,R,191,MEX,25.328,294,122,M984,,,David Marrero,R,183,ESP,28.208,183,211,6-4 4-6 6-4,3,Q2,117,2,5,80,50,41,18,15,3,5,8,0,118,81,56,15,15,13,16
2008-540,Wimbledon,Grass,128,G,O,20080623,92,K839,,,Tobias Kamke,R,178,GER,22.092,195,201,R364,,,Bjorn Rehnquist,R,175,SWE,30.464,236,161,7-6(7) 6-1,3,Q2,108,2,4,66,48,31,10,9,0,1,1,2,70,57,36,4,10,4,8
2008-540,Wimbledon,Grass,128,G,O,20080623,93,K358,,,Kevin Kim,R,180,USA,29.911,181,217,B842,,,Alex Bogomolov Jr.,R,178,RUS,25.169,230,166,6-4 7-6(5),3,Q2,102,7,1,66,38,31,16,11,6,8,3,3,90,68,42,10,11,6,9
2008-540,Wimbledon,Grass,128,G,O,20080623,94,N291,,,Frederic Niemeyer,R,191,CAN,32.164,246,153,D487,,,Lukas Dlouhy,R,185,CZE,25.207,192,203,6-3 6-3,3,Q2,63,6,2,59,39,27,11,9,1,2,1,6,59,36,22,10,9,4,8
2008-540,Wimbledon,Grass,128,G,O,20080623,95,P467,,,Alexander Peya,R,183,AUT,27.989,191,204,F376,,,Alberto Francis,R,196,USA,26.376,339,105,6-3 3-6 6-2,3,Q2,87,2,4,74,48,35,12,13,2,5,5,7,80,56,35,10,13,5,10
2008-540,Wimbledon,Grass,128,G,O,20080623,96,S799,,,Pavel Snobel,L,191,CZE,28.318,220,178,D272,,,Antony Dupuis,R,185,FRA,35.326,474,57,6-3 6-4,3,Q2,67,10,4,57,37,29,12,10,0,0,6,1,50,29,24,9,9,1,3
2008-540,Wimbledon,Grass,128,G,O,20080623,97,R336,,,Christophe Rochus,R,170,BEL,29.522,112,415,F580,,,Martin Fischer,R,180,AUT,21.925,263,140,6-1 6-3 6-4,5,Q3,107,10,2,92,60,42,19,13,8,9,6,5,96,60,39,13,13,11,17
2008-540,Wimbledon,Grass,128,G,O,20080623,98,G717,,,Fred Gil,R,173,POR,23.25,110,424,A311,,,Hugo Armando,R,183,USA,30.075,277,132,6-2 7-6(5) 4-6 7-6(3),5,Q3,154,7,3,134,88,65,24,21,3,7,2,1,124,95,59,20,21,3,8
2008-540,Wimbledon,Grass,128,G,O,20080623,99,P624,,,Philipp Petzschner,R,185,GER,24.249,118,393,C666,24,,Adrian Cruciat,R,,ROU,25.232,152,294,6-4 5-7 5-7 6-2 6-3,5,Q3,186,14,7,153,87,69,32,25,8,12,14,4,157,109,77,21,26,7,14
2008-540,Wimbledon,Grass,128,G,O,20080623,100,K358,,,Kevin Kim,R,180,USA,29.911,181,217,K448,5,,Robert Kendrick,R,191,USA,28.605,125,377,3-6 6-3 6-4 6-4,5,Q3,116,9,1,107,72,62,18,19,3,4,28,7,122,70,54,26,19,13,16
2008-540,Wimbledon,Grass,128,G,O,20080623,101,S799,,,Pavel Snobel,L,191,CZE,28.318,220,178,C723,9,,Flavio Cipolla,R,173,ITA,24.676,130,359,6-0 6-4 6-3,5,Q3,80,4,1,70,42,34,20,13,2,2,0,4,60,41,26,5,12,0,5
2008-540,Wimbledon,Grass,128,G,O,20080623,102,SC77,,,Sergiy Stakhovsky,R,193,UKR,22.461,135,345,G551,,,Santiago Gonzalez,R,191,MEX,25.328,294,122,6-3 6-4 7-5,5,Q3,129,5,2,107,72,50,21,16,5,6,8,12,106,60,39,20,15,2,6
2008-540,Wimbledon,Grass,128,G,O,20080623,103,O253,,,Dawid Olejniczak,R,,POL,25.314,202,190,D424,16,,Rik De Voest,R,180,RSA,28.049,140,338,6-4 6-4 6-7(1) 2-6 8-6,5,Q3,209,21,2,172,108,78,31,27,9,13,8,1,163,108,76,31,27,6,11
2008-540,Wimbledon,Grass,128,G,O,20080623,104,H442,,,Jan Hernych,R,188,CZE,28.964,134,346,K839,,,Tobias Kamke,R,178,GER,22.092,195,201,6-3 7-6(4) 7-6(2),5,Q3,146,5,2,115,80,60,18,17,0,2,2,8,115,71,48,21,16,5,8
2008-540,Wimbledon,Grass,128,G,O,20080623,105,L799,,,Jesse Levine,L,175,CAN,20.69,137,341,K596,,,Alexander Kudryavtsev,R,183,RUS,22.658,190,205,6-4 6-3 6-4,5,Q3,98,2,6,87,52,42,15,15,3,6,4,4,97,53,31,21,14,8,14
2008-540,Wimbledon,Grass,128,G,O,20080623,106,BA86,,,Andreas Beck,L,191,GER,22.379,122,386,P605,,,Jaroslav Pospisil,R,175,CZE,27.368,280,131,6-3 6-1 7-5,5,Q3,112,10,4,73,52,43,14,14,4,5,6,6,96,58,37,13,14,5,11
2008-540,Wimbledon,Grass,128,G,O,20080623,107,R613,,,Edouard Roger-Vasselin,R,185,FRA,24.569,147,302,P701,,,Michal Przysiezny,R,185,POL,24.35,411,74,6-2 6-1 6-1,5,Q3,83,6,1,53,40,36,9,11,2,2,5,0,73,51,26,7,11,3,10
2008-540,Wimbledon,Grass,128,G,O,20080623,108,E673,,,Chris Eaton,R,,GBR,20.572,661,29,P488,26,,Olivier Patience,R,180,FRA,28.246,161,260,7-6(5) 6-3 7-6(3),5,Q3,108,31,3,96,66,61,18,17,0,0,2,5,105,79,59,13,16,2,3
2008-540,Wimbledon,Grass,128,G,O,20080623,109,S944,,,Simon Stadler,L,183,GER,24.928,172,233,T269,,,Nicolas Todero,R,183,ARG,29.191,270,137,6-7(10) 7-6(5) 3-6 6-1 6-1,5,Q3,198,8,4,147,104,77,22,23,2,5,3,6,174,105,65,36,24,9,16
2008-540,Wimbledon,Grass,128,G,O,20080623,110,G372,,,Stefano Galvani,R,175,ITA,31.055,201,193,BA57,,,Ilija Bozoljac,R,193,SRB,22.891,197,199,3-6 6-0 6-1 2-6 6-4,5,Q3,137,9,4,107,65,50,24,20,5,8,13,4,111,63,44,24,20,4,10
2008-540,Wimbledon,Grass,128,G,O,20080623,111,P467,,,Alexander Peya,R,183,AUT,27.989,191,204,B977,,,Richard Bloomfield,R,185,GBR,25.158,383,81,6-4 6-4 3-6 1-6 8-6,5,Q3,186,7,2,143,106,78,19,25,5,9,11,7,140,88,64,32,25,3,6
2008-540,Wimbledon,Grass,128,G,O,20080623,112,V379,,,Izak Van der Merwe,R,196,RSA,24.408,285,128,N291,,,Frederic Niemeyer,R,191,CAN,32.164,246,153,6-3 6-3 1-6 6-3,5,Q3,124,11,2,108,70,55,18,17,10,12,7,3,94,58,44,20,17,2,6
2008-314,Gstaad,Clay,28,250,O,20080707,1,CA12,,,Jeremy Chardy,R,188,FRA,21.399,103,449,T974,,,Yannick Thomet,,,SUI,20.118,1031,8,6-4 6-3,3,Q1,57,9,1,50,24,20,16,9,3,4,1,6,57,36,24,6,10,1,5
2008-314,Gstaad,Clay,28,250,O,20080707,2,M836,,,Dominik Meffert,R,196,GER,27.244,162,259,MG54,,,Yann Marti,R,170,SUI,20.082,873,13,6-4 6-0,3,Q1,67,3,3,54,31,22,15,8,6,7,1,4,51,34,18,6,8,4,9
2008-314,Gstaad,Clay,28,250,O,20080707,3,O264,,,Josselin Ouanna,R,193,FRA,22.231,211,181,Z104,,,Lovro Zovko,R,191,CRO,27.305,484,54,7-6(5) 6-3,3,Q1,75,12,3,69,35,32,18,11,8,9,17,2,64,38,29,13,10,2,4
2008-314,Gstaad,Clay,28,250,O,20080707,4,M800,4,,Jan Minar,R,,CZE,27.244,223,169,N511,,,Frederic Nussbaum,,,SUI,26.119,752,21,6-2 6-0,3,Q1,52,4,1,44,33,26,4,7,1,1,0,3,41,24,14,4,7,3,8
2008-314,Gstaad,Clay,28,250,O,20080707,5,N437,,,Gianluca Naso,R,193,ITA,21.5,244,150,D361,,,Massimo Dell'Acqua,R,193,ITA,28.835,396,77,6-4 6-7(4) 6-4,3,Q1,110,12,2,94,58,44,27,16,4,4,18,4,96,59,48,20,16,4,6
2008-314,Gstaad,Clay,28,250,O,20080707,6,O305,,,Philipp Oswald,R,201,AUT,22.453,398,77,V339,6,,Simone Vagnozzi,R,,ITA,25.106,294,123,6-4 2-6 7-6(4),3,Q1,123,9,13,103,58,48,17,15,4,7,0,3,93,66,45,16,15,3,5
2008-314,Gstaad,Clay,28,250,O,20080707,7,SF76,7,,Franko Skugor,R,196,CRO,20.797,306,116,V346,,,Martin Vacek,,,CZE,27.061,401,77,7-5 6-3,3,Q1,67,7,0,61,36,28,16,11,3,4,1,2,56,32,22,14,10,4,7
2008-314,Gstaad,Clay,28,250,O,20080707,8,SG88,,,Alexander Sadecky,L,193,SUI,21.005,572,39,D646,8,,Ivan Dodig,R,183,CRO,23.51,387,80,6-7(7) 6-3 7-6(3),3,Q1,169,13,7,126,80,65,22,16,10,10,7,8,116,64,52,26,17,5,7
2008-314,Gstaad,Clay,28,250,O,20080707,9,CA12,,,Jeremy Chardy,R,188,FRA,21.399,103,449,SG88,,,Alexander Sadecky,L,193,SUI,21.005,572,39,6-2 6-2,3,Q2,55,5,4,42,25,21,12,8,1,1,1,5,59,35,18,12,8,1,5
2008-314,Gstaad,Clay,28,250,O,20080707,10,M836,,,Dominik Meffert,R,196,GER,27.244,162,259,O305,,,Philipp Oswald,R,201,AUT,22.453,398,77,6-2 6-4,3,Q2,67,4,3,48,28,25,8,9,0,1,7,5,59,32,20,12,9,6,10
2008-314,Gstaad,Clay,28,250,O,20080707,11,O264,,,Josselin Ouanna,R,193,FRA,22.231,211,181,SF76,7,,Franko Skugor,R,196,CRO,20.797,306,116,7-6(4) 6-3,3,Q2,83,5,4,72,48,40,13,11,2,2,2,1,70,36,26,20,10,2,3
2008-314,Gstaad,Clay,28,250,O,20080707,12,N437,,,Gianluca Naso,R,193,ITA,21.5,244,150,M800,4,,Jan Minar,R,,CZE,27.244,223,169,6-4 6-3,3,Q2,66,8,2,52,28,21,18,10,1,2,4,3,56,37,26,7,9,5,8
2008-315,Newport,Grass,28,250,O,20080707,1,P467,,,Alexander Peya,R,183,AUT,28.027,181,219,H469,,,KJ Hippensteel,L,191,USA,28.164,733,22,6-3 6-3,3,Q1,59,4,2,50,37,27,7,9,2,4,0,6,72,41,25,10,9,6,11
2008-315,Newport,Grass,28,250,O,20080707,2,E254,,,Brendan Evans,R,188,USA,22.248,185,214,T213,,,Jim Thomas,R,193,USA,33.785,,,6-2 6-7(5) 6-4,3,Q1,124,22,7,95,56,49,19,15,1,2,3,0,99,66,44,16,15,4,8
2008-315,Newport,Grass,28,250,O,20080707,3,J263,,,Woong-Sun Jun,R,191,KOR,22.064,297,121,R518,,,Sanchai Ratiwatana,R,175,THA,26.453,863,13,6-3 6-4,3,Q1,71,5,0,71,38,27,20,10,4,5,0,3,46,24,19,9,9,0,3
2008-315,Newport,Grass,28,250,O,20080707,4,B757,,,Rohan Bopanna,R,193,IND,28.342,374,87,O174,,,Justin O'Neal,R,,USA,30.702,745,21,7-6(4) 6-7(5) 6-2,3,Q1,129,10,8,107,57,45,28,16,2,3,4,2,117,67,44,28,16,9,12
2008-315,Newport,Grass,28,250,O,20080707,5,V379,5,,Izak Van der Merwe,R,196,RSA,24.446,259,142,R519,,,Sonchat Ratiwatana,R,175,THA,26.453,1253,3,6-3 6-4,3,Q1,54,8,0,51,32,30,13,10,2,2,4,4,47,28,23,9,9,1,3
2008-315,Newport,Grass,28,250,O,20080707,6,SD23,6,,Artem Sitak,R,185,NZL,22.409,313,112,PD35,,,Dominic Pagon,,,JAM,20.331,,,7-5 6-2,3,Q1,67,3,4,66,35,26,17,10,3,4,2,6,67,39,25,11,10,5,9
2008-315,Newport,Grass,28,250,O,20080707,7,MF57,7,,Michael McClune,R,188,USA,18.875,343,97,C864,,,Harry Cicma,,,USA,,,,6-0 6-0,3,Q1,38,11,1,34,20,15,11,6,3,3,0,4,42,24,9,3,6,3,9
2008-315,Newport,Grass,28,250,O,20080707,8,K826,8,,Nikita Kryvonos,,,USA,21.848,471,57,B765,,,Brian Battistone,R,191,USA,28.909,,,6-3 6-4,3,Q1,80,7,3,59,35,27,19,10,1,1,5,13,79,46,32,12,9,8,10
2008-315,Newport,Grass,28,250,O,20080707,9,P467,,,Alexander Peya,R,183,AUT,28.027,181,219,V379,5,,Izak Van der Merwe,R,196,RSA,24.446,259,142,7-6(4) 6-4,3,Q2,78,1,4,69,49,37,9,11,0,1,2,9,72,40,30,14,11,3,5
2008-315,Newport,Grass,28,250,O,20080707,10,E254,,,Brendan Evans,R,188,USA,22.248,185,214,MF57,7,,Michael McClune,R,188,USA,18.875,343,97,6-4 6-2,3,Q2,54,4,1,48,32,28,8,9,3,4,3,1,53,33,19,8,9,1,5
2008-315,Newport,Grass,28,250,O,20080707,11,J263,,,Woong-Sun Jun,R,191,KOR,22.064,297,121,K826,8,,Nikita Kryvonos,,,USA,21.848,471,57,6-4 6-3,3,Q2,76,3,3,52,33,29,11,9,2,2,3,6,87,48,31,17,10,12,15
2008-315,Newport,Grass,28,250,O,20080707,12,B757,,,Rohan Bopanna,R,193,IND,28.342,374,87,SD23,6,,Artem Sitak,R,185,NZL,22.409,313,112,7-6(7) 7-5,3,Q2,105,12,12,92,44,35,22,12,6,8,0,7,91,50,34,20,12,7,10
2008-316,Bastad,Clay,28,250,O,20080707,1,M655,,,Nicolas Massu,R,183,CHI,28.742,134,355,BG16,,,Daniel Berta,R,178,SWE,15.611,,,6-1 6-1,3,Q1,58,3,2,44,26,21,10,7,0,0,0,1,38,17,6,9,7,2,7
2008-316,Bastad,Clay,28,250,O,20080707,2,K551,,,Daniel Koellerer,R,180,AUT,24.89,138,340,N491,,,David Nylen,,,SWE,25.426,1293,3,6-0 6-2,3,Q1,62,1,1,42,30,24,7,7,0,0,3,3,43,22,10,6,7,4,9
2008-316,Bastad,Clay,28,250,O,20080707,3,L480,,,Marc Lopez,R,175,ESP,25.936,172,231,N546,,,David Nord,,,SWE,21.41,,,6-1 6-1,3,Q1,64,1,0,31,22,20,8,7,0,0,0,1,61,33,14,13,7,9,14
2008-316,Bastad,Clay,28,250,O,20080707,4,R364,,,Bjorn Rehnquist,R,175,SWE,30.502,226,166,SD16,,,Henrik Soderberg,,,SWE,27.387,1394,2,6-0 6-3,3,Q1,78,1,1,48,32,23,9,7,5,6,0,4,63,25,13,15,8,6,12
2008-316,Bastad,Clay,28,250,O,20080707,5,P701,,,Michal Przysiezny,R,185,POL,24.389,392,78,PB21,,,Arvid Puranen,,,SWE,24.112,1026,8,2-6 6-2 6-4,3,Q1,113,3,5,88,55,39,18,13,4,6,2,3,71,47,35,10,13,3,6
2008-316,Bastad,Clay,28,250,O,20080707,6,G861,,,Tim Goransson,,,SWE,20.282,800,18,G672,,,Robert Gustafsson,,,SWE,28.553,,,6-1 6-2,3,Q1,59,3,6,51,23,21,13,8,2,3,4,6,44,24,13,6,7,3,8
2008-316,Bastad,Clay,28,250,O,20080707,7,N506,7,,Henrik Norfeldt,,,SWE,21.539,750,21,BG48,,,Patrik Brydolf,R,,SWE,16.611,,,4-6 6-4 7-6(7),3,Q1,162,3,9,104,60,45,19,16,4,8,3,6,121,59,37,34,16,6,10
2008-316,Bastad,Clay,28,250,O,20080707,8,BE77,8,,Carl Bergman,,,SWE,20.742,964,10,L200,,,Robert Lindberg,R,,SWE,,,,6-2 6-3,3,Q1,81,1,2,45,16,13,16,8,1,3,0,2,66,32,13,16,9,6,12
2008-316,Bastad,Clay,28,250,O,20080707,9,M655,,,Nicolas Massu,R,183,CHI,28.742,134,355,N506,7,,Henrik Norfeldt,,,SWE,21.539,750,21,6-2 6-4,3,Q2,67,3,0,50,43,33,4,9,2,2,5,3,47,27,20,8,9,0,3
2008-316,Bastad,Clay,28,250,O,20080707,10,K551,,,Daniel Koellerer,R,180,AUT,24.89,138,340,G861,,,Tim Goransson,,,SWE,20.282,800,18,7-6(1) 6-1,3,Q2,96,1,0,49,38,32,5,9,1,2,0,4,68,37,24,10,10,7,11
2008-316,Bastad,Clay,28,250,O,20080707,11,L480,,,Marc Lopez,R,175,ESP,25.936,172,231,P701,,,Michal Przysiezny,R,185,POL,24.389,392,78,7-6(5) 6-3,3,Q2,118,1,1,77,59,44,9,10,4,4,6,2,69,41,31,14,11,4,6
2008-316,Bastad,Clay,28,250,O,20080707,12,R364,,,Bjorn Rehnquist,R,175,SWE,30.502,226,166,BE77,8,,Carl Bergman,,,SWE,20.742,964,10,6-4 3-6 6-3,3,Q2,138,1,4,88,42,24,24,14,3,8,5,6,92,57,37,13,14,5,11
2008-321,Stuttgart,Clay,28,500,O,20080707,1,F580,,,Martin Fischer,R,180,AUT,21.963,255,143,G681,1,,Teymuraz Gabashvili,R,185,GEO,23.124,96,470,7-6(2) 7-5,3,Q1,95,5,5,80,48,37,16,12,4,5,3,4,70,38,29,16,12,1,3
2008-321,Stuttgart,Clay,28,500,O,20080707,2,H442,,,Jan Hernych,R,188,CZE,29.002,139,331,D351,,,Sebastien De Chaunac,R,183,FRA,30.749,262,140,7-5 3-6 7-6(1),3,Q1,138,4,5,109,69,47,23,16,5,9,7,6,101,45,34,29,17,5,9
2008-321,Stuttgart,Clay,28,500,O,20080707,3,S809,,,Yuri Schukin,R,185,KAZ,29.032,154,288,SD69,,,Louk Sorensen,R,175,IRL,23.496,301,118,6-3 6-3,3,Q1,73,0,1,46,27,20,14,9,1,2,1,5,67,48,30,8,9,9,13
2008-321,Stuttgart,Clay,28,500,O,20080707,4,G725,,,Santiago Giraldo,R,188,COL,20.611,160,262,S948,,,Kevin Sorensen,,183,IRL,27.159,,,6-1 6-2,3,Q1,51,2,1,47,25,16,16,8,1,2,2,3,38,23,12,3,7,2,7
2008-321,Stuttgart,Clay,28,500,O,20080707,5,BC65,,,Matthias Bachinger,R,188,GER,21.265,168,235,K647,,,Daniel Krajnovic,,,CRO,28.057,,,6-1 6-1,3,Q1,44,4,2,38,20,16,14,7,1,1,2,9,48,22,12,8,7,3,8
2008-321,Stuttgart,Clay,28,500,O,20080707,6,MB53,6,,Adrian Menendez-Maceiras,R,183,ESP,22.691,269,137,Z074,,,Tomas Zib,R,178,CZE,32.433,250,148,7-5 3-6 6-1,3,Q1,125,12,2,89,51,38,21,14,6,8,3,0,90,52,37,17,14,8,12
2008-321,Stuttgart,Clay,28,500,O,20080707,7,R685,,,Lukas Rosol,R,193,CZE,22.954,188,211,L386,,,Jean-Rene Lisnard,R,173,MON,28.783,251,147,6-4 6-2,3,Q1,68,10,3,58,35,25,15,9,0,0,0,1,61,31,19,17,9,6,9
2008-321,Stuttgart,Clay,28,500,O,20080707,8,R628,8,,Laurent Recouderc,R,,AND,23.992,187,213,E196,,,Rainer Eitzinger,R,178,AUT,25.027,236,157,2-6 6-3 3-2 RET,3,Q1,99,0,1,73,50,31,10,11,4,8,2,2,72,51,32,7,11,5,9
2008-321,Stuttgart,Clay,28,500,O,20080707,9,104547,,,Lukas Rosol,R,193,CZE,22.954,188,211,103324,,,Jan Hernych,R,188,CZE,29.002,139,331,6-2 7-5,3,Q2,92,7,3,65,42,32,15,11,1,2,3,5,72,45,26,12,10,2,6
2008-321,Stuttgart,Clay,28,500,O,20080707,10,103328,,,Yuri Schukin,R,185,KAZ,29.032,154,288,104618,6,,Adrian Menendez-Maceiras,R,183,ESP,22.691,269,137,4-6 6-3 6-4,3,Q2,128,6,4,95,58,42,20,17,4,7,5,8,102,64,38,20,15,4,8
2008-321,Stuttgart,Clay,28,500,O,20080707,11,105041,,,Santiago Giraldo,R,188,COL,20.611,160,262,104910,,,Matthias Bachinger,R,188,GER,21.265,168,235,7-5 6-2,3,Q2,88,6,2,55,34,26,12,10,1,2,3,4,62,38,20,10,10,2,5
2008-321,Stuttgart,Clay,28,500,O,20080707,12,104810,,,Martin Fischer,R,180,AUT,21.963,255,143,104405,8,,Laurent Recouderc,R,,AND,23.992,187,213,6-4 6-2,3,Q2,76,5,2,48,30,24,10,8,0,0,1,1,52,32,16,8,8,4,8
2008-317,Amersfoort,Clay,28,250,O,20080714,1,SJ63,6,,Thomas Schoorel,L,203,NED,19.266,668,29,V666,,,Geert-Jan Van Dijken,,,NED,,,,6-0 6-1,3,Q1,37,3,1,31,19,15,9,6,0,0,4,13,45,18,11,5,7,2,8
2008-317,Amersfoort,Clay,28,250,O,20080714,2,T323,7,,Nicolas Tourte,,,FRA,28.906,716,24,B881,,,Tomasz Bednarek,R,180,POL,26.669,,,6-4 5-7 6-3,3,Q1,137,5,8,117,68,46,21,16,14,18,4,5,88,50,35,18,15,3,8
2008-317,Amersfoort,Clay,28,250,O,20080714,3,L439,,,Irakli Labadze,L,188,GEO,27.097,777,19,W224,,,Rogier Wassen,R,191,NED,31.929,,,6-4 6-7(4) 7-5,3,Q1,149,15,11,119,67,49,26,17,6,8,7,3,136,93,60,24,17,10,14
2008-317,Amersfoort,Clay,28,250,O,20080714,4,M984,,,David Marrero,R,183,ESP,28.266,203,192,L439,,,Irakli Labadze,L,188,GEO,27.097,777,19,7-5 4-6 6-0,3,Q2,101,9,2,81,58,43,11,14,0,2,11,10,86,53,37,11,14,3,8
2008-317,Amersfoort,Clay,28,250,O,20080714,5,BA08,,,Alberto Brizzi,R,,ITA,24.301,273,136,SJ63,6,,Thomas Schoorel,L,203,NED,19.266,668,29,6-3 1-6 6-3,3,Q2,120,1,2,111,77,46,17,13,10,13,5,2,78,53,36,13,12,5,8
2008-317,Amersfoort,Clay,28,250,O,20080714,6,MC18,,,Denis Matsukevich,R,191,RUS,22.297,364,91,T323,7,,Nicolas Tourte,,,FRA,28.906,716,24,1-6 6-2 6-2,3,Q2,90,1,3,61,42,30,7,11,4,7,5,2,78,54,35,9,12,5,10
2008-317,Amersfoort,Clay,28,250,O,20080714,7,SF36,,,Igor Sijsling,R,191,NED,20.906,384,81,A620,5,,Rafael Arevalo,R,,ESA,22.029,445,65,6-2 5-7 6-4,3,Q2,113,19,3,106,69,55,14,15,8,10,2,4,88,63,41,13,15,2,6
2008-319,Kitzbuhel,Clay,32,500,O,20080714,1,G725,,,Santiago Giraldo,R,188,COL,20.63,161,266,E196,,,Rainer Eitzinger,R,178,AUT,25.046,237,157,7-6(4) 6-3,3,Q1,76,3,0,68,40,28,19,11,5,7,1,1,62,41,31,5,10,2,5
2008-319,Kitzbuhel,Clay,32,500,O,20080714,2,BC65,,,Matthias Bachinger,R,188,GER,21.284,173,236,H881,,,Armin Hirner,R,,AUT,18.557,,,6-0 6-1,3,Q1,36,1,1,30,15,15,13,7,0,0,1,6,32,12,7,3,6,1,6
2008-319,Kitzbuhel,Clay,32,500,O,20080714,3,SB34,,,Alexander Satschko,R,178,GER,27.669,375,86,U061,3,,Adrian Ungur,R,178,ROU,23.474,169,242,6-3 6-2,3,Q1,61,5,4,63,35,29,14,9,7,7,2,6,46,28,18,7,8,1,4
2008-319,Kitzbuhel,Clay,32,500,O,20080714,4,BC72,,,Daniel Brands,R,196,GER,20.994,251,146,R628,4,,Laurent Recouderc,R,,AND,24.011,188,215,7-6(5) 6-2,3,Q1,163,7,2,61,39,33,13,10,0,0,1,0,62,27,18,23,10,0,2
2008-319,Kitzbuhel,Clay,32,500,O,20080714,5,R685,5,,Lukas Rosol,R,193,CZE,22.973,167,243,S535,,,Razvan Sabau,R,185,ROU,31.072,426,71,6-0 4-6 7-6(3),3,Q1,109,13,8,92,44,33,26,14,4,8,4,10,114,63,39,21,14,16,22
2008-319,Kitzbuhel,Clay,32,500,O,20080714,6,O264,,,Josselin Ouanna,R,193,FRA,22.251,214,183,M747,,,Frank Moser,R,196,GER,31.806,916,11,6-4 6-2,3,Q1,78,8,2,57,28,24,17,9,3,3,3,6,52,27,23,7,9,5,8
2008-319,Kitzbuhel,Clay,32,500,O,20080714,7,O305,,,Philipp Oswald,R,201,AUT,22.472,398,77,R750,7,,Pere Riba,R,183,ESP,20.268,215,182,6-3 6-3,3,Q1,81,10,5,59,36,30,11,9,1,1,4,4,50,34,23,7,9,4,7
2008-319,Kitzbuhel,Clay,32,500,O,20080714,8,H804,8,,Andreas Haider-Maurer,R,191,AUT,21.314,231,162,R934,,,Nicolas Reissig,R,185,AUT,19.269,1193,5,6-2 6-1,3,Q1,61,1,3,56,38,29,7,8,3,3,0,5,53,40,22,4,7,3,7
2008-319,Kitzbuhel,Clay,32,500,O,20080714,9,G725,,,Santiago Giraldo,R,188,COL,20.63,161,266,H804,8,,Andreas Haider-Maurer,R,191,AUT,21.314,231,162,6-2 6-2,3,Q2,63,8,0,46,30,24,9,8,0,0,2,1,58,27,15,15,8,3,7
2008-319,Kitzbuhel,Clay,32,500,O,20080714,10,O264,,,Josselin Ouanna,R,193,FRA,22.251,214,183,BC65,,,Matthias Bachinger,R,188,GER,21.284,173,236,3-6 6-1 7-5,3,Q2,109,4,5,95,50,38,22,14,7,9,9,6,96,44,35,20,14,3,7
2008-319,Kitzbuhel,Clay,32,500,O,20080714,11,BC72,,,Daniel Brands,R,196,GER,20.994,251,146,R685,5,,Lukas Rosol,R,193,CZE,22.973,167,243,6-3 6-4,3,Q2,57,11,3,67,52,40,3,10,2,3,5,3,57,46,28,7,9,6,9
2008-319,Kitzbuhel,Clay,32,500,O,20080714,12,104659,,,Philipp Oswald,R,201,AUT,22.472,398,77,103688,,,Alexander Satschko,R,178,GER,27.669,375,86,6-4 7-6(7),3,Q2,102,9,2,72,48,36,15,12,1,2,5,3,84,52,34,14,11,2,5
2008-419,Indianapolis,Hard,32,250,O,20080714,1,104443,,,Stephen Bass,,,USA,23.253,494,53,103983,,,Brad Pomeroy,,,,,1122,6,6-3 6-4,3,Q1,82,4,2,62,40,31,12,10,1,2,3,4,68,42,26,10,9,2,5
2008-419,Indianapolis,Hard,32,250,O,20080714,2,104760,,,Brendan Evans,R,188,USA,22.267,174,234,103911,,,Sanchai Ratiwatana,R,175,THA,26.472,866,13,6-3 6-2,3,Q1,68,6,2,48,30,24,10,8,1,2,1,4,52,32,16,8,8,5,8
2008-419,Indianapolis,Hard,32,250,O,20080714,3,104696,,,Woong-Sun Jun,R,191,KOR,22.084,293,125,103830,,,Scott Lipsky,R,185,USA,26.916,794,18,6-4 7-5,3,Q1,94,7,3,68,42,32,15,12,2,3,4,7,78,48,28,14,12,3,6
2008-419,Indianapolis,Hard,32,250,O,20080714,4,104712,,,Mikhail Ledovskikh,R,188,RUS,21.933,184,222,110252,,,Taylor Fogleman,,,,,,,7-5 6-3,3,Q1,88,6,2,65,42,32,15,11,1,2,3,5,72,45,26,12,10,1,4
2008-419,Indianapolis,Hard,32,250,O,20080714,5,103630,,,Justin O'Neal,R,,USA,30.721,748,21,103621,,,Jason Marshall,L,185,USA,30.067,,,6-1 6-2,3,Q1,58,5,1,38,24,20,8,7,0,0,1,0,42,25,10,6,6,5,8
2008-419,Indianapolis,Hard,32,250,O,20080714,6,104334,,,Justin Diao Natale,,,USA,27.053,741,22,103912,,,Sonchat Ratiwatana,R,175,THA,26.472,1266,3,3-6 7-6(5) 6-0,3,Q1,118,5,3,92,55,40,18,15,3,8,4,8,105,62,36,18,15,4,8
2008-419,Indianapolis,Hard,32,250,O,20080714,7,103975,,,Sunil-Kumar Sipaeya,,,IND,25.279,518,49,102434,,,Jim Thomas,R,193,USA,33.804,,,6-4 6-2,3,Q1,78,4,2,55,34,26,12,10,1,2,3,4,62,38,20,10,10,2,5
2008-419,Indianapolis,Hard,32,250,O,20080714,8,102543,,,Joseph Sirianni,R,178,AUS,33.489,158,284,105932,,,Filip Krajinovic,R,185,SRB,16.378,1458,2,6-2 6-4,3,Q1,84,7,2,62,38,30,14,11,1,2,3,4,68,42,24,11,10,2,5
2008-419,Indianapolis,Hard,32,250,O,20080714,9,104696,,,Woong-Sun Jun,R,191,KOR,22.084,293,125,103912,,,Sonchat Ratiwatana,R,175,THA,26.472,1266,3,6-4 6-4,3,Q2,88,8,3,65,42,33,15,11,1,2,3,5,72,45,26,12,10,1,4
2008-419,Indianapolis,Hard,32,250,O,20080714,10,104712,,,Mikhail Ledovskikh,R,188,RUS,21.933,184,222,103975,,,Sunil-Kumar Sipaeya,,,IND,25.279,518,49,4-6 6-3 7-5,3,Q2,126,10,4,95,58,44,20,17,3,6,5,8,102,64,38,20,15,4,8
2008-419,Indianapolis,Hard,32,250,O,20080714,11,103630,,,Justin O'Neal,R,,USA,30.721,748,21,104760,,,Brendan Evans,R,188,USA,22.267,174,234,3-6 6-3 6-4,3,Q2,122,8,4,92,55,42,18,17,4,6,5,10,108,65,38,20,17,3,7
2008-419,Indianapolis,Hard,32,250,O,20080714,12,102543,,,Joseph Sirianni,R,178,AUS,33.489,158,284,104443,,,Stephen Bass,,,USA,23.253,494,53,2-6 7-5 6-0,3,Q2,112,6,4,88,52,38,18,15,3,5,4,6,96,58,36,15,13,2,5
2008-439,Umag,Clay,28,250,O,20080714,1,MB84,,,Mathieu Montcourt,R,183,FRA,23.362,185,220,C759,,,Ivan Cerovic,L,191,CRO,26.371,335,102,6-4 7-5,3,Q1,108,2,6,67,47,38,9,11,3,4,3,1,65,31,24,15,11,2,5
2008-439,Umag,Clay,28,250,O,20080714,2,P567,,,Filip Prpic,R,173,SWE,26.136,230,162,MF09,,,Nikola Mektic,R,183,CRO,19.554,508,51,6-4 6-0,3,Q1,85,8,1,59,41,27,9,8,2,3,2,0,63,38,18,13,8,9,14
2008-439,Umag,Clay,28,250,O,20080714,3,P471,,,Francesco Piccari,R,,ITA,28.851,234,159,D893,,,Marko Djokovic,,,SRB,16.901,1602,1,3-6 7-5 7-5,3,Q1,159,3,2,97,56,42,20,16,4,8,2,5,98,70,48,10,17,4,9
2008-439,Umag,Clay,28,250,O,20080714,4,N437,,,Gianluca Naso,R,193,ITA,21.52,238,155,Z104,,,Lovro Zovko,R,191,CRO,27.324,487,54,6-4 5-7 6-4,3,Q1,143,14,5,89,61,43,14,16,5,9,11,7,105,47,33,27,16,2,7
2008-439,Umag,Clay,28,250,O,20080714,5,D351,5,,Sebastien De Chaunac,R,183,FRA,30.768,265,140,BF13,,,Marko Boskovic,,,SRB,16.802,,,6-0 6-0,3,Q1,48,3,1,33,14,12,13,6,0,0,0,0,42,35,12,2,6,3,9
2008-439,Umag,Clay,28,250,O,20080714,6,H377,6,,Dominik Hrbaty,R,180,SVK,30.524,269,136,D646,,,Ivan Dodig,R,183,CRO,23.529,388,80,6-0 6-1,3,Q1,49,0,1,32,24,20,5,6,0,0,3,0,38,26,7,3,7,2,8
2008-439,Umag,Clay,28,250,O,20080714,7,V339,7,,Simone Vagnozzi,R,,ITA,25.125,305,118,R790,,,Valery Rudnev,R,,RUS,20.408,589,38,6-0 6-4,3,Q1,69,1,1,52,38,29,5,8,1,2,1,1,57,40,19,7,8,8,13
2008-439,Umag,Clay,28,250,O,20080714,8,105025,8,,Franko Skugor,R,196,CRO,20.816,310,116,105741,,,Mirza Basic,R,188,BIH,17.008,,,7-5 6-2,3,Q1,88,6,2,65,42,32,15,11,1,2,4,8,75,48,28,12,10,3,6
2008-439,Umag,Clay,28,250,O,20080714,9,MB84,,,Mathieu Montcourt,R,183,FRA,23.362,185,220,V339,7,,Simone Vagnozzi,R,,ITA,25.125,305,118,6-2 6-3,3,Q2,79,0,0,45,31,19,9,8,1,4,1,1,68,53,21,7,9,9,16
2008-439,Umag,Clay,28,250,O,20080714,10,P567,,,Filip Prpic,R,173,SWE,26.136,230,162,D351,5,,Sebastien De Chaunac,R,183,FRA,30.768,265,140,7-5 3-6 6-3,3,Q2,131,1,3,101,69,47,15,15,6,9,11,4,89,48,35,20,15,1,5
2008-439,Umag,Clay,28,250,O,20080714,11,P471,,,Francesco Piccari,R,,ITA,28.851,234,159,SF76,8,,Franko Skugor,R,196,CRO,20.816,310,116,6-4 6-3,3,Q2,99,2,4,61,31,26,15,9,4,4,6,0,68,39,28,12,10,8,11
2008-439,Umag,Clay,28,250,O,20080714,12,N437,,,Gianluca Naso,R,193,ITA,21.52,238,155,H377,6,,Dominik Hrbaty,R,180,SVK,30.524,269,136,6-3 6-2,3,Q2,77,7,2,50,27,18,12,8,3,5,0,1,68,53,26,5,9,7,13
2008-421,Canada Masters,Hard,56,M,O,20080721,1,J129,,,Thomas Johansson,R,180,SWE,33.328,64,638,BC68,,,Philip Bester,R,188,CAN,19.789,810,18,6-7(4) 7-6(1) 6-2,3,Q1,125,10,5,89,65,54,11,16,1,3,13,5,110,63,44,24,16,5,9
2008-421,Canada Masters,Hard,56,M,O,20080721,2,C487,,,Arnaud Clement,R,173,FRA,30.593,72,562,ME89,,,Illya Marchenko,R,185,UKR,20.868,307,117,6-4 6-0,3,Q1,88,2,1,59,29,22,18,8,5,5,3,6,52,21,14,12,8,2,6
2008-421,Canada Masters,Hard,56,M,O,20080721,3,D551,,,Farrukh Dustov,R,193,UZB,22.166,383,82,G649,,,Marco Gualdi,,,ITA,,,,6-0 6-4,3,Q1,67,4,1,46,35,30,5,8,4,4,2,5,48,27,16,9,8,2,6
2008-421,Canada Masters,Hard,56,M,O,20080721,4,B757,,,Rohan Bopanna,R,193,IND,28.381,322,110,L575,4,,Yen-Hsun Lu,R,180,TPE,24.936,70,572,6-4 6-4,3,Q1,70,6,3,60,33,26,18,10,1,1,2,3,69,38,26,17,10,5,7
2008-421,Canada Masters,Hard,56,M,O,20080721,5,Y124,,,Donald Young,L,183,USA,18.995,110,446,PD07,,,Vasek Pospisil,R,193,CAN,18.078,1163,5,6-1 6-2,3,Q1,60,2,1,37,25,18,7,7,0,1,1,4,72,40,20,12,8,7,13
2008-421,Canada Masters,Hard,56,M,O,20080721,6,C813,,,Ti Chen,R,178,TPE,24.799,302,119,O234,6,,Wayne Odesnik,L,180,USA,22.664,101,474,W/O,3,Q1,,,,,,,,,,,,,,,,,,,
2008-421,Canada Masters,Hard,56,M,O,20080721,7,B896,7,,Benjamin Becker,R,178,GER,27.097,111,443,BF17,,,Devin Britton,R,193,USA,17.347,,,6-1 6-1,3,Q1,48,7,3,42,20,18,13,7,1,1,5,4,45,24,13,6,7,1,6
2008-421,Canada Masters,Hard,56,M,O,20080721,8,F444,8,,Alejandro Falla,L,185,COL,24.684,116,421,PB23,,,Milan Pokrajac,,,CAN,20.723,411,74,6-4 7-5,3,Q1,94,4,4,62,32,25,16,11,1,3,1,5,75,34,22,20,11,3,7
2008-421,Canada Masters,Hard,56,M,O,20080721,9,L799,,,Jesse Levine,L,175,CAN,20.767,123,401,J263,,,Woong-Sun Jun,R,191,KOR,22.103,253,145,6-1 6-7(2) 5-3 RET,3,Q1,136,7,8,105,64,41,21,14,6,9,11,2,91,54,33,17,13,8,14
2008-421,Canada Masters,Hard,56,M,O,20080721,10,SC47,10,,Go Soeda,R,178,JPN,23.874,126,387,I230,,,Tatsuma Ito,R,180,JPN,20.175,338,105,6-4 6-4,3,Q1,82,7,1,58,38,29,15,10,2,2,0,2,57,27,19,16,10,1,3
2008-421,Canada Masters,Hard,56,M,O,20080721,11,G806,,,Andrey Golubev,R,180,KAZ,20.999,155,294,K409,,,Phillip King,R,175,USA,26.587,377,84,6-4 6-4,3,Q1,77,7,4,62,38,34,10,10,1,1,3,0,59,30,21,16,10,4,6
2008-421,Canada Masters,Hard,56,M,O,20080721,12,B446,,,Jonas Bjorkman,R,183,SWE,36.329,188,223,L657,,,Gary Lugassy,L,,FRA,25.919,220,179,6-3 6-4,3,Q1,73,6,0,53,31,24,14,10,0,1,2,4,51,29,20,10,9,2,5
2008-421,Canada Masters,Hard,56,M,O,20080721,13,K596,,,Alexander Kudryavtsev,R,183,RUS,22.735,203,201,R975,,,Milos Raonic,R,196,CAN,17.566,931,11,6-3 6-4,3,Q1,46,3,1,46,33,28,9,10,0,1,3,3,48,23,16,13,9,0,3
2008-421,Canada Masters,Hard,56,M,O,20080721,14,D487,,,Lukas Dlouhy,R,185,CZE,25.284,213,187,B503,,,George Bastl,R,183,SUI,33.306,317,111,6-2 1-6 7-5,3,Q1,108,8,3,80,53,35,12,13,6,10,9,4,83,55,37,11,14,3,8
2008-421,Canada Masters,Hard,56,M,O,20080721,15,B446,,,Jonas Bjorkman,R,183,SWE,36.329,188,223,J129,,,Thomas Johansson,R,180,SWE,33.328,64,638,6-3 6-4,3,Q2,61,7,2,51,31,27,14,10,0,0,5,0,50,22,13,19,9,3,5
2008-421,Canada Masters,Hard,56,M,O,20080721,16,C487,,,Arnaud Clement,R,173,FRA,30.593,72,562,F444,8,,Alejandro Falla,L,185,COL,24.684,116,421,5-7 6-3 6-2,3,Q2,119,8,4,77,40,34,22,15,5,8,10,7,89,45,32,18,14,3,8
2008-421,Canada Masters,Hard,56,M,O,20080721,17,Y124,,,Donald Young,L,183,USA,18.995,110,446,SC47,10,,Go Soeda,R,178,JPN,23.874,126,387,6-3 6-2,3,Q2,85,0,2,65,34,23,18,9,3,4,1,1,62,35,20,11,8,7,11
2008-421,Canada Masters,Hard,56,M,O,20080721,18,L799,,,Jesse Levine,L,175,CAN,20.767,123,401,B896,7,,Benjamin Becker,R,178,GER,27.097,111,443,6-3 3-6 7-6(6),3,Q2,119,8,4,97,64,51,19,15,3,4,9,1,89,48,39,27,15,4,5
2008-421,Canada Masters,Hard,56,M,O,20080721,19,G806,,,Andrey Golubev,R,180,KAZ,20.999,155,294,B757,,,Rohan Bopanna,R,193,IND,28.381,322,110,7-6(5) 6-7(7) 6-4,3,Q2,138,11,3,102,51,39,34,17,3,4,10,3,121,66,53,26,17,8,10
2008-421,Canada Masters,Hard,56,M,O,20080721,20,104603,,,Alexander Kudryavtsev,R,183,RUS,22.735,203,201,104214,,,Ti Chen,R,178,TPE,24.799,302,119,7-5 7-6(4),3,Q2,108,12,3,82,51,38,18,15,3,5,4,6,92,55,32,15,13,2,5
2008-421,Canada Masters,Hard,56,M,O,20080721,21,D487,,,Lukas Dlouhy,R,185,CZE,25.284,213,187,D551,,,Farrukh Dustov,R,193,UZB,22.166,383,82,6-3 6-2,3,Q2,57,4,4,51,33,25,11,9,6,7,0,1,48,33,19,5,8,4,8
2008-422,Cincinnati Masters,Hard,56,M,O,20080728,1,C487,,,Arnaud Clement,R,173,FRA,30.612,70,582,F376,,,Alberto Francis,R,196,USA,26.472,302,117,6-2 6-4,3,Q1,61,10,0,46,34,31,5,9,0,0,10,3,64,38,27,12,9,2,5
2008-422,Cincinnati Masters,Hard,56,M,O,20080728,2,G621,,,Chris Guccione,L,201,AUS,22.995,91,493,D551,,,Farrukh Dustov,R,193,UZB,22.185,369,90,6-4 6-3,3,Q1,62,7,3,54,27,24,16,10,0,0,6,1,44,29,21,10,9,1,3
2008-422,Cincinnati Masters,Hard,56,M,O,20080728,3,O252,,,Scott Oudsema,R,191,USA,22.075,450,64,O234,3,,Wayne Odesnik,L,180,USA,22.683,97,474,6-4 3-6 6-2,3,Q1,108,13,4,99,54,37,24,14,5,7,4,4,70,36,28,18,13,0,3
2008-422,Cincinnati Masters,Hard,56,M,O,20080728,4,B896,,,Benjamin Becker,R,178,GER,27.116,109,443,C813,,,Ti Chen,R,178,TPE,24.819,285,126,6-3 6-4,3,Q1,81,11,2,56,33,25,14,10,0,1,0,1,71,38,26,15,9,7,10
2008-422,Cincinnati Masters,Hard,56,M,O,20080728,5,A678,,,Kevin Anderson,R,203,RSA,22.196,117,422,K409,,,Phillip King,R,175,USA,26.606,393,78,6-4 6-4,3,Q1,79,8,2,57,36,27,13,10,3,4,7,2,67,32,23,16,10,4,7
2008-422,Cincinnati Masters,Hard,56,M,O,20080728,6,C634,,,Paul Capdeville,R,191,CHI,25.322,133,360,H940,,,Ryan Harrison,R,185,USA,16.225,715,24,6-4 6-2,3,Q1,70,2,3,46,32,28,8,9,0,0,5,6,78,41,27,16,9,7,10
2008-422,Cincinnati Masters,Hard,56,M,O,20080728,7,B446,,,Jonas Bjorkman,R,183,SWE,36.348,161,273,BE93,,,Chase Buchanan,R,193,USA,17.15,765,20,6-2 6-3,3,Q1,76,1,0,56,32,22,17,8,6,6,2,3,60,36,23,10,9,2,6
2008-422,Cincinnati Masters,Hard,56,M,O,20080728,8,R548,,,Rajeev Ram,R,193,USA,24.361,200,200,C918,,,Erik Chvojka,L,185,CAN,21.755,363,91,6-2 7-6(6),3,Q1,92,8,2,57,33,31,13,10,0,0,6,8,78,41,29,18,10,9,11
2008-422,Cincinnati Masters,Hard,56,M,O,20080728,9,Y070,,,Michael Yani,R,185,USA,27.573,229,161,W522,,,Rhyne Williams,R,185,USA,17.352,913,12,6-1 6-2,3,Q1,60,8,1,38,22,21,11,8,0,0,6,2,52,29,15,9,7,6,10
2008-422,Cincinnati Masters,Hard,56,M,O,20080728,10,S842,,,Andrea Stoppini,R,191,ITA,28.411,234,159,M815,,,Toshihide Matsui,R,178,JPN,30.275,368,90,6-4 7-5,3,Q1,96,2,4,69,34,26,19,11,2,3,10,4,77,41,30,16,11,4,7
2008-422,Cincinnati Masters,Hard,56,M,O,20080728,11,J263,,,Woong-Sun Jun,R,191,KOR,22.122,252,145,L831,,,Denes Lukacs,R,180,HUN,21.421,1533,1,7-6(4) 6-1,3,Q1,73,15,2,71,46,39,13,10,3,3,5,5,55,23,15,18,9,2,4
2008-422,Cincinnati Masters,Hard,56,M,O,20080728,12,E224,,,Victor Estrella Burgos,R,170,DOM,27.986,243,149,B757,,,Rohan Bopanna,R,193,IND,28.4,329,106,6-4 6-4,3,Q1,63,1,2,55,42,32,10,10,5,5,8,4,61,33,25,12,10,6,8
2008-422,Cincinnati Masters,Hard,56,M,O,20080728,13,B503,,,George Bastl,R,183,SUI,33.325,313,111,K737,13,,Alex Kuznetsov,R,183,USA,21.476,275,134,6-3 4-6 6-3,3,Q1,119,3,3,74,57,45,11,14,1,2,5,7,84,49,33,19,14,5,8
2008-422,Cincinnati Masters,Hard,56,M,O,20080728,14,W359,14,,Todd Widom,R,,USA,25.262,288,123,SD23,,,Artem Sitak,R,185,NZL,22.467,306,116,6-3 6-1,3,Q1,76,2,1,52,30,24,13,8,5,5,4,1,61,38,23,8,8,6,10
2008-422,Cincinnati Masters,Hard,56,M,O,20080728,15,S842,,,Andrea Stoppini,R,191,ITA,28.411,234,159,C487,,,Arnaud Clement,R,173,FRA,30.612,70,582,6-4 6-4,3,Q2,83,10,0,64,35,24,17,10,2,4,2,3,58,32,21,14,10,4,8
2008-422,Cincinnati Masters,Hard,56,M,O,20080728,16,G621,,,Chris Guccione,L,201,AUS,22.995,91,493,J263,,,Woong-Sun Jun,R,191,KOR,22.122,252,145,6-4 6-3,3,Q2,69,6,0,56,32,25,16,10,0,0,4,1,63,42,31,7,9,6,8
2008-422,Cincinnati Masters,Hard,56,M,O,20080728,17,B896,,,Benjamin Becker,R,178,GER,27.116,109,443,B503,,,George Bastl,R,183,SUI,33.325,313,111,7-6(1) 6-1,3,Q2,98,6,3,55,28,25,13,10,1,3,1,2,83,53,30,10,9,11,15
2008-422,Cincinnati Masters,Hard,56,M,O,20080728,18,A678,,,Kevin Anderson,R,203,RSA,22.196,117,422,W359,14,,Todd Widom,R,,USA,25.262,288,123,6-7(7) 6-2 7-6(3),3,Q2,154,24,3,113,79,58,19,16,3,3,6,4,110,61,42,26,16,3,5
2008-422,Cincinnati Masters,Hard,56,M,O,20080728,19,E224,,,Victor Estrella Burgos,R,170,DOM,27.986,243,149,C634,,,Paul Capdeville,R,191,CHI,25.322,133,360,7-5 6-0,3,Q2,74,1,0,52,42,32,7,9,1,1,4,0,59,41,26,6,9,7,11
2008-422,Cincinnati Masters,Hard,56,M,O,20080728,20,B446,,,Jonas Bjorkman,R,183,SWE,36.348,161,273,R548,,,Rajeev Ram,R,193,USA,24.361,200,200,6-2 6-2,3,Q2,67,3,0,45,24,18,15,8,3,4,5,0,58,41,21,6,8,2,7
2008-422,Cincinnati Masters,Hard,56,M,O,20080728,21,Y070,,,Michael Yani,R,185,USA,27.573,229,161,O252,,,Scott Oudsema,R,191,USA,22.075,450,64,6-7(3) 6-1 7-5,3,Q2,131,12,10,99,63,50,20,16,6,7,12,4,105,52,38,25,15,4,8
2008-423,Los Angeles,Hard,28,250,O,20080804,1,D438,,,Amer Delic,R,196,BIH,26.097,137,333,D316,,,Ramon Delgado,R,183,PAR,31.721,295,118,6-2 6-4,3,Q1,62,13,1,47,31,24,10,9,2,3,4,2,58,39,24,8,9,6,10
2008-423,Los Angeles,Hard,28,250,O,20080804,2,W361,,,Sam Warburg,R,191,USA,25.268,139,329,M614,,,Cecil Mamiit,R,173,PHI,32.104,406,74,7-6 6-3,3,Q1,106,4,3,72,53,39,7,10,4,6,8,2,81,45,28,15,11,4,8
2008-423,Los Angeles,Hard,28,250,O,20080804,3,G806,,,Andrey Golubev,R,180,KAZ,21.038,163,270,K409,,,Phillip King,R,175,USA,26.626,468,59,6-2 6-4,3,Q1,58,3,5,52,30,25,11,9,3,4,2,2,46,28,18,7,9,3,7
2008-423,Los Angeles,Hard,28,250,O,20080804,4,V205,,,Dusan Vemic,R,188,SRB,32.131,178,229,MF57,,,Michael McClune,R,188,USA,18.951,346,97,7-6 6-4,3,Q1,99,12,6,72,45,38,15,11,3,3,5,1,66,39,28,17,11,2,3
2008-423,Los Angeles,Hard,28,250,O,20080804,5,S842,,,Andrea Stoppini,R,191,ITA,28.43,221,172,Y100,,,Robert Yim,L,,USA,23.439,935,11,6-4 6-4,3,Q1,85,6,4,65,37,26,15,10,5,7,8,2,73,35,24,16,10,5,9
2008-423,Los Angeles,Hard,28,250,O,20080804,6,J263,6,,Woong-Sun Jun,R,191,KOR,22.141,239,158,B757,,,Rohan Bopanna,R,193,IND,28.419,328,106,6-4 6-2,3,Q1,68,7,3,59,27,22,19,9,4,4,6,4,69,33,22,17,9,7,10
2008-423,Los Angeles,Hard,28,250,O,20080804,7,C768,,,Lester Cook,R,180,USA,24.279,322,109,SD23,7,,Artem Sitak,R,185,NZL,22.486,304,116,6-3 6-3,3,Q1,68,2,1,54,34,24,13,9,1,2,1,4,53,25,16,11,9,0,4
2008-423,Los Angeles,Hard,28,250,O,20080804,8,SF62,,,Tim Smyczek,R,175,USA,20.597,362,90,B503,8,,George Bastl,R,183,SUI,33.344,307,114,6-4 7-5,3,Q1,100,0,4,73,42,23,19,11,1,4,2,3,71,41,22,13,11,4,9
2008-423,Los Angeles,Hard,28,250,O,20080804,9,D438,,,Amer Delic,R,196,BIH,26.097,137,333,J263,6,,Woong-Sun Jun,R,191,KOR,22.141,239,158,6-4 6-3,3,Q2,53,5,0,49,39,31,7,10,1,2,2,3,47,27,17,11,9,2,5
2008-423,Los Angeles,Hard,28,250,O,20080804,10,W361,,,Sam Warburg,R,191,USA,25.268,139,329,SF62,,,Tim Smyczek,R,175,USA,20.597,362,90,6-1 1-6 6-3,3,Q2,96,7,0,77,53,39,10,12,2,4,5,3,66,36,22,18,11,5,8
2008-423,Los Angeles,Hard,28,250,O,20080804,11,G806,,,Andrey Golubev,R,180,KAZ,21.038,163,270,C768,,,Lester Cook,R,180,USA,24.279,322,109,4-6 7-6(4) 6-2,3,Q2,131,9,6,103,59,50,17,15,4,6,3,2,91,51,36,24,15,4,7
2008-423,Los Angeles,Hard,28,250,O,20080804,12,S842,,,Andrea Stoppini,R,191,ITA,28.43,221,172,V205,,,Dusan Vemic,R,188,SRB,32.131,178,229,7-5 7-5,3,Q2,105,5,5,75,36,32,19,12,3,4,8,5,81,57,37,10,12,5,8
2008-418,Washington,Hard,32,250,O,20080810,1,K448,,,Robert Kendrick,R,191,USA,28.736,117,421,K737,,,Alex Kuznetsov,R,183,USA,21.511,272,134,6-3 7-6(4),3,Q1,93,9,3,69,41,32,19,11,0,0,4,3,82,46,33,18,10,3,4
2008-418,Washington,Hard,32,250,O,20080810,2,SC47,2,,Go Soeda,R,178,JPN,23.929,119,418,S842,,,Andrea Stoppini,R,191,ITA,28.446,221,172,6-4 6-2,3,Q1,54,5,3,47,33,27,10,9,2,2,5,2,46,23,19,9,9,2,5
2008-418,Washington,Hard,32,250,O,20080810,3,C882,3,,Pablo Cuevas,R,180,URU,22.606,132,349,H836,,,Tyler Hochwalt,R,193,USA,19.51,1837,1,7-6(5) 6-3,3,Q1,83,3,3,65,37,32,20,11,0,0,15,3,68,45,35,11,10,2,3
2008-418,Washington,Hard,32,250,O,20080810,4,K358,4,,Kevin Kim,R,180,USA,30.042,138,333,B842,,,Alex Bogomolov Jr.,R,178,RUS,25.3,294,121,1-6 6-4 6-3,3,Q1,106,7,0,82,43,29,23,13,5,8,3,2,91,67,47,8,13,6,9
2008-418,Washington,Hard,32,250,O,20080810,5,D616,,,Somdev Devvarman,R,180,IND,23.488,320,109,W361,5,,Sam Warburg,R,191,USA,25.284,139,329,4-6 6-0 6-3,3,Q1,99,7,2,73,48,30,16,12,1,3,6,4,78,47,30,12,13,2,8
2008-418,Washington,Hard,32,250,O,20080810,6,PB22,,,Peter Polansky,R,183,CAN,20.153,263,137,S673,6,,Joseph Sirianni,R,178,AUS,33.563,149,304,6-2 7-5,3,Q1,74,2,6,56,33,30,9,10,3,4,6,8,77,37,27,14,10,6,10
2008-418,Washington,Hard,32,250,O,20080810,7,D424,,,Rik De Voest,R,180,RSA,28.181,151,300,E224,,,Victor Estrella Burgos,R,170,DOM,28.022,224,168,6-3 7-5,3,Q1,87,2,4,77,40,27,22,11,7,9,2,5,72,45,29,9,10,5,9
2008-418,Washington,Hard,32,250,O,20080810,8,G806,8,,Andrey Golubev,R,180,KAZ,21.054,163,270,H469,,,KJ Hippensteel,L,191,USA,28.257,700,25,7-5 6-4,3,Q1,94,4,2,71,44,32,15,11,1,2,2,5,73,48,32,12,11,2,5
2008-418,Washington,Hard,32,250,O,20080810,9,BA53,,,Jamie Baker,R,183,GBR,22.015,302,116,O252,,,Scott Oudsema,R,191,USA,22.111,410,72,6-4 6-4,3,Q1,78,5,1,60,39,27,17,10,2,2,11,4,61,33,25,13,10,3,5
2008-418,Washington,Hard,32,250,O,20080810,10,B977,,,Richard Bloomfield,R,185,GBR,25.29,287,125,L836,,,Nick Lindahl,R,183,AUS,20.027,252,147,7-6(2) 6-3,3,Q1,83,9,2,65,33,27,18,10,4,5,5,0,64,37,23,14,11,0,3
2008-418,Washington,Hard,32,250,O,20080810,11,D316,,,Ramon Delgado,R,183,PAR,31.737,295,118,SD23,,,Artem Sitak,R,185,NZL,22.502,304,116,7-5 6-4,3,Q1,94,4,4,64,39,29,13,11,1,3,3,3,66,37,26,14,11,3,7
2008-418,Washington,Hard,32,250,O,20080810,12,E629,,,Colin Ebelthite,R,,AUS,23.702,226,165,MB88,,,Matwe Middelkoop,R,191,NED,24.936,204,199,7-6(6) 1-0 RET,3,Q1,64,5,3,45,20,15,13,6,4,6,4,1,58,37,21,10,7,2,5
2008-418,Washington,Hard,32,250,O,20080810,13,G940,,,Sam Groth,R,193,AUS,20.81,231,163,Y070,,,Michael Yani,R,185,USA,27.608,215,181,6-4 3-0 RET,3,Q1,60,12,2,40,21,18,11,7,1,1,2,5,43,19,13,10,6,3,5
2008-418,Washington,Hard,32,250,O,20080810,14,J263,,,Woong-Sun Jun,R,191,KOR,22.157,239,158,F376,,,Alberto Francis,R,196,USA,26.508,300,117,6-3 6-3,3,Q1,60,4,3,53,31,21,12,9,1,3,3,2,52,26,17,10,9,3,8
2008-418,Washington,Hard,32,250,O,20080810,15,MB49,,,Nicholas Monroe,R,178,USA,26.33,285,127,SF62,,,Tim Smyczek,R,175,USA,20.613,362,90,6-4 3-6 6-4,3,Q1,121,0,5,91,66,44,10,14,4,7,3,2,96,54,35,23,15,5,9
2008-418,Washington,Hard,32,250,O,20080810,16,W387,,,Jesse Witten,R,178,USA,25.821,264,137,C813,,,Ti Chen,R,178,TPE,24.854,286,126,6-3 6-1,3,Q1,67,3,1,46,26,22,11,8,1,2,4,1,66,43,22,9,8,10,15
2008-418,Washington,Hard,32,250,O,20080810,17,K448,,,Robert Kendrick,R,191,USA,28.736,117,421,E629,,,Colin Ebelthite,R,,AUS,23.702,226,165,6-2 6-3,3,Q2,55,11,5,55,31,28,11,9,0,0,1,4,47,25,19,8,8,2,5
2008-418,Washington,Hard,32,250,O,20080810,18,SC47,2,,Go Soeda,R,178,JPN,23.929,119,418,J263,,,Woong-Sun Jun,R,191,KOR,22.157,239,158,7-6(3) 6-3,3,Q2,88,2,1,55,37,30,14,10,4,4,4,3,64,32,25,17,11,1,3
2008-418,Washington,Hard,32,250,O,20080810,19,C882,3,,Pablo Cuevas,R,180,URU,22.606,132,349,G940,,,Sam Groth,R,193,AUS,20.81,231,163,7-6(12) 7-5,3,Q2,94,9,1,75,49,42,21,12,2,2,12,7,83,52,44,16,12,4,5
2008-418,Washington,Hard,32,250,O,20080810,20,K358,4,,Kevin Kim,R,180,USA,30.042,138,333,MB49,,,Nicholas Monroe,R,178,USA,26.33,285,127,6-1 6-3,3,Q2,66,3,3,61,35,24,14,8,5,6,1,4,48,29,15,6,8,1,6
2008-418,Washington,Hard,32,250,O,20080810,21,D424,,,Rik De Voest,R,180,RSA,28.181,151,300,W387,,,Jesse Witten,R,178,USA,25.821,264,137,6-1 6-3,3,Q2,54,1,0,48,34,25,7,8,2,3,2,3,50,32,15,8,8,6,11
2008-418,Washington,Hard,32,250,O,20080810,22,G806,8,,Andrey Golubev,R,180,KAZ,21.054,163,270,B977,,,Richard Bloomfield,R,185,GBR,25.29,287,125,7-5 6-4,3,Q2,89,7,5,60,30,28,18,11,0,0,6,6,73,42,31,14,11,2,4
2008-418,Washington,Hard,32,250,O,20080810,23,D316,,,Ramon Delgado,R,183,PAR,31.737,295,118,PB22,,,Peter Polansky,R,183,CAN,20.153,263,137,6-4 3-6 6-4,3,Q2,118,8,4,88,56,37,15,14,7,11,12,7,96,52,33,21,15,8,13
2008-418,Washington,Hard,32,250,O,20080810,24,D616,,,Somdev Devvarman,R,180,IND,23.488,320,109,BA53,,,Jamie Baker,R,183,GBR,22.015,302,116,6-1 7-5,3,Q2,88,6,1,51,31,25,9,9,2,3,2,3,63,41,26,8,10,4,9
2008-418,Washington,Hard,32,250,O,20080810,25,103429,,,Robert Kendrick,R,191,USA,28.736,117,421,105001,8,,Andrey Golubev,R,180,KAZ,21.054,163,270,6-2 4-6 7-5,3,Q3,135,12,4,105,68,52,24,20,5,8,6,11,118,75,48,22,18,3,7
2008-418,Washington,Hard,32,250,O,20080810,26,104468,,,Somdev Devvarman,R,180,IND,23.488,320,109,104417,2,,Go Soeda,R,178,JPN,23.929,119,418,7-5 7-5,3,Q3,108,6,3,82,51,38,18,15,3,5,4,6,92,55,32,15,13,2,5
2008-418,Washington,Hard,32,250,O,20080810,27,103565,,,Rik De Voest,R,180,RSA,28.181,151,300,104655,3,,Pablo Cuevas,R,180,URU,22.606,132,349,7-6(4) 6-4,3,Q3,96,8,2,65,42,32,15,11,1,2,3,5,72,45,26,12,10,1,4
2008-418,Washington,Hard,32,250,O,20080810,28,102839,,,Ramon Delgado,R,183,PAR,31.737,295,118,103233,4,,Kevin Kim,R,180,USA,30.042,138,333,6-7(7) 6-4 6-2,3,Q3,142,9,5,108,65,48,22,18,4,7,6,12,118,72,45,25,20,5,10
2008-3348,New Haven,Hard,48,250,O,20080817,1,S544,,,Vincent Spadea,R,183,USA,34.081,97,462,N570,,,Justin Diao Natale,,,USA,27.146,738,22,6-7(6) 6-2 6-0,3,Q1,97,7,5,79,44,31,22,13,0,2,3,1,80,53,34,8,13,2,9
2008-3348,New Haven,Hard,48,250,O,20080817,2,L799,,,Jesse Levine,L,175,CAN,20.841,106,444,F714,,,Patrick Frandji,,,USA,19.696,1624,1,6-0 6-1,3,Q1,41,5,2,32,21,20,8,7,0,0,0,5,35,20,6,5,6,3,8
2008-3348,New Haven,Hard,48,250,O,20080817,3,BC68,,,Philip Bester,R,188,CAN,19.863,802,18,E254,3,,Brendan Evans,R,188,USA,22.36,188,210,3-6 6-2 7-6(2),3,Q1,119,8,3,85,51,41,21,14,5,6,3,9,122,79,58,17,15,14,16
2008-3348,New Haven,Hard,48,250,O,20080817,4,J290,4,,Scoville Jenkins,R,188,USA,21.9,195,204,M614,,,Cecil Mamiit,R,173,PHI,32.14,432,67,6-3 3-6 7-6(5),3,Q1,156,1,5,109,62,38,19,15,11,17,2,3,106,50,29,28,15,1,7
2008-3348,New Haven,Hard,48,250,O,20080817,5,F376,5,,Alberto Francis,R,196,USA,26.527,291,122,BF95,,,William Boe-Wiegaard,R,183,USA,24.772,,,6-1 6-2,3,Q1,47,1,1,42,32,28,4,8,0,0,2,5,41,16,9,10,7,1,5
2008-3348,New Haven,Hard,48,250,O,20080817,6,D316,,,Ramon Delgado,R,183,PAR,31.756,293,118,PB27,,,Todd Paul,L,180,USA,22.642,533,45,6-3 6-2,3,Q1,55,5,1,42,24,24,12,9,0,0,6,5,51,21,14,14,8,2,5
2008-3348,New Haven,Hard,48,250,O,20080817,7,F464,,,Luis Manuel Flores,L,,MEX,23.54,469,58,BA53,7,,Jamie Baker,R,183,GBR,22.034,297,116,2-6 6-0 6-0,3,Q1,85,5,4,68,54,35,6,10,2,4,0,3,63,40,26,4,10,8,14
2008-3348,New Haven,Hard,48,250,O,20080817,8,SD23,8,,Artem Sitak,R,185,NZL,22.522,299,116,E698,,,Gastao Elias,R,180,POR,17.73,462,59,7-5 6-4,3,Q1,117,4,4,85,43,29,25,11,12,13,2,4,63,31,22,19,11,2,5
2008-3348,New Haven,Hard,48,250,O,20080817,9,B842,,,Alex Bogomolov Jr.,R,178,RUS,25.32,322,108,BH64,,,Arthur Beavis,,,USA,21.61,,,6-1 6-0,3,Q1,43,1,2,37,20,16,13,7,0,0,3,7,46,21,14,5,6,8,13
2008-3348,New Haven,Hard,48,250,O,20080817,10,C918,,,Erik Chvojka,L,185,CAN,21.81,356,91,B763,,,Adriano Biasella,R,,ITA,27.959,608,37,6-3 6-3,3,Q1,56,12,5,47,24,22,12,9,1,2,2,3,45,26,17,7,9,0,4
2008-3348,New Haven,Hard,48,250,O,20080817,11,G527,,,Luka Gregorc,R,188,SLO,24.507,440,64,S480,,,Davide Sanguinetti,R,188,ITA,35.978,842,15,6-2 6-2,3,Q1,49,12,3,43,28,26,7,8,0,0,4,6,51,19,16,10,8,0,4
2008-3348,New Haven,Hard,48,250,O,20080817,12,K409,,,Phillip King,R,175,USA,26.661,463,59,A975,,,Anthony Assal,,,USA,16.208,,,6-1 6-0,3,Q1,47,6,3,35,15,14,14,7,0,0,0,4,40,24,8,6,6,6,11
2008-3348,New Haven,Hard,48,250,O,20080817,13,K858,,,Chris Klingemann,,,CAN,23.4,749,21,ME31,,,Vincent Millot,L,173,FRA,22.546,482,55,6-4 5-7 7-6(1),3,Q1,161,0,14,132,75,50,27,17,9,14,2,8,121,67,42,27,17,6,11
2008-3348,New Haven,Hard,48,250,O,20080817,14,MA96,,,Tigran Martirosyan,,,ARM,25.101,706,25,O133,,,Noam Okun,R,185,ISR,30.338,554,42,6-2 2-6 6-2,3,Q1,91,2,3,85,51,29,15,12,3,8,5,3,67,43,22,13,12,4,11
2008-3348,New Haven,Hard,48,250,O,20080817,15,P701,,,Michal Przysiezny,R,185,POL,24.501,394,77,K826,,,Nikita Kryvonos,,,USA,21.96,464,59,3-6 6-4 6-2,3,Q1,94,11,3,87,57,40,18,14,1,3,12,10,81,41,33,18,13,2,5
2008-3348,New Haven,Hard,48,250,O,20080817,16,SD01,,,Phillip Simmonds,R,,USA,22.251,748,21,Z104,,,Lovro Zovko,R,191,CRO,27.417,484,54,5-7 7-5 6-1,3,Q1,121,9,9,100,51,35,27,16,2,6,5,5,113,64,37,23,15,7,13
2008-3348,New Haven,Hard,48,250,O,20080817,17,S544,,,Vincent Spadea,R,183,USA,34.081,97,462,MA96,,,Tigran Martirosyan,,,ARM,25.101,706,25,6-3 6-2,3,Q2,55,5,3,57,34,28,15,9,7,7,0,2,49,28,16,9,8,1,4
2008-3348,New Haven,Hard,48,250,O,20080817,18,L799,,,Jesse Levine,L,175,CAN,20.841,106,444,P701,,,Michal Przysiezny,R,185,POL,24.501,394,77,6-1 6-3,3,Q2,59,6,1,39,25,20,9,8,0,1,5,5,59,28,16,11,8,4,9
2008-3348,New Haven,Hard,48,250,O,20080817,19,SD01,,,Phillip Simmonds,R,,USA,22.251,748,21,J290,4,,Scoville Jenkins,R,188,USA,21.9,195,204,6-3 6-3,3,Q2,85,4,0,51,33,26,12,9,0,0,6,7,76,46,32,11,9,10,13
2008-3348,New Haven,Hard,48,250,O,20080817,20,B842,,,Alex Bogomolov Jr.,R,178,RUS,25.32,322,108,F376,5,,Alberto Francis,R,196,USA,26.527,291,122,7-6(1) 6-7(2) 6-3,3,Q2,134,3,2,103,75,54,16,17,3,5,4,5,99,52,39,24,16,1,4
2008-3348,New Haven,Hard,48,250,O,20080817,21,D316,,,Ramon Delgado,R,183,PAR,31.756,293,118,K858,,,Chris Klingemann,,,CAN,23.4,749,21,6-4 6-1,3,Q2,65,5,1,51,36,25,10,9,3,5,1,8,52,31,15,7,8,4,9
2008-3348,New Haven,Hard,48,250,O,20080817,22,K409,,,Phillip King,R,175,USA,26.661,463,59,SD23,8,,Artem Sitak,R,185,NZL,22.522,299,116,6-1 6-1,3,Q2,60,1,0,47,26,21,12,7,6,6,1,5,47,20,12,8,7,5,10
2008-3348,New Haven,Hard,48,250,O,20080817,23,F464,,,Luis Manuel Flores,L,,MEX,23.54,469,58,C918,,,Erik Chvojka,L,185,CAN,21.81,356,91,6-7(6) 6-1 7-6(6),3,Q2,137,7,5,101,61,43,25,16,2,5,6,18,107,51,42,23,15,5,10
2008-3348,New Haven,Hard,48,250,O,20080817,24,G527,,,Luka Gregorc,R,188,SLO,24.507,440,64,BC68,,,Philip Bester,R,188,CAN,19.863,802,18,6-3 6-4,3,Q2,81,3,5,66,39,27,13,9,5,7,6,4,64,42,25,8,10,3,8
2008-3348,New Haven,Hard,48,250,O,20080817,25,S544,,,Vincent Spadea,R,183,USA,34.081,97,462,F464,,,Luis Manuel Flores,L,,MEX,23.54,469,58,6-1 6-2,3,Q3,68,4,2,47,29,17,13,8,1,2,1,4,61,36,22,6,7,7,12
2008-3348,New Haven,Hard,48,250,O,20080817,26,B842,,,Alex Bogomolov Jr.,R,178,RUS,25.32,322,108,L799,,,Jesse Levine,L,175,CAN,20.841,106,444,6-4 7-6(1),3,Q3,93,2,3,69,41,29,16,11,2,4,3,3,73,38,22,20,11,4,7
2008-3348,New Haven,Hard,48,250,O,20080817,27,D316,,,Ramon Delgado,R,183,PAR,31.756,293,118,SD01,,,Phillip Simmonds,R,,USA,22.251,748,21,6-2 6-4,3,Q3,83,5,4,73,42,31,17,9,5,5,2,4,61,39,27,8,9,4,7
2008-3348,New Haven,Hard,48,250,O,20080817,28,G527,,,Luka Gregorc,R,188,SLO,24.507,440,64,K409,,,Phillip King,R,175,USA,26.661,463,59,1-6 6-2 6-4,3,Q3,117,4,10,96,57,42,13,12,11,15,6,2,84,54,35,11,13,3,8
2008-560,US Open,Hard,128,G,O,20080825,1,SC77,1,,Sergiy Stakhovsky,R,193,UKR,22.634,91,492,G372,,,Stefano Galvani,R,175,ITA,31.228,180,237,5-7 7-5 6-3,3,Q1,148,12,4,102,57,44,23,17,7,10,2,6,101,52,37,24,16,6,10
2008-560,US Open,Hard,128,G,O,20080825,2,L430,,,Giovanni Lapentti,R,193,ECU,25.582,251,148,A678,2,,Kevin Anderson,R,203,RSA,22.272,104,459,7-6(3) 6-4,3,Q1,91,6,2,67,47,38,11,11,5,6,3,4,70,43,31,13,11,4,6
2008-560,US Open,Hard,128,G,O,20080825,3,N437,,,Gianluca Naso,R,193,ITA,21.634,257,143,B896,3,,Benjamin Becker,R,178,GER,27.192,103,459,6-4 5-7 7-6(6),3,Q1,145,5,1,117,73,54,24,17,6,8,16,7,113,67,51,25,17,6,8
2008-560,US Open,Hard,128,G,O,20080825,4,K448,,,Robert Kendrick,R,191,USA,28.778,113,433,V205,,,Dusan Vemic,R,188,SRB,32.189,193,206,7-6(4) 4-6 6-2,3,Q1,125,16,3,88,51,43,20,15,4,6,12,4,98,59,41,21,15,6,9
2008-560,US Open,Hard,128,G,O,20080825,5,D556,5,,Brian Dabul,L,170,ARG,24.501,115,422,P646,,,Carlos Poch-Gradin,L,185,ESP,25.793,293,124,6-4 3-6 6-3,3,Q1,104,3,1,71,43,34,18,14,0,1,5,1,83,43,35,18,14,3,5
2008-560,US Open,Hard,128,G,O,20080825,6,P624,6,,Philipp Petzschner,R,185,GER,24.422,117,418,S842,,,Andrea Stoppini,R,191,ITA,28.487,223,170,3-6 6-4 7-6(3),3,Q1,117,9,8,110,72,56,17,15,11,13,5,5,103,60,47,21,16,6,8
2008-560,US Open,Hard,128,G,O,20080825,7,H502,,,Diego Hartfield,R,185,ARG,27.565,167,259,F444,7,,Alejandro Falla,L,185,COL,24.78,119,414,6-4 6-1,3,Q1,76,2,2,52,30,20,11,8,4,6,1,4,55,28,12,11,9,4,10
2008-560,US Open,Hard,128,G,O,20080825,8,H442,,,Jan Hernych,R,188,CZE,29.136,120,413,C813,,,Ti Chen,R,178,TPE,24.895,312,114,7-6(2) 6-3,3,Q1,82,1,1,81,55,36,14,11,9,12,0,0,58,29,17,15,10,1,5
2008-560,US Open,Hard,128,G,O,20080825,9,M655,9,,Nicolas Massu,R,183,CHI,28.876,121,408,MD50,,,Andre Miele,R,,BRA,21.372,242,156,6-2 6-3,3,Q1,70,6,4,50,34,27,8,9,2,3,0,6,53,28,17,10,8,3,7
2008-560,US Open,Hard,128,G,O,20080825,10,BA86,,,Andreas Beck,L,191,GER,22.552,122,403,D385,,,Benedikt Dorsch,R,178,GER,27.622,174,247,6-3 7-6(4),3,Q1,90,3,4,64,38,31,17,11,0,1,5,3,77,43,32,14,10,3,5
2008-560,US Open,Hard,128,G,O,20080825,11,C634,,,Paul Capdeville,R,191,CHI,25.399,127,383,L657,,,Gary Lugassy,L,,FRA,26.015,256,144,6-0 6-1,3,Q1,40,3,1,45,31,25,8,7,5,5,5,4,36,18,11,3,6,0,5
2008-560,US Open,Hard,128,G,O,20080825,12,P491,13,,Kristian Pless,R,188,DEN,27.54,128,377,U061,,,Adrian Ungur,R,178,ROU,23.589,173,247,6-3 6-3,3,Q1,57,4,0,49,34,26,11,9,0,0,0,2,52,29,17,14,9,3,6
2008-560,US Open,Hard,128,G,O,20080825,13,K737,,,Alex Kuznetsov,R,183,USA,21.552,300,121,SC47,14,,Go Soeda,R,178,JPN,23.97,129,371,7-6(4) 7-6(6),3,Q1,130,10,2,94,58,45,20,12,6,7,5,2,91,46,36,25,12,7,8
2008-560,US Open,Hard,128,G,O,20080825,14,MA30,,,Gilles Muller,L,193,LUX,25.298,130,371,O207,,,Lamine Ouahab,R,185,MAR,23.674,254,146,6-7(9) 7-6(6) 7-5,3,Q1,148,8,7,126,91,70,18,18,4,5,3,8,123,70,52,31,18,5,7
2008-560,US Open,Hard,128,G,O,20080825,15,B752,,,Stephane Bohli,R,185,SUI,25.087,133,353,S893,,,Martin Slanar,R,,AUT,27.318,220,173,6-3 6-1,3,Q1,56,3,0,46,26,22,12,8,0,0,0,3,46,21,12,11,8,3,7
2008-560,US Open,Hard,128,G,O,20080825,16,C882,,,Pablo Cuevas,R,180,URU,22.648,135,346,B977,,,Richard Bloomfield,R,185,GBR,25.331,289,125,6-7(3) 6-3 6-4,3,Q1,116,7,6,103,58,47,25,16,3,3,9,4,85,49,41,19,15,4,6
2008-560,US Open,Hard,128,G,O,20080825,17,P436,,,Bjorn Phau,R,175,GER,28.893,136,343,W387,,,Jesse Witten,R,178,USA,25.862,247,150,6-3 6-4,3,Q1,67,1,0,59,42,32,8,10,2,3,1,1,54,39,24,6,9,3,6
2008-560,US Open,Hard,128,G,O,20080825,18,A410,,,Thiago Alves,R,178,BRA,26.261,137,343,BC65,,,Matthias Bachinger,R,188,GER,21.399,187,224,6-4 6-1,3,Q1,46,5,1,38,25,24,8,8,0,0,4,5,48,22,16,12,9,2,6
2008-560,US Open,Hard,128,G,O,20080825,19,A356,20,,Thierry Ascione,R,188,FRA,27.603,138,340,Q017,,,Michael Quintero,R,,COL,28.123,362,92,6-4 6-1,3,Q1,62,5,0,50,34,25,11,9,0,1,2,1,51,30,18,8,8,2,6
2008-560,US Open,Hard,128,G,O,20080825,20,MD56,21,,Leonardo Mayer,R,191,ARG,21.281,139,337,K964,,,Brydan Klein,R,188,GBR,18.65,239,158,6-2 6-2,3,Q1,79,4,5,46,23,18,16,8,0,0,5,6,73,42,26,11,8,8,12
2008-560,US Open,Hard,128,G,O,20080825,21,C723,,,Flavio Cipolla,R,173,ITA,24.849,142,334,O253,,,Dawid Olejniczak,R,,POL,25.487,212,186,7-5 6-2,3,Q1,75,1,1,54,36,29,12,10,3,3,4,3,70,44,31,9,10,6,9
2008-560,US Open,Hard,128,G,O,20080825,22,K358,23,,Kevin Kim,R,180,USA,30.084,144,328,E629,,,Colin Ebelthite,R,,AUS,23.743,231,163,6-4 6-4,3,Q1,68,5,3,65,38,26,14,10,2,4,5,9,66,35,22,12,10,3,7
2008-560,US Open,Hard,128,G,O,20080825,23,S944,24,,Simon Stadler,L,183,GER,25.101,145,315,P605,,,Jaroslav Pospisil,R,175,CZE,27.54,244,154,6-4 6-2,3,Q1,67,4,1,57,35,29,13,9,6,6,2,5,46,28,22,7,9,1,4
2008-560,US Open,Hard,128,G,O,20080825,24,H704,25,,Jesse Huta Galung,R,,NED,22.886,158,277,P471,,,Francesco Piccari,R,,ITA,28.966,264,140,6-2 6-2,3,Q1,67,7,1,41,24,23,9,8,0,0,4,4,62,31,21,9,8,6,10
2008-560,US Open,Hard,128,G,O,20080825,25,J263,,,Woong-Sun Jun,R,191,KOR,22.198,237,158,S673,26,,Joseph Sirianni,R,178,AUS,33.604,147,304,6-3 6-4,3,Q1,78,12,5,71,45,33,13,10,5,6,7,4,67,42,30,7,9,6,9
2008-560,US Open,Hard,128,G,O,20080825,26,D424,,,Rik De Voest,R,180,RSA,28.222,148,300,BA08,,,Alberto Brizzi,R,,ITA,24.416,279,129,6-3 6-3,3,Q1,64,5,3,51,23,21,17,9,0,0,0,4,56,32,22,9,9,0,3
2008-560,US Open,Hard,128,G,O,20080825,27,E224,,,Victor Estrella Burgos,R,170,DOM,28.063,224,168,M680,28,,Xavier Malisse,R,185,BEL,28.101,150,298,6-4 6-2,3,Q1,58,5,2,50,33,26,12,9,1,1,7,2,51,32,21,11,9,4,7
2008-560,US Open,Hard,128,G,O,20080825,28,K839,,,Tobias Kamke,R,178,GER,22.264,189,214,BA57,29,,Ilija Bozoljac,R,193,SRB,23.064,152,292,7-6(5) 2-6 6-3,3,Q1,111,1,0,95,70,48,17,15,1,4,7,1,89,56,41,19,14,2,4
2008-560,US Open,Hard,128,G,O,20080825,29,Y070,,,Michael Yani,R,185,USA,27.65,219,173,G725,30,,Santiago Giraldo,R,188,COL,20.745,153,290,6-4 6-2,3,Q1,57,11,1,47,33,25,11,9,0,0,1,1,62,39,24,10,9,7,10
2008-560,US Open,Hard,128,G,O,20080825,30,SD56,,,Robert Smeets,L,188,AUS,22.79,154,290,L702,,,Mikhail Ledovskikh,R,188,RUS,22.048,270,136,7-6(5) 6-2,3,Q1,76,6,2,64,41,30,17,10,1,1,8,4,71,39,30,16,10,7,9
2008-560,US Open,Hard,128,G,O,20080825,31,G806,,,Andrey Golubev,R,180,KAZ,21.095,161,270,SG64,,,Joao Souza,R,193,BRA,20.246,216,179,6-2 6-4,3,Q1,60,2,1,49,25,22,15,9,1,1,2,2,47,34,21,6,9,0,3
2008-560,US Open,Hard,128,G,O,20080825,32,A311,,,Hugo Armando,R,183,USA,30.248,274,135,F491,,,Adam Feeney,R,178,AUS,23.469,388,83,7-6(7) 6-4,3,Q1,82,2,4,76,58,45,10,11,2,2,10,2,68,45,34,14,11,1,2
2008-560,US Open,Hard,128,G,O,20080825,33,A759,,,Jean-Yves Aubone,R,178,USA,20.624,704,25,V267,,,Melle Van Gemerden,R,183,NED,29.298,697,26,6-4 6-1,3,Q1,56,7,1,53,27,24,15,9,1,1,3,5,47,27,18,9,8,2,5
2008-560,US Open,Hard,128,G,O,20080825,34,B804,,,Karol Beck,R,180,SVK,26.396,197,203,C924,,,Alex Clayton,R,183,USA,20.756,1131,5,6-4 6-2,3,Q1,64,5,2,43,31,25,8,9,0,1,0,3,58,27,18,12,9,5,9
2008-560,US Open,Hard,128,G,O,20080825,35,BE90,,,Ricardas Berankis,R,175,LTU,18.179,488,56,M984,,,David Marrero,R,183,ESP,28.381,199,199,5-7 6-3 7-5,3,Q1,115,10,12,117,58,48,28,17,9,11,6,6,84,53,41,18,16,3,6
2008-560,US Open,Hard,128,G,O,20080825,36,C476,,,Nicolas Coutelot,R,185,FRA,31.54,262,141,P467,,,Alexander Peya,R,183,AUT,28.162,164,264,2-6 6-0 6-3,3,Q1,80,2,1,63,36,25,20,12,4,6,2,3,72,44,30,12,11,2,6
2008-560,US Open,Hard,128,G,O,20080825,37,D617,,,Ryler DeHeart,L,183,USA,24.643,261,142,MB49,,,Nicholas Monroe,R,178,USA,26.371,286,127,6-1 6-4,3,Q1,70,4,4,59,32,23,16,9,4,5,1,3,55,35,17,12,8,4,8
2008-560,US Open,Hard,128,G,O,20080825,38,F580,,,Martin Fischer,R,180,AUT,22.097,253,147,K859,,,Bryan Koniecko,,,USA,21.117,651,31,6-3 6-4,3,Q1,71,3,2,59,34,27,13,10,1,3,0,3,50,21,13,15,9,3,7
2008-560,US Open,Hard,128,G,O,20080825,39,G744,,,Josh Goodall,R,188,GBR,22.856,198,200,L513,,,Miguel Angel Lopez Jaen,R,188,ESP,25.739,176,240,6-3 6-3,3,Q1,68,8,2,49,26,20,15,9,0,1,8,3,68,37,21,15,9,6,10
2008-560,US Open,Hard,128,G,O,20080825,40,G940,,,Sam Groth,R,193,AUS,20.851,234,160,MB53,,,Adrian Menendez-Maceiras,R,183,ESP,22.825,221,173,7-6(4) 6-4,3,Q1,90,16,9,70,41,34,15,11,1,2,1,4,74,35,27,19,11,2,4
2008-560,US Open,Hard,128,G,O,20080825,41,H469,,,KJ Hippensteel,L,191,USA,28.298,705,25,SE83,,,Alexander Slabinsky,R,185,GBR,22.472,272,136,6-4 6-3,3,Q1,66,1,5,61,38,26,14,10,4,6,6,6,50,19,16,11,9,0,4
2008-560,US Open,Hard,128,G,O,20080825,42,H693,,,Ricardo Hocevar,R,180,BRA,23.296,202,199,BE93,,,Chase Buchanan,R,193,USA,17.227,767,20,1-6 6-3 7-6(6),3,Q1,132,7,4,95,52,37,19,14,4,8,5,2,86,47,35,20,14,4,7
2008-560,US Open,Hard,128,G,O,20080825,43,K596,,,Alexander Kudryavtsev,R,183,RUS,22.831,204,196,K512,,,Ivo Klec,R,183,SVK,27.74,330,105,7-6(4) 6-1,3,Q1,59,3,1,66,40,31,18,10,1,1,2,1,52,34,21,13,9,2,4
2008-560,US Open,Hard,128,G,O,20080825,44,L797,,,Lukas Lacko,R,188,SVK,20.81,218,176,B929,,,Alex Bogdanovic,L,183,GBR,24.26,172,248,7-6(6) 6-4,3,Q1,90,7,4,76,38,29,25,11,2,3,2,7,80,40,32,19,11,3,5
2008-560,US Open,Hard,128,G,O,20080825,45,L336,,,Harel Levy,R,185,ISR,30.056,209,188,K771,,,Marsel Ilhan,R,191,TUR,21.207,205,194,6-4 6-3,3,Q1,73,1,4,72,37,23,18,10,9,13,2,3,52,28,16,7,9,5,11
2008-560,US Open,Hard,128,G,O,20080825,46,L503,,,Paolo Lorenzi,R,183,ITA,26.694,211,188,D487,,,Lukas Dlouhy,R,185,CZE,25.38,165,262,4-6 7-6(5) 6-3,3,Q1,147,1,4,113,60,39,30,16,9,12,8,10,118,71,46,23,15,7,10
2008-560,US Open,Hard,128,G,O,20080825,47,MA49,,,Rui Machado,R,178,POR,24.375,200,199,N334,,,Eric Nunez,R,188,USA,26.379,629,33,6-4 6-4,3,Q1,74,3,2,53,33,24,13,10,0,1,6,2,55,37,29,6,10,1,4
2008-560,US Open,Hard,128,G,O,20080825,48,ME82,,,Adrian Mannarino,L,180,FRA,20.156,186,226,F337,,,Zack Fleishman,R,188,USA,28.441,463,59,7-6(2) 6-3,3,Q1,88,1,1,76,53,33,13,11,6,9,8,5,77,48,31,10,10,7,11
2008-560,US Open,Hard,128,G,O,20080825,49,MB88,,,Matwe Middelkoop,R,191,NED,24.977,201,199,F344,,,Jean-Christophe Faurel,R,175,FRA,27.472,281,128,2-6 7-5 6-4,3,Q1,128,10,9,103,59,38,18,15,9,14,8,6,101,49,30,27,15,9,14
2008-560,US Open,Hard,128,G,O,20080825,50,M800,,,Jan Minar,R,,CZE,27.379,303,118,O264,,,Josselin Ouanna,R,193,FRA,22.366,213,185,6-3 3-6 6-2,3,Q1,104,6,3,94,53,36,20,13,10,13,4,8,87,44,29,18,13,6,11
2008-560,US Open,Hard,128,G,O,20080825,51,M915,,,Daniel Munoz de la Nava,L,175,ESP,26.571,166,262,H940,,,Ryan Harrison,R,185,USA,16.301,719,24,3-6 6-4 6-3,3,Q1,129,3,6,89,47,34,23,14,3,6,6,4,116,70,44,20,14,10,14
2008-560,US Open,Hard,128,G,O,20080825,52,PB22,,,Peter Polansky,R,183,CAN,20.194,267,137,R548,,,Rajeev Ram,R,193,USA,24.438,178,239,6-3 2-6 7-6(3),3,Q1,116,6,7,84,40,32,24,15,3,6,5,2,94,57,42,17,14,6,8
2008-560,US Open,Hard,128,G,O,20080825,53,P567,,,Filip Prpic,R,173,SWE,26.251,365,90,H380,,,Ivo Heuberger,R,188,SUI,32.515,,,6-1 6-4,3,Q1,72,6,3,54,34,27,13,9,4,4,3,2,54,27,18,10,8,2,5
2008-560,US Open,Hard,128,G,O,20080825,54,P701,,,Michal Przysiezny,R,185,POL,24.523,400,77,BC72,,,Daniel Brands,R,196,GER,21.109,184,228,5-7 6-4 7-6(6),3,Q1,108,3,3,99,67,55,19,17,5,6,18,5,94,63,50,20,17,2,3
2008-560,US Open,Hard,128,G,O,20080825,55,Q019,,,Aisam-Ul-Haq Qureshi,R,183,PAK,28.441,210,188,M708,,,Ricardo Mello,L,175,BRA,27.677,207,192,6-1 1-6 6-3,3,Q1,111,8,3,83,48,36,15,12,9,11,3,6,85,52,32,18,11,11,14
2008-560,US Open,Hard,128,G,O,20080825,56,R364,,,Bjorn Rehnquist,R,175,SWE,30.637,179,239,N291,,,Frederic Niemeyer,R,191,CAN,32.337,273,135,6-4 6-4,3,Q1,75,0,3,60,37,28,10,10,2,4,4,5,57,31,19,13,10,3,7
2008-560,US Open,Hard,128,G,O,20080825,57,R613,,,Edouard Roger-Vasselin,R,185,FRA,24.742,185,227,G551,,,Santiago Gonzalez,R,191,MEX,25.5,233,161,6-1 6-2,3,Q1,61,0,1,61,38,28,12,8,3,3,2,2,40,20,7,11,7,0,4
2008-560,US Open,Hard,128,G,O,20080825,58,R685,,,Lukas Rosol,R,193,CZE,23.088,168,256,SF62,,,Tim Smyczek,R,175,USA,20.654,376,86,6-3 6-2,3,Q1,62,2,1,52,22,18,17,9,3,4,0,4,50,28,16,9,8,3,7
2008-560,US Open,Hard,128,G,O,20080825,59,SD78,,,Alexandre Sidorenko,R,185,FRA,20.517,227,165,V379,,,Izak Van der Merwe,R,196,RSA,24.58,248,149,6-7(2) 6-3 6-4,3,Q1,115,4,5,95,56,40,26,16,2,3,12,6,101,53,37,25,15,5,8
2008-560,US Open,Hard,128,G,O,20080825,60,SF76,,,Franko Skugor,R,196,CRO,20.931,311,114,MF57,,,Michael McClune,R,188,USA,19.009,341,99,6-3 6-4,3,Q1,74,3,2,72,49,35,7,10,3,5,4,1,54,33,22,8,9,2,6
2008-560,US Open,Hard,128,G,O,20080825,61,SG87,,,Ryan Sweeting,R,196,USA,21.117,277,129,A487,,,Prakash Amritraj,R,188,IND,24.898,217,177,6-3 6-4,3,Q1,70,15,3,65,38,33,10,10,3,4,4,1,47,28,17,9,9,0,3
2008-560,US Open,Hard,128,G,O,20080825,62,W359,,,Todd Widom,R,,USA,25.339,269,136,G493,,,Catalin-Ionut Gard,R,,ROU,27.127,364,91,6-1 4-6 6-4,3,Q1,116,6,4,78,46,30,19,13,4,7,1,4,89,62,30,16,14,5,11
2008-560,US Open,Hard,128,G,O,20080825,63,Z198,,,Caio Zampieri,R,183,BRA,22.248,230,163,H715,,,Travis Helgeson,,,USA,22.793,553,43,6-7(5) 7-5 6-1,3,Q1,124,8,2,106,58,46,24,15,8,10,2,5,90,46,34,21,16,0,6
2008-560,US Open,Hard,128,G,O,20080825,64,Z074,,,Tomas Zib,R,178,CZE,32.567,292,124,D351,,,Sebastien De Chaunac,R,183,FRA,30.883,245,153,7-6(5) 6-0,3,Q1,75,3,1,53,36,26,14,9,0,1,7,3,60,30,19,14,9,3,7
2008-560,US Open,Hard,128,G,O,20080825,65,BE90,,,Ricardas Berankis,R,175,LTU,18.179,488,56,SC77,1,,Sergiy Stakhovsky,R,193,UKR,22.634,91,492,1-6 6-4 6-4,3,Q2,92,4,7,93,47,32,24,14,6,9,10,5,73,48,36,14,13,2,4
2008-560,US Open,Hard,128,G,O,20080825,66,K448,,,Robert Kendrick,R,191,USA,28.778,113,433,Z198,,,Caio Zampieri,R,183,BRA,22.248,230,163,6-4 6-2,3,Q2,56,8,4,51,36,30,8,9,0,0,2,2,61,40,25,9,9,4,7
2008-560,US Open,Hard,128,G,O,20080825,67,D556,5,,Brian Dabul,L,170,ARG,24.501,115,422,R364,,,Bjorn Rehnquist,R,175,SWE,30.637,179,239,4-6 6-1 6-3,3,Q2,122,3,0,87,54,38,22,13,8,9,3,2,79,45,31,14,13,4,8
2008-560,US Open,Hard,128,G,O,20080825,68,P624,6,,Philipp Petzschner,R,185,GER,24.422,117,418,B804,,,Karol Beck,R,180,SVK,26.396,197,203,6-4 6-3,3,Q2,75,1,2,60,31,21,16,9,6,8,4,6,62,38,23,7,10,1,6
2008-560,US Open,Hard,128,G,O,20080825,69,H442,,,Jan Hernych,R,188,CZE,29.136,120,413,H693,,,Ricardo Hocevar,R,180,BRA,23.296,202,199,6-3 6-7(5) 6-3,3,Q2,157,5,4,116,72,48,23,16,10,13,8,4,115,70,47,18,14,8,13
2008-560,US Open,Hard,128,G,O,20080825,70,MA49,,,Rui Machado,R,178,POR,24.375,200,199,M655,9,,Nicolas Massu,R,183,CHI,28.876,121,408,6-2 3-6 6-3,3,Q2,119,2,5,78,44,30,22,13,2,4,2,3,79,35,25,20,13,6,10
2008-560,US Open,Hard,128,G,O,20080825,71,BA86,,,Andreas Beck,L,191,GER,22.552,122,403,L336,,,Harel Levy,R,185,ISR,30.056,209,188,7-6(7) 1-6 6-3,3,Q2,123,3,4,95,58,38,17,14,5,9,5,0,102,69,49,13,14,8,11
2008-560,US Open,Hard,128,G,O,20080825,72,C634,,,Paul Capdeville,R,191,CHI,25.399,127,383,M915,,,Daniel Munoz de la Nava,L,175,ESP,26.571,166,262,6-4 7-6(5),3,Q2,101,7,1,73,49,40,13,11,6,6,5,3,85,40,29,27,11,5,6
2008-560,US Open,Hard,128,G,O,20080825,73,SG87,,,Ryan Sweeting,R,196,USA,21.117,277,129,P491,13,,Kristian Pless,R,188,DEN,27.54,128,377,6-3 6-4,3,Q2,57,6,3,56,38,31,11,10,0,0,1,2,53,33,22,10,9,2,4
2008-560,US Open,Hard,128,G,O,20080825,74,MA30,,,Gilles Muller,L,193,LUX,25.298,130,371,ME82,,,Adrian Mannarino,L,180,FRA,20.156,186,226,7-6(2) 7-5,3,Q2,92,20,5,71,42,35,17,12,4,5,3,3,72,32,21,26,12,5,7
2008-560,US Open,Hard,128,G,O,20080825,75,B752,,,Stephane Bohli,R,185,SUI,25.087,133,353,K596,,,Alexander Kudryavtsev,R,183,RUS,22.831,204,196,6-2 6-3,3,Q2,53,6,1,49,27,24,13,9,0,0,0,3,43,24,15,11,8,0,3
2008-560,US Open,Hard,128,G,O,20080825,76,C882,,,Pablo Cuevas,R,180,URU,22.648,135,346,C476,,,Nicolas Coutelot,R,185,FRA,31.54,262,141,6-3 7-5,3,Q2,86,9,4,70,41,32,11,10,6,8,2,1,72,39,25,12,11,6,11
2008-560,US Open,Hard,128,G,O,20080825,77,P436,,,Bjorn Phau,R,175,GER,28.893,136,343,A759,,,Jean-Yves Aubone,R,178,USA,20.624,704,25,6-2 6-4,3,Q2,72,2,2,51,34,29,9,9,3,3,0,3,63,41,25,9,9,8,11
2008-560,US Open,Hard,128,G,O,20080825,78,A410,,,Thiago Alves,R,178,BRA,26.261,137,343,F580,,,Martin Fischer,R,180,AUT,22.097,253,147,6-2 6-3,3,Q2,68,4,0,42,25,19,15,8,0,0,0,4,65,35,18,16,9,4,8
2008-560,US Open,Hard,128,G,O,20080825,79,A356,20,,Thierry Ascione,R,188,FRA,27.603,138,340,SF76,,,Franko Skugor,R,196,CRO,20.931,311,114,7-6(5) 6-1,3,Q2,87,2,1,68,42,32,14,10,7,8,4,0,68,45,28,10,9,4,7
2008-560,US Open,Hard,128,G,O,20080825,80,Q019,,,Aisam-Ul-Haq Qureshi,R,183,PAK,28.441,210,188,MD56,21,,Leonardo Mayer,R,191,ARG,21.281,139,337,6-4 7-6(9),3,Q2,103,8,1,74,47,38,18,11,3,3,9,2,70,42,32,20,11,2,3
2008-560,US Open,Hard,128,G,O,20080825,81,C723,,,Flavio Cipolla,R,173,ITA,24.849,142,334,L797,,,Lukas Lacko,R,188,SVK,20.81,218,176,2-6 6-4 6-1,3,Q2,97,2,5,80,54,36,13,12,7,10,0,3,83,50,27,17,13,5,10
2008-560,US Open,Hard,128,G,O,20080825,82,K358,23,,Kevin Kim,R,180,USA,30.084,144,328,L503,,,Paolo Lorenzi,R,183,ITA,26.694,211,188,2-6 6-3 6-2,3,Q2,101,3,3,82,47,30,15,12,4,9,4,2,75,49,27,12,13,4,11
2008-560,US Open,Hard,128,G,O,20080825,83,S944,24,,Simon Stadler,L,183,GER,25.101,145,315,PB22,,,Peter Polansky,R,183,CAN,20.194,267,137,6-2 6-4,3,Q2,67,0,0,51,38,27,8,9,3,4,1,4,56,31,18,13,9,6,10
2008-560,US Open,Hard,128,G,O,20080825,84,H704,25,,Jesse Huta Galung,R,,NED,22.886,158,277,H469,,,KJ Hippensteel,L,191,USA,28.298,705,25,6-2 6-1,3,Q2,54,6,0,36,21,19,10,7,0,0,2,4,56,29,18,9,8,6,11
2008-560,US Open,Hard,128,G,O,20080825,85,D424,,,Rik De Voest,R,180,RSA,28.222,148,300,R613,,,Edouard Roger-Vasselin,R,185,FRA,24.742,185,227,4-6 6-3 6-4,3,Q2,123,10,3,107,71,46,15,15,9,14,1,3,94,58,34,15,14,8,14
2008-560,US Open,Hard,128,G,O,20080825,86,SD56,,,Robert Smeets,L,188,AUS,22.79,154,290,MB88,,,Matwe Middelkoop,R,191,NED,24.977,201,199,2-6 6-4 6-3,3,Q2,99,9,8,84,52,40,15,14,4,7,4,3,73,45,34,15,13,1,4
2008-560,US Open,Hard,128,G,O,20080825,87,G806,,,Andrey Golubev,R,180,KAZ,21.095,161,270,P701,,,Michal Przysiezny,R,185,POL,24.523,400,77,7-5 2-6 6-4,3,Q2,111,9,5,90,53,41,20,15,7,9,8,0,77,52,39,18,15,2,4
2008-560,US Open,Hard,128,G,O,20080825,88,D617,,,Ryler DeHeart,L,183,USA,24.643,261,142,J263,,,Woong-Sun Jun,R,191,KOR,22.198,237,158,6-1 6-7(4) 7-5,3,Q2,134,6,1,100,61,46,23,16,5,7,6,3,116,78,45,22,15,10,15
2008-560,US Open,Hard,128,G,O,20080825,89,H502,,,Diego Hartfield,R,185,ARG,27.565,167,259,G744,,,Josh Goodall,R,188,GBR,22.856,198,200,6-4 6-2,3,Q2,65,12,4,55,42,33,6,9,1,1,4,4,53,27,20,10,9,1,4
2008-560,US Open,Hard,128,G,O,20080825,90,K839,,,Tobias Kamke,R,178,GER,22.264,189,214,G940,,,Sam Groth,R,193,AUS,20.851,234,160,6-4 7-5,3,Q2,73,1,0,57,41,35,9,11,0,0,8,1,66,42,32,11,11,4,6
2008-560,US Open,Hard,128,G,O,20080825,91,K737,,,Alex Kuznetsov,R,183,USA,21.552,300,121,SD78,,,Alexandre Sidorenko,R,185,FRA,20.517,227,165,7-6(7) 7-6(5),3,Q2,106,10,4,86,52,40,18,12,4,6,3,2,91,53,46,11,12,7,9
2008-560,US Open,Hard,128,G,O,20080825,92,L430,,,Giovanni Lapentti,R,193,ECU,25.582,251,148,R685,,,Lukas Rosol,R,193,CZE,23.088,168,256,6-2 7-6(1),3,Q2,80,8,2,62,41,30,13,10,1,2,5,5,74,41,27,14,10,6,9
2008-560,US Open,Hard,128,G,O,20080825,93,M800,,,Jan Minar,R,,CZE,27.379,303,118,E224,,,Victor Estrella Burgos,R,170,DOM,28.063,224,168,3-6 6-2 6-2,3,Q2,102,4,3,74,41,28,18,13,2,6,2,2,80,55,30,12,12,8,14
2008-560,US Open,Hard,128,G,O,20080825,94,N437,,,Gianluca Naso,R,193,ITA,21.634,257,143,A311,,,Hugo Armando,R,183,USA,30.248,274,135,4-6 7-5 7-6(4),3,Q2,129,15,5,106,70,53,19,17,7,10,3,2,111,78,56,17,17,5,8
2008-560,US Open,Hard,128,G,O,20080825,95,P567,,,Filip Prpic,R,173,SWE,26.251,365,90,W359,,,Todd Widom,R,,USA,25.339,269,136,7-5 6-2,3,Q2,95,3,6,63,32,23,15,10,3,5,4,2,72,42,25,11,10,8,13
2008-560,US Open,Hard,128,G,O,20080825,96,Z074,,,Tomas Zib,R,178,CZE,32.567,292,124,Y070,,,Michael Yani,R,185,USA,27.65,219,173,6-3 7-5,3,Q2,78,5,1,63,34,24,22,11,1,1,7,5,59,32,24,14,10,4,6
2008-560,US Open,Hard,128,G,O,20080825,97,K448,,,Robert Kendrick,R,191,USA,28.778,113,433,S944,24,,Simon Stadler,L,183,GER,25.101,145,315,7-6(5) 6-3,3,Q3,75,6,5,63,36,30,10,10,0,2,0,1,71,45,24,16,11,1,5
2008-560,US Open,Hard,128,G,O,20080825,98,Z074,,,Tomas Zib,R,178,CZE,32.567,292,124,D556,5,,Brian Dabul,L,170,ARG,24.501,115,422,7-6(2) 6-1,3,Q3,76,3,3,56,33,29,12,9,0,0,4,1,61,40,25,10,10,2,5
2008-560,US Open,Hard,128,G,O,20080825,99,A410,,,Thiago Alves,R,178,BRA,26.261,137,343,P624,6,,Philipp Petzschner,R,185,GER,24.422,117,418,6-3 7-6(0),3,Q3,88,3,2,72,41,30,15,10,6,8,2,5,63,28,21,13,11,4,8
2008-560,US Open,Hard,128,G,O,20080825,100,H442,,,Jan Hernych,R,188,CZE,29.136,120,413,Q019,,,Aisam-Ul-Haq Qureshi,R,183,PAK,28.441,210,188,6-4 6-3,3,Q3,73,3,2,48,35,30,8,9,0,0,6,3,62,37,26,12,10,3,6
2008-560,US Open,Hard,128,G,O,20080825,101,BA86,,,Andreas Beck,L,191,GER,22.552,122,403,A356,20,,Thierry Ascione,R,188,FRA,27.603,138,340,7-6(5) 6-1,3,Q3,78,5,1,55,34,28,14,10,1,2,7,4,59,44,29,6,9,5,8
2008-560,US Open,Hard,128,G,O,20080825,102,C634,,,Paul Capdeville,R,191,CHI,25.399,127,383,H704,25,,Jesse Huta Galung,R,,NED,22.886,158,277,7-5 7-6,3,Q3,101,11,1,65,44,36,12,12,0,1,6,8,98,41,29,29,12,8,10
2008-560,US Open,Hard,128,G,O,20080825,103,MA30,,,Gilles Muller,L,193,LUX,25.298,130,371,K839,,,Tobias Kamke,R,178,GER,22.264,189,214,6-3 4-6 6-2,3,Q3,113,10,6,86,54,40,16,14,4,6,1,6,68,39,27,14,13,2,6
2008-560,US Open,Hard,128,G,O,20080825,104,B752,,,Stephane Bohli,R,185,SUI,25.087,133,353,G806,,,Andrey Golubev,R,180,KAZ,21.095,161,270,6-4 6-3,3,Q3,91,4,7,75,44,33,17,10,3,4,3,1,72,38,20,21,9,6,9
2008-560,US Open,Hard,128,G,O,20080825,105,C882,,,Pablo Cuevas,R,180,URU,22.648,135,346,K737,,,Alex Kuznetsov,R,183,USA,21.552,300,121,6-3 4-6 6-4,3,Q3,104,6,3,78,46,36,21,14,3,4,4,3,83,43,31,22,15,6,9
2008-560,US Open,Hard,128,G,O,20080825,106,P436,,,Bjorn Phau,R,175,GER,28.893,136,343,BE90,,,Ricardas Berankis,R,175,LTU,18.179,488,56,4-6 6-4 6-2,3,Q3,99,7,5,76,36,30,23,14,1,3,10,4,87,40,28,25,14,2,6
2008-560,US Open,Hard,128,G,O,20080825,107,MA49,,,Rui Machado,R,178,POR,24.375,200,199,C723,,,Flavio Cipolla,R,173,ITA,24.849,142,334,7-6(5) 6-3,3,Q3,101,2,3,71,52,33,10,10,6,9,1,3,78,50,27,12,11,7,12
2008-560,US Open,Hard,128,G,O,20080825,108,SG87,,,Ryan Sweeting,R,196,USA,21.117,277,129,K358,23,,Kevin Kim,R,180,USA,30.084,144,328,2-6 6-3 6-2,3,Q3,78,4,7,75,48,36,12,13,2,5,3,2,66,41,27,11,12,2,6
2008-560,US Open,Hard,128,G,O,20080825,109,D424,,,Rik De Voest,R,180,RSA,28.222,148,300,P567,,,Filip Prpic,R,173,SWE,26.251,365,90,6-1 6-2,3,Q3,52,3,0,40,32,26,7,8,0,0,2,1,48,35,17,6,7,2,6
2008-560,US Open,Hard,128,G,O,20080825,110,SD56,,,Robert Smeets,L,188,AUS,22.79,154,290,N437,,,Gianluca Naso,R,193,ITA,21.634,257,143,6-3 7-6(8),3,Q3,88,9,6,70,38,32,17,10,5,6,3,5,75,40,29,16,11,2,5
2008-560,US Open,Hard,128,G,O,20080825,111,D617,,,Ryler DeHeart,L,183,USA,24.643,261,142,H502,,,Diego Hartfield,R,185,ARG,27.565,167,259,4-6 7-5 7-6(3),3,Q3,147,13,6,108,67,50,23,17,4,6,12,4,111,70,52,22,17,8,10
2008-560,US Open,Hard,128,G,O,20080825,112,M800,,,Jan Minar,R,,CZE,27.379,303,118,L430,,,Giovanni Lapentti,R,193,ECU,25.582,251,148,2-6 7-5 7-6(1),3,Q3,166,9,4,107,70,49,20,16,6,10,5,7,124,60,41,31,16,7,10
2008-773,Bucharest,Clay,32,250,O,20080908,1,V254,,,Filippo Volandri,R,183,ITA,27.009,91,506,V556,,,Robert Varga,,,HUN,20.11,620,35,7-5 7-5,3,Q1,120,1,10,74,51,32,10,12,4,9,3,1,93,56,30,15,12,7,14
2008-773,Bucharest,Clay,32,250,O,20080908,2,M590,,,Alberto Martin,R,175,ESP,30.053,117,419,MA36,,,Gabriel Moraru,R,180,ROU,26.612,307,113,6-4 6-2,3,Q1,76,2,1,50,29,23,13,9,0,0,1,1,52,25,18,12,9,0,3
2008-773,Bucharest,Clay,32,250,O,20080908,3,R383,,,Ruben Ramirez Hidalgo,R,183,ESP,30.672,145,314,V495,,,Luca Vanni,R,198,ITA,23.264,366,92,W/O,3,Q1,,,,,,,,,,,,,,,,,,,
2008-773,Bucharest,Clay,32,250,O,20080908,4,H502,5,,Diego Hartfield,R,185,ARG,27.603,164,262,R632,,,Michael Ryderstedt,L,188,SWE,23.822,291,125,6-4 6-1,3,Q1,71,4,1,52,32,28,11,9,2,2,5,4,48,25,21,6,8,2,5
2008-773,Bucharest,Clay,32,250,O,20080908,5,U061,6,,Adrian Ungur,R,178,ROU,23.628,188,223,L872,,,Petru-Alexandru Luncanu,L,185,ROU,19.34,749,22,7-5 6-3,3,Q1,92,2,0,61,34,22,18,10,4,5,3,6,67,39,26,11,11,6,10
2008-773,Bucharest,Clay,32,250,O,20080908,6,R628,7,,Laurent Recouderc,R,,AND,24.164,199,201,C996,,,Alexandru-Daniel Carpen,R,,ROU,21.791,1264,4,6-2 6-2,3,Q1,59,1,3,44,21,18,11,8,1,2,0,5,44,14,9,10,8,2,7
2008-773,Bucharest,Clay,32,250,O,20080908,7,D616,,,Somdev Devvarman,R,180,IND,23.567,244,154,A825,,,Bogdan Andrii,,,ROU,19.192,,,6-0 6-1,3,Q1,38,2,0,30,24,20,4,6,0,0,1,9,38,18,6,5,7,3,9
2008-773,Bucharest,Clay,32,250,O,20080908,8,A392,,,Artemon Apostu-Efremov,R,0,ROU,29.224,981,9,CA99,,,Marius Copil,R,191,ROU,17.895,746,22,6-4 7-5,3,Q1,101,0,3,68,44,34,13,11,3,4,5,6,70,39,29,15,11,4,7
2008-773,Bucharest,Clay,32,250,O,20080908,9,A502,,,Juan-Martin Aranguren,R,,ARG,24.923,265,140,MA10,,,Marcel-Ioan Miron,,,ROU,26.426,772,20,6-3 6-4,3,Q1,100,2,5,70,48,34,9,10,3,5,2,0,66,37,25,11,9,3,7
2008-773,Bucharest,Clay,32,250,O,20080908,10,C546,,,Teodor-Dacian Craciun,R,170,ROU,28.257,338,100,T213,,,Jim Thomas,R,193,USA,33.958,,,6-0 6-2,3,Q1,59,4,1,35,19,16,13,7,0,0,2,2,44,27,12,6,7,5,10
2008-773,Bucharest,Clay,32,250,O,20080908,11,E639,,,Ervin Eleskovic,R,,SWE,21.339,429,68,L802,,,Alexandru-Raul Lazar,,,ROU,20.052,801,18,6-4 4-6 6-4,3,Q1,120,2,10,98,53,36,22,15,8,11,10,5,98,48,36,23,15,8,12
2008-773,Bucharest,Clay,32,250,O,20080908,12,G802,,,Ilie-Aurelian Giurgiu,R,,ROU,21.265,1034,8,M867,,,Jeroen Masson,R,,BEL,27.682,297,121,7-5 6-1,3,Q1,70,0,1,57,42,27,8,9,4,6,1,9,68,36,18,13,10,5,11
2008-773,Bucharest,Clay,32,250,O,20080908,13,I094,,,Victor Ionita,R,185,ROU,25.331,287,128,E672,,,Laurentiu Erlic,,,ROU,21.719,1079,7,6-1 6-3,3,Q1,61,1,1,37,20,17,13,8,1,2,0,4,51,21,12,11,8,4,9
2008-773,Bucharest,Clay,32,250,O,20080908,14,MB27,,,Florin Mergea,R,178,ROU,23.617,582,39,M600,,,Ion Moldovan,R,188,ROU,30.642,,,2-6 6-3 6-4,3,Q1,122,1,6,91,66,47,11,14,4,6,0,3,97,69,44,15,13,12,14
2008-773,Bucharest,Clay,32,250,O,20080908,15,MH59,,,Valentin Mihai,,,ROU,17.577,,,P485,,,Todd Perry,R,175,AUS,32.479,,,W/O,3,Q1,,,,,,,,,,,,,,,,,,,
2008-773,Bucharest,Clay,32,250,O,20080908,16,A596,,,Pablo Andujar,R,180,ESP,22.626,94,500,E639,,,Ervin Eleskovic,R,,SWE,21.339,429,68,6-2 6-0,3,Q2,68,1,0,41,30,21,7,7,0,1,4,8,53,20,10,11,7,5,11
2008-773,Bucharest,Clay,32,250,O,20080908,17,V254,,,Filippo Volandri,R,183,ITA,27.009,91,506,MH59,,,Valentin Mihai,,,ROU,17.577,,,6-1 6-1,3,Q2,45,0,6,39,25,21,7,7,3,4,0,6,34,15,3,5,7,1,7
2008-773,Bucharest,Clay,32,250,O,20080908,18,M590,,,Alberto Martin,R,175,ESP,30.053,117,419,I094,,,Victor Ionita,R,185,ROU,25.331,287,128,6-3 6-4,3,Q2,85,2,2,71,55,35,5,9,10,13,2,1,56,36,16,8,10,1,7
2008-773,Bucharest,Clay,32,250,O,20080908,19,R383,,,Ruben Ramirez Hidalgo,R,183,ESP,30.672,145,314,G802,,,Ilie-Aurelian Giurgiu,R,,ROU,21.265,1034,8,6-0 6-2,3,Q2,46,1,1,32,22,20,8,7,0,0,0,3,43,25,12,6,7,3,8
2008-773,Bucharest,Clay,32,250,O,20080908,20,H502,5,,Diego Hartfield,R,185,ARG,27.603,164,262,A392,,,Artemon Apostu-Efremov,R,0,ROU,29.224,981,9,6-4 6-3,3,Q2,92,4,2,62,38,31,13,9,4,4,1,3,65,44,27,11,10,5,8
2008-773,Bucharest,Clay,32,250,O,20080908,21,C546,,,Teodor-Dacian Craciun,R,170,ROU,28.257,338,100,U061,6,,Adrian Ungur,R,178,ROU,23.628,188,223,7-5 6-3,3,Q2,101,1,1,68,44,29,16,11,3,5,2,5,69,40,24,12,10,4,8
2008-773,Bucharest,Clay,32,250,O,20080908,22,R628,7,,Laurent Recouderc,R,,AND,24.164,199,201,A502,,,Juan-Martin Aranguren,R,,ARG,24.923,265,140,6-3 6-4,3,Q2,102,3,0,56,30,24,9,9,1,4,1,3,76,40,23,13,10,10,16
2008-773,Bucharest,Clay,32,250,O,20080908,23,D616,,,Somdev Devvarman,R,180,IND,23.567,244,154,MB27,,,Florin Mergea,R,178,ROU,23.617,582,39,6-1 6-2,3,Q2,58,4,0,51,37,27,10,8,4,4,0,3,44,33,19,2,7,3,7
2008-773,Bucharest,Clay,32,250,O,20080908,24,A596,,,Pablo Andujar,R,180,ESP,22.626,94,500,R628,7,,Laurent Recouderc,R,,AND,24.164,199,201,6-2 6-3,3,Q3,70,2,1,57,43,25,11,9,1,3,0,3,47,25,10,11,8,1,6
2008-773,Bucharest,Clay,32,250,O,20080908,25,D616,,,Somdev Devvarman,R,180,IND,23.567,244,154,V254,,,Filippo Volandri,R,183,ITA,27.009,91,506,6-3 4-6 6-3,3,Q3,135,3,2,86,41,29,23,14,7,11,0,9,99,62,40,14,14,9,15
2008-773,Bucharest,Clay,32,250,O,20080908,26,M590,,,Alberto Martin,R,175,ESP,30.053,117,419,H502,5,,Diego Hartfield,R,185,ARG,27.603,164,262,6-7(5) 6-4 3-0 RET,3,Q3,133,2,2,69,42,35,17,12,0,1,4,6,91,56,40,16,13,4,8
2008-773,Bucharest,Clay,32,250,O,20080908,27,R383,,,Ruben Ramirez Hidalgo,R,183,ESP,30.672,145,314,C546,,,Teodor-Dacian Craciun,R,170,ROU,28.257,338,100,3-6 7-6(3) 4-0 RET,3,Q3,120,3,2,69,51,38,10,12,1,3,2,1,83,58,39,8,13,2,5
2008-1720,Bangkok,Hard,28,250,I,20080922,1,I165,1,,Denis Istomin,R,185,UZB,22.042,121,386,W481,,,Kittipong Wachiramanowong,R,183,THA,18.245,1233,4,6-1 6-1,3,Q1,51,2,1,38,29,25,5,7,1,1,0,1,44,26,15,4,7,0,5
2008-1720,Bangkok,Hard,28,250,I,20080922,2,S944,,,Simon Stadler,L,183,GER,25.177,141,317,W373,,,Jimmy Wang,R,180,TPE,23.619,434,68,6-4 6-0,3,Q1,71,4,0,59,42,29,9,8,3,3,0,3,45,29,17,5,8,2,6
2008-1720,Bangkok,Hard,28,250,I,20080922,3,D487,,,Lukas Dlouhy,R,185,CZE,25.457,166,258,SF76,,,Franko Skugor,R,196,CRO,21.008,331,105,6-2 7-6(4),3,Q1,72,15,3,63,41,36,10,10,4,5,5,2,68,46,32,7,10,3,6
2008-1720,Bangkok,Hard,28,250,I,20080922,4,Q019,,,Aisam-Ul-Haq Qureshi,R,183,PAK,28.517,207,193,G967,,,Peter Gojowczyk,R,188,GER,19.19,294,124,6-7(8) 7-6(4) 6-4,3,Q1,136,17,3,113,79,67,17,17,3,3,23,3,108,67,59,20,17,1,2
2008-1720,Bangkok,Hard,28,250,I,20080922,5,S893,5,,Martin Slanar,R,,AUT,27.395,229,171,N433,,,Pongsiri Niroj,,,THA,26.015,,,6-4 6-1,3,Q1,111,6,1,52,31,25,12,8,2,2,2,1,60,34,21,11,9,2,6
2008-1720,Bangkok,Hard,28,250,I,20080922,6,G527,6,,Luka Gregorc,R,188,SLO,24.605,238,161,W471,,,Amir Weintraub,R,185,ISR,22.018,464,61,6-2 4-6 6-1,3,Q1,114,6,5,86,60,44,10,13,3,5,1,2,96,75,39,10,12,10,15
2008-1720,Bangkok,Hard,28,250,I,20080922,7,B757,,,Rohan Bopanna,R,193,IND,28.553,355,97,L702,7,,Mikhail Ledovskikh,R,188,RUS,22.125,263,142,7-6(5) 6-7(2) 7-5,3,Q1,136,21,3,111,63,52,27,18,1,2,21,3,107,54,49,30,18,4,6
2008-1720,Bangkok,Hard,28,250,I,20080922,8,B503,,,George Bastl,R,183,SUI,33.478,339,103,C813,8,,Ti Chen,R,178,TPE,24.972,280,135,6-4 6-2,3,Q1,92,5,2,47,27,21,11,9,0,2,4,2,60,35,19,11,9,4,9
2008-1720,Bangkok,Hard,28,250,I,20080922,9,B503,,,George Bastl,R,183,SUI,33.478,339,103,I165,1,,Denis Istomin,R,185,UZB,22.042,121,386,7-5 6-7(4) 6-2,3,Q2,190,7,4,96,58,48,21,16,2,3,6,4,99,69,49,14,16,3,7
2008-1720,Bangkok,Hard,28,250,I,20080922,10,S944,,,Simon Stadler,L,183,GER,25.177,141,317,S893,5,,Martin Slanar,R,,AUT,27.395,229,171,6-4 6-4,3,Q2,72,1,1,55,40,24,9,10,3,6,0,2,59,31,21,10,10,2,7
2008-1720,Bangkok,Hard,28,250,I,20080922,11,D487,,,Lukas Dlouhy,R,185,CZE,25.457,166,258,B757,,,Rohan Bopanna,R,193,IND,28.553,355,97,6-2 2-6 6-4,3,Q2,85,8,3,88,51,39,16,13,7,9,9,5,78,48,33,14,13,4,7
2008-1720,Bangkok,Hard,28,250,I,20080922,12,Q019,,,Aisam-Ul-Haq Qureshi,R,183,PAK,28.517,207,193,G527,6,,Luka Gregorc,R,188,SLO,24.605,238,161,6-7(0) 6-2 7-6(4),3,Q2,168,24,5,134,85,64,22,16,8,8,12,6,101,68,51,18,16,5,7
2008-747,Beijing,Hard,28,250,O,20080922,1,104760,,,Brendan Evans,R,188,USA,22.459,187,223,104928,,,Wan Gao,,,CHN,21.081,,,6-2 6-0,3,Q1,52,4,1,35,22,18,8,7,0,0,1,0,38,24,10,6,6,5,8
2008-747,Beijing,Hard,28,250,O,20080922,2,110264,,,Ya-Nan Ma,,,CHN,18.297,,,104603,,,Alexander Kudryavtsev,R,183,RUS,22.908,225,176,W/O,3,Q1,,,,,,,,,,,,,,,,,,,
2008-747,Beijing,Hard,28,250,O,20080922,3,105155,3,,Tatsuma Ito,R,180,JPN,20.348,360,96,110257,,,Sa Chen,,,,,1356,3,6-4 7-5,3,Q1,94,6,2,68,42,32,15,12,2,3,4,7,78,48,28,14,12,3,7
2008-747,Beijing,Hard,28,250,O,20080922,4,103823,,,Yu Jr. Wang,L,,CHN,27.143,900,13,105217,4,,Yuichi Sugita,R,175,JPN,20.011,437,68,4-6 7-6(4) 6-4,3,Q1,148,8,5,102,64,44,22,18,4,8,6,12,115,70,42,22,18,4,9
2008-747,Beijing,Hard,28,250,O,20080922,5,104419,,,Hyun-Woo Nam,,,KOR,23.702,467,60,110255,,,Ye Du,,,,,1361,3,W/O,3,Q1,,,,,,,,,,,,,,,,,,,
2008-747,Beijing,Hard,28,250,O,20080922,6,103247,,,Jean-Claude Scherrer,R,188,SUI,30.177,1121,5,105715,6,,Tsung-Hua Yang,R,178,TPE,17.487,475,57,6-4 6-4,3,Q1,84,7,2,62,38,30,14,11,1,2,3,4,68,42,24,11,10,2,5
2008-747,Beijing,Hard,28,250,O,20080922,7,102874,,,Frank Moser,R,196,GER,31.997,922,11,104791,7,,Zhe Li,R,183,CHN,22.007,542,47,6-4 6-3,3,Q1,78,9,2,55,34,28,12,10,1,2,2,5,64,38,22,10,10,1,5
2008-747,Beijing,Hard,28,250,O,20080922,8,105153,,,Jun-Chao Xu,,,CHN,20,594,39,104332,,,Hao Lu,R,,CHN,24.646,1214,4,3-6 6-1 6-4,3,Q1,122,5,4,92,55,40,18,17,4,7,5,8,98,62,36,18,15,4,8
2008-747,Beijing,Hard,28,250,O,20080922,9,104760,,,Brendan Evans,R,188,USA,22.459,187,223,102874,,,Frank Moser,R,196,GER,31.997,922,11,6-2 6-1,3,Q2,58,6,2,38,24,20,8,7,0,1,1,1,45,28,12,6,6,5,8
2008-747,Beijing,Hard,28,250,O,20080922,10,103247,,,Jean-Claude Scherrer,R,188,SUI,30.177,1121,5,105155,3,,Tatsuma Ito,R,180,JPN,20.348,360,96,6-4 6-2,3,Q2,76,8,3,55,32,26,12,10,1,2,3,5,62,38,20,10,10,1,5
2008-747,Beijing,Hard,28,250,O,20080922,11,104419,,,Hyun-Woo Nam,,,KOR,23.702,467,60,110264,,,Ya-Nan Ma,,,CHN,18.297,,,6-3 6-1,3,Q2,62,5,2,42,28,22,10,8,1,2,1,4,52,32,16,8,8,5,9
2008-747,Beijing,Hard,28,250,O,20080922,12,105153,,,Jun-Chao Xu,,,CHN,20,594,39,103823,,,Yu Jr. Wang,L,,CHN,27.143,900,13,6-4 6-3,3,Q2,78,4,2,58,35,28,12,9,1,2,3,4,64,38,20,10,10,2,5
2008-329,Tokyo,Hard,48,500,O,20080929,1,U043,,,Danai Udomchoke,R,173,THA,27.135,159,267,MG88,,,Junn Mitsuhashi,,,JPN,19.329,400,80,6-2 7-5,3,Q1,78,2,2,53,37,27,9,10,1,3,1,1,73,39,23,15,10,6,11
2008-329,Tokyo,Hard,48,500,O,20080929,2,M614,,,Cecil Mamiit,R,173,PHI,32.257,420,72,P467,2,,Alexander Peya,R,183,AUT,28.257,164,262,6-7(14) 6-4 7-6(4),3,Q1,146,5,2,128,78,60,28,17,4,6,4,5,121,78,54,26,17,2,5
2008-329,Tokyo,Hard,48,500,O,20080929,3,I063,,,Tasuku Iwami,L,168,JPN,30.226,412,75,SD56,3,,Robert Smeets,L,188,AUS,22.886,170,255,6-1 1-0 RET,3,Q1,30,3,1,20,14,11,3,4,0,1,1,3,21,10,3,2,4,2,6
2008-329,Tokyo,Hard,48,500,O,20080929,4,E254,,,Brendan Evans,R,188,USA,22.478,176,243,A478,,,Jae-Sung An,R,,KOR,23.34,376,90,6-2 3-0 RET,3,Q1,44,3,1,29,18,15,7,5,0,0,1,6,40,20,9,7,6,5,9
2008-329,Tokyo,Hard,48,500,O,20080929,5,S893,,,Martin Slanar,R,,AUT,27.414,232,171,T885,,,Kento Takeuchi,L,,JPN,20.78,450,65,6-4 6-3,3,Q1,72,1,3,51,35,24,8,9,3,5,1,3,67,44,28,7,10,5,10
2008-329,Tokyo,Hard,48,500,O,20080929,6,G527,,,Luka Gregorc,R,188,SLO,24.624,245,161,W373,,,Jimmy Wang,R,180,TPE,23.639,676,28,6-4 6-4,3,Q1,81,9,2,57,33,25,15,10,4,5,3,1,56,34,24,11,10,3,6
2008-329,Tokyo,Hard,48,500,O,20080929,7,I183,,,Yuichi Ito,,,JPN,22.149,622,35,J263,7,,Woong-Sun Jun,R,191,KOR,22.294,252,157,4-6 7-6(4) 6-3,3,Q1,114,1,1,93,60,40,24,15,7,9,4,4,88,49,42,17,16,0,3
2008-329,Tokyo,Hard,48,500,O,20080929,8,C813,8,,Ti Chen,R,178,TPE,24.991,278,132,N430,,,Hyun-Woo Nam,,,KOR,23.721,449,65,7-6(2) 6-4,3,Q1,114,6,1,78,41,26,21,11,4,7,0,3,82,56,32,12,11,6,10
2008-329,Tokyo,Hard,48,500,O,20080929,9,SF76,9,,Franko Skugor,R,196,CRO,21.027,334,105,MI01,,,Hiroki Moriya,R,168,JPN,17.955,1408,2,6-1 6-4,3,Q1,93,3,0,57,39,23,7,8,4,7,1,11,77,49,23,10,9,5,12
2008-329,Tokyo,Hard,48,500,O,20080929,10,K457,,,Hiroki Kondo,R,178,JPN,25.9,589,39,B757,10,,Rohan Bopanna,R,193,IND,28.572,350,97,6-3 4-6 7-6(4),3,Q1,127,7,1,100,51,36,32,15,9,11,11,9,121,66,52,21,16,7,10
2008-329,Tokyo,Hard,48,500,O,20080929,11,M531,11,,Gouichi Motomura,R,173,JPN,34.762,322,109,I145,,,Kyu Tae Im,R,185,KOR,27.729,490,55,6-0 6-3,3,Q1,71,0,3,61,43,32,7,8,6,7,2,2,53,30,16,8,7,8,13
2008-329,Tokyo,Hard,48,500,O,20080929,12,M815,12,,Toshihide Matsui,R,178,JPN,30.448,428,70,T982,,,Tsung-Hua Yang,R,178,TPE,17.506,481,57,6-2 7-6(3),3,Q1,88,9,1,64,34,27,17,10,2,3,4,0,74,42,25,16,10,5,8
2008-329,Tokyo,Hard,48,500,O,20080929,13,U043,,,Danai Udomchoke,R,173,THA,27.135,159,267,M815,12,,Toshihide Matsui,R,178,JPN,30.448,428,70,6-2 6-7(5) 7-5,3,Q2,127,0,7,98,68,50,15,16,5,7,7,2,104,56,36,25,16,3,8
2008-329,Tokyo,Hard,48,500,O,20080929,14,K457,,,Hiroki Kondo,R,178,JPN,25.9,589,39,E254,,,Brendan Evans,R,188,USA,22.478,176,243,6-4 3-6 7-6(3),3,Q2,112,12,1,87,61,47,13,15,3,5,8,3,103,73,52,15,16,1,3
2008-329,Tokyo,Hard,48,500,O,20080929,15,S893,,,Martin Slanar,R,,AUT,27.414,232,171,M531,11,,Gouichi Motomura,R,173,JPN,34.762,322,109,7-6(5) 6-4,3,Q2,97,10,7,75,42,36,15,11,2,3,2,1,76,42,27,21,11,7,9
2008-329,Tokyo,Hard,48,500,O,20080929,16,G527,,,Luka Gregorc,R,188,SLO,24.624,245,161,C813,8,,Ti Chen,R,178,TPE,24.991,278,132,6-1 6-2,3,Q2,67,11,3,57,39,32,6,8,7,7,2,2,48,30,19,4,7,6,10
2008-329,Tokyo,Hard,48,500,O,20080929,17,M614,,,Cecil Mamiit,R,173,PHI,32.257,420,72,SF76,9,,Franko Skugor,R,196,CRO,21.027,334,105,4-6 6-3 6-4,3,Q2,101,4,1,76,47,42,17,15,2,3,4,3,87,59,41,17,14,6,8
2008-329,Tokyo,Hard,48,500,O,20080929,18,I183,,,Yuichi Ito,,,JPN,22.149,622,35,I063,,,Tasuku Iwami,L,168,JPN,30.226,412,75,5-7 4-5 RET,3,Q2,122,4,4,57,32,17,14,10,3,7,0,1,75,43,25,19,11,4,7
2008-341,Metz,Hard,32,250,I,20080929,1,103758,1,,Florent Serra,R,180,FRA,27.584,56,703,103930,,,Andre Wiesler,,,GER,26.163,659,30,7-5 6-3,3,Q1,92,8,2,64,40,32,14,11,1,2,3,5,72,45,28,12,10,3,7
2008-341,Metz,Hard,32,250,I,20080929,2,104526,,,Romain Jouan,R,183,FRA,23.206,440,68,104926,2,,Fabio Fognini,R,178,ITA,21.352,71,573,7-5 7-6(6),3,Q1,112,6,4,88,52,38,18,15,3,5,4,6,96,58,36,15,13,2,5
2008-341,Metz,Hard,32,250,I,20080929,3,104660,3,,Sergiy Stakhovsky,R,193,UKR,22.73,87,526,104868,,,Sergei Bubka,R,188,UKR,21.634,282,130,6-3 6-4,3,Q1,78,10,2,55,34,28,12,10,0,0,1,3,62,38,20,10,10,1,4
2008-341,Metz,Hard,32,250,I,20080929,4,103746,,,Thierry Ascione,R,188,FRA,27.699,147,305,103102,,,Olivier Mutis,R,175,FRA,30.656,,,7-5 2-6 7-5,3,Q1,145,9,5,108,65,48,22,18,4,7,6,12,118,72,45,25,20,5,10
2008-341,Metz,Hard,32,250,I,20080929,5,103848,5,,Mikhail Elgin,R,183,RUS,26.96,145,310,108740,,,Herve Karcher,,,,,1565,1,6-2 7-6(2),3,Q1,84,7,2,62,38,30,14,11,1,2,3,4,68,42,24,11,10,2,5
2008-341,Metz,Hard,32,250,I,20080929,6,103565,,,Rik De Voest,R,180,RSA,28.318,166,261,117462,,,Maxime Bonami,,,,,1885,1,7-5 6-4,3,Q1,96,5,3,72,45,34,14,11,2,3,4,6,82,51,30,12,11,2,6
2008-341,Metz,Hard,32,250,I,20080929,7,105173,,,Adrian Mannarino,L,180,FRA,20.252,181,238,104149,,,Rainer Eitzinger,R,178,AUT,25.257,271,138,1-6 6-0 7-6(3),3,Q1,128,4,5,92,58,40,18,15,5,10,4,8,105,62,36,18,15,4,8
2008-341,Metz,Hard,32,250,I,20080929,8,104731,,,Tobias Kamke,R,178,GER,22.36,238,164,104053,8,,Karol Beck,R,180,SVK,26.491,200,207,7-5 4-6 6-3,3,Q1,132,6,4,98,62,44,20,17,4,6,5,10,112,68,42,20,16,3,7
2008-341,Metz,Hard,32,250,I,20080929,9,104252,,,Prakash Amritraj,R,188,IND,24.994,225,177,103632,,,Lovro Zovko,R,191,CRO,27.535,504,52,6-4 6-3,3,Q1,82,7,3,58,35,28,12,9,1,2,3,4,64,38,20,10,10,2,5
2008-341,Metz,Hard,32,250,I,20080929,10,102538,,,George Bastl,R,183,SUI,33.498,324,108,105747,,,Pierre-Hugues Herbert,R,188,FRA,17.536,,,6-2 6-1,3,Q1,55,4,1,38,24,20,8,7,0,0,1,0,42,25,10,6,6,5,8
2008-341,Metz,Hard,32,250,I,20080929,11,104192,,,Richard Bloomfield,R,185,GBR,25.426,290,127,108341,,,Antoine Feret,,,,,,,6-3 7-5,3,Q1,88,6,2,65,42,32,15,11,1,2,3,5,72,45,26,12,10,1,4
2008-341,Metz,Hard,32,250,I,20080929,12,105015,,,Chris Eaton,R,,GBR,20.841,377,89,104229,,,Frederik Nielsen,R,188,DEN,25.092,249,160,6-7(6) 6-3 6-3,3,Q1,135,12,4,105,65,48,22,18,4,7,5,11,118,72,44,22,18,4,8
2008-341,Metz,Hard,32,250,I,20080929,13,104085,,,David Guez,R,185,FRA,25.81,202,206,104615,,,Josh Goodall,R,188,GBR,22.951,201,207,7-6(4) 3-6 6-3,3,Q1,142,8,5,102,64,44,22,18,4,8,5,10,115,70,42,22,18,4,9
2008-341,Metz,Hard,32,250,I,20080929,14,103103,,,Dominik Hrbaty,R,180,SVK,30.735,396,81,104768,,,Chris Klingemann,,,CAN,23.518,739,23,6-3 6-0,3,Q1,52,5,1,35,22,18,8,7,0,0,1,0,38,24,10,6,6,5,8
2008-341,Metz,Hard,32,250,I,20080929,15,104445,,,Julien Mathieu,R,,FRA,26.439,884,13,103554,,,Holger Fischer,R,,GER,27.8,595,38,6-3 6-1,3,Q1,58,4,1,38,24,20,8,7,0,0,1,0,42,25,12,6,6,4,7
2008-341,Metz,Hard,32,250,I,20080929,16,103630,,,Justin O'Neal,R,,USA,30.932,638,33,105151,,,Alexandre Penaud,R,,FRA,21.363,1086,7,6-1 6-7(5) 6-2,3,Q1,138,10,4,95,58,42,18,17,4,6,5,12,112,68,44,20,16,3,8
2008-341,Metz,Hard,32,250,I,20080929,17,103758,1,,Florent Serra,R,180,FRA,27.584,56,703,104445,,,Julien Mathieu,R,,FRA,26.439,884,13,6-4 6-4,3,Q2,82,6,2,62,40,31,12,10,1,2,3,4,68,42,26,10,9,2,5
2008-341,Metz,Hard,32,250,I,20080929,18,104660,3,,Sergiy Stakhovsky,R,193,UKR,22.73,87,526,105015,,,Chris Eaton,R,,GBR,20.841,377,89,6-7(6) 7-6(2) 7-6(6),3,Q2,184,22,5,145,92,68,28,22,6,9,8,14,152,98,64,32,25,5,12
2008-341,Metz,Hard,32,250,I,20080929,19,103746,,,Thierry Ascione,R,188,FRA,27.699,147,305,103103,,,Dominik Hrbaty,R,180,SVK,30.735,396,81,7-5 6-2,3,Q2,88,7,3,65,42,32,15,11,1,2,3,5,72,45,26,12,10,2,6
2008-341,Metz,Hard,32,250,I,20080929,20,103848,5,,Mikhail Elgin,R,183,RUS,26.96,145,310,104192,,,Richard Bloomfield,R,185,GBR,25.426,290,127,6-4 6-3,3,Q2,78,6,2,55,34,26,12,10,1,2,3,4,62,38,20,10,10,2,5
2008-341,Metz,Hard,32,250,I,20080929,21,103565,,,Rik De Voest,R,180,RSA,28.318,166,261,102538,,,George Bastl,R,183,SUI,33.498,324,108,7-5 6-4,3,Q2,96,5,3,72,45,34,14,11,2,3,4,6,82,51,30,12,11,2,6
2008-341,Metz,Hard,32,250,I,20080929,22,105173,,,Adrian Mannarino,L,180,FRA,20.252,181,238,104085,,,David Guez,R,185,FRA,25.81,202,206,6-2 6-1,3,Q2,62,5,1,45,28,24,10,8,0,0,1,0,48,30,14,8,8,5,8
2008-341,Metz,Hard,32,250,I,20080929,23,104526,,,Romain Jouan,R,183,FRA,23.206,440,68,104252,,,Prakash Amritraj,R,188,IND,24.994,225,177,4-6 6-4 7-6(5),3,Q2,152,8,4,115,70,52,24,18,5,8,7,12,128,78,48,26,21,4,9
2008-341,Metz,Hard,32,250,I,20080929,24,104731,,,Tobias Kamke,R,178,GER,22.36,238,164,103630,,,Justin O'Neal,R,,USA,30.932,638,33,7-6(4) 6-3,3,Q2,102,7,3,75,48,36,16,13,1,2,4,5,85,52,32,15,12,2,5
2008-341,Metz,Hard,32,250,I,20080929,25,105173,,,Adrian Mannarino,L,180,FRA,20.252,181,238,103758,1,,Florent Serra,R,180,FRA,27.584,56,703,6-3 6-1,3,Q3,68,6,1,48,30,26,10,8,0,0,1,0,52,32,16,8,8,4,8
2008-341,Metz,Hard,32,250,I,20080929,26,103565,,,Rik De Voest,R,180,RSA,28.318,166,261,104660,3,,Sergiy Stakhovsky,R,193,UKR,22.73,87,526,6-4 1-6 6-3,3,Q3,122,8,4,92,55,42,18,17,4,6,5,10,105,65,38,20,15,4,8
2008-341,Metz,Hard,32,250,I,20080929,27,103746,,,Thierry Ascione,R,188,FRA,27.699,147,305,103848,5,,Mikhail Elgin,R,183,RUS,26.96,145,310,6-3 6-2,3,Q3,74,6,2,55,34,28,12,10,1,2,3,4,62,38,20,10,10,3,7
2008-341,Metz,Hard,32,250,I,20080929,28,104526,,,Romain Jouan,R,183,FRA,23.206,440,68,104731,,,Tobias Kamke,R,178,GER,22.36,238,164,6-1 7-6(3),3,Q3,96,7,3,72,45,34,14,11,1,2,4,5,82,51,30,12,11,3,6
2008-337,Vienna,Hard,32,500,I,20081006,1,U032,,,Bohdan Ulihrach,R,188,CZE,33.618,379,88,F444,1,,Alejandro Falla,L,185,COL,24.895,115,401,6-2 6-0,3,Q1,53,4,0,47,26,19,10,7,3,4,1,2,41,23,7,6,7,3,9
2008-337,Vienna,Hard,32,500,I,20081006,2,P624,,,Philipp Petzschner,R,185,GER,24.537,125,383,O305,,,Philipp Oswald,R,201,AUT,22.702,388,85,7-6(5) 6-1,3,Q1,72,6,4,67,34,25,21,10,4,5,6,4,58,34,26,8,9,4,7
2008-337,Vienna,Hard,32,500,I,20081006,3,H442,,,Jan Hernych,R,188,CZE,29.251,129,374,M836,,,Dominik Meffert,R,196,GER,27.493,211,193,3-6 6-2 6-3,3,Q1,106,6,1,77,53,36,14,13,1,3,9,6,76,54,39,7,13,4,8
2008-337,Vienna,Hard,32,500,I,20081006,4,G725,,,Santiago Giraldo,R,188,COL,20.86,143,321,B804,,,Karol Beck,R,180,SVK,26.511,199,207,6-2 7-6(7),3,Q1,85,4,0,61,38,29,11,10,1,2,8,1,72,52,33,8,10,7,10
2008-337,Vienna,Hard,32,500,I,20081006,5,C856,,,Victor Crivoi,R,185,ROU,26.368,145,313,H704,,,Jesse Huta Galung,R,,NED,23.001,188,222,7-5 4-6 6-4,3,Q1,137,2,2,108,75,44,15,16,5,11,5,2,94,59,35,15,16,6,13
2008-337,Vienna,Hard,32,500,I,20081006,6,P491,6,,Kristian Pless,R,188,DEN,27.655,150,300,H804,,,Andreas Haider-Maurer,R,191,AUT,21.544,339,102,6-3 4-6 7-6(4),3,Q1,113,3,6,101,71,54,14,15,9,11,11,7,92,50,39,23,16,3,6
2008-337,Vienna,Hard,32,500,I,20081006,7,S799,,,Pavel Snobel,L,191,CZE,28.605,184,231,R685,7,,Lukas Rosol,R,193,CZE,23.203,162,264,6-3 6-3,3,Q1,60,6,2,61,37,31,12,9,5,5,5,2,47,27,21,8,9,1,4
2008-337,Vienna,Hard,32,500,I,20081006,8,D424,8,,Rik De Voest,R,180,RSA,28.337,155,276,MG55,,,Nikolaus Moser,,,AUT,18.546,1102,6,6-4 6-2,3,Q1,99,2,0,60,39,27,11,9,4,6,6,3,65,42,27,3,9,9,14
2008-337,Vienna,Hard,32,500,I,20081006,9,P624,,,Philipp Petzschner,R,185,GER,24.537,125,383,P491,6,,Kristian Pless,R,188,DEN,27.655,150,300,3-6 6-0 6-0,3,Q2,72,7,2,65,38,28,16,10,4,5,2,8,62,35,19,12,11,5,11
2008-337,Vienna,Hard,32,500,I,20081006,10,H442,,,Jan Hernych,R,188,CZE,29.251,129,374,D424,8,,Rik De Voest,R,180,RSA,28.337,155,276,6-2 4-6 6-2,3,Q2,109,2,2,81,56,40,10,13,5,8,4,1,77,44,31,11,13,2,8
2008-337,Vienna,Hard,32,500,I,20081006,11,C856,,,Victor Crivoi,R,185,ROU,26.368,145,313,G725,,,Santiago Giraldo,R,188,COL,20.86,143,321,4-6 7-6(2) 6-4,3,Q2,159,4,3,106,69,46,18,16,4,9,2,2,112,68,46,20,16,7,12
2008-337,Vienna,Hard,32,500,I,20081006,12,S799,,,Pavel Snobel,L,191,CZE,28.605,184,231,U032,,,Bohdan Ulihrach,R,188,CZE,33.618,379,88,4-6 7-6(4) 7-6(5),3,Q2,141,10,2,122,70,48,26,17,4,8,4,6,115,69,48,25,17,5,8
2008-429,Stockholm,Hard,32,250,I,20081006,1,MA21,,,Juan Monaco,R,185,ARG,24.523,43,825,D361,,,Massimo Dell'Acqua,R,193,ITA,29.084,350,97,6-2 7-6(5),3,Q1,74,5,3,59,39,33,11,10,0,0,8,4,61,41,32,10,10,3,5
2008-429,Stockholm,Hard,32,250,I,20081006,2,L430,,,Giovanni Lapentti,R,193,ECU,25.697,190,217,R383,2,,Ruben Ramirez Hidalgo,R,183,ESP,30.749,130,373,7-6(4) 6-3,3,Q1,91,8,6,62,36,29,13,11,2,5,1,5,66,28,18,19,10,6,10
2008-429,Stockholm,Hard,32,250,I,20081006,3,C723,3,,Flavio Cipolla,R,173,ITA,24.964,124,383,BG48,,,Patrik Brydolf,R,,SWE,16.86,1650,1,6-1 6-2,3,Q1,60,1,1,39,25,22,8,7,3,3,1,2,54,23,12,12,8,1,6
2008-429,Stockholm,Hard,32,250,I,20081006,4,B503,,,George Bastl,R,183,SUI,33.517,327,108,D438,4,,Amer Delic,R,196,BIH,26.27,134,364,7-5 6-3,3,Q1,92,6,2,62,36,28,17,11,3,4,3,4,70,39,23,18,10,7,10
2008-429,Stockholm,Hard,32,250,I,20081006,5,S673,5,,Joseph Sirianni,R,178,AUS,33.719,142,330,BH94,,,Tobias Blomgren,,,SWE,16.244,,,6-1 4-6 6-1,3,Q1,115,3,2,73,50,38,13,12,7,8,3,6,70,45,29,7,12,4,9
2008-429,Stockholm,Hard,32,250,I,20081006,6,BC65,,,Matthias Bachinger,R,188,GER,21.514,175,247,BG16,,,Daniel Berta,R,178,SWE,15.86,,,7-6(5) 7-6(4),3,Q1,82,14,3,77,52,39,13,12,2,4,6,5,80,42,30,21,12,0,2
2008-429,Stockholm,Hard,32,250,I,20081006,7,E254,7,,Brendan Evans,R,188,USA,22.497,178,243,O253,,,Dawid Olejniczak,R,,POL,25.602,198,208,6-3 6-0,3,Q1,48,8,0,42,23,21,12,8,1,1,6,2,55,32,16,11,7,6,10
2008-429,Stockholm,Hard,32,250,I,20081006,8,R364,,,Bjorn Rehnquist,R,175,SWE,30.752,183,232,N313,,,Timo Nieminen,R,185,FIN,27.001,481,58,6-2 6-1,3,Q1,61,0,1,35,24,17,9,7,0,1,1,3,62,41,21,5,8,11,17
2008-429,Stockholm,Hard,32,250,I,20081006,9,E673,,,Chris Eaton,R,,GBR,20.86,378,88,C968,,,Marco Crugnola,R,188,ITA,25.372,225,179,7-6(2) 6-3,3,Q1,87,12,9,75,41,35,17,11,5,5,3,7,70,34,26,16,10,1,2
2008-429,Stockholm,Hard,32,250,I,20081006,10,K771,,,Marsel Ilhan,R,191,TUR,21.322,213,192,R782,,,Julian Reister,R,188,GER,22.513,277,133,7-6(5) 6-2,3,Q1,87,7,6,62,25,20,23,10,1,2,2,1,66,45,28,12,10,4,7
2008-429,Stockholm,Hard,32,250,I,20081006,11,K540,,,Lukasz Kubot,R,191,POL,26.393,186,224,MJ91,,,Nima Madami,,,SUI,,,,6-2 6-2,3,Q1,53,2,2,37,15,14,18,8,0,0,0,5,57,39,22,7,8,3,7
2008-429,Stockholm,Hard,32,250,I,20081006,12,M760,,,Oliver Marach,R,185,AUT,28.225,370,91,E639,,,Ervin Eleskovic,R,,SWE,21.415,426,70,6-4 7-6(5),3,Q1,104,4,5,76,35,27,22,11,2,4,10,10,84,38,31,19,11,6,9
2008-429,Stockholm,Hard,32,250,I,20081006,13,M800,,,Jan Minar,R,,CZE,27.493,302,118,G861,,,Tim Goransson,,,SWE,20.531,647,32,6-3 7-6(6),3,Q1,81,5,5,66,38,32,15,11,1,2,6,3,61,34,24,14,10,1,3
2008-429,Stockholm,Hard,32,250,I,20081006,14,N390,,,Frederik Nielsen,R,188,DEN,25.112,248,160,P567,,,Filip Prpic,R,173,SWE,26.366,323,110,6-3 6-2,3,Q1,65,2,5,49,29,26,9,8,5,5,4,2,62,35,22,11,9,4,8
2008-429,Stockholm,Hard,32,250,I,20081006,15,Q019,,,Aisam-Ul-Haq Qureshi,R,183,PAK,28.556,206,198,P701,,,Michal Przysiezny,R,185,POL,24.638,572,42,5-7 7-6(2) 7-6(4),3,Q1,150,29,9,118,72,61,24,18,3,5,13,6,108,69,53,24,18,4,5
2008-429,Stockholm,Hard,32,250,I,20081006,16,R632,,,Michael Ryderstedt,L,188,SWE,23.899,298,122,W503,,,James Ward,R,188,GBR,21.656,377,89,7-6(7) 6-2,3,Q1,87,12,1,64,41,33,15,10,0,0,5,4,77,33,26,22,10,2,4
2008-429,Stockholm,Hard,32,250,I,20081006,17,MA21,,,Juan Monaco,R,185,ARG,24.523,43,825,M760,,,Oliver Marach,R,185,AUT,28.225,370,91,7-5 6-2,3,Q2,70,5,3,51,31,23,13,10,2,4,4,6,58,31,21,9,10,2,7
2008-429,Stockholm,Hard,32,250,I,20081006,18,C723,3,,Flavio Cipolla,R,173,ITA,24.964,124,383,K771,,,Marsel Ilhan,R,191,TUR,21.322,213,192,4-6 6-1 6-1,3,Q2,113,2,6,86,56,39,12,12,5,8,7,2,87,45,24,18,12,7,14
2008-429,Stockholm,Hard,32,250,I,20081006,19,K540,,,Lukasz Kubot,R,191,POL,26.393,186,224,S673,5,,Joseph Sirianni,R,178,AUS,33.719,142,330,7-6(1) 6-3,3,Q2,99,11,6,82,43,35,14,11,2,5,11,2,67,35,21,16,10,1,5
2008-429,Stockholm,Hard,32,250,I,20081006,20,BC65,,,Matthias Bachinger,R,188,GER,21.514,175,247,M800,,,Jan Minar,R,,CZE,27.493,302,118,7-6(4) 6-3,3,Q2,82,10,2,70,37,32,20,11,1,1,7,5,72,41,26,20,10,4,5
2008-429,Stockholm,Hard,32,250,I,20081006,21,N390,,,Frederik Nielsen,R,188,DEN,25.112,248,160,E254,7,,Brendan Evans,R,188,USA,22.497,178,243,6-4 4-6 7-5,3,Q2,110,15,5,104,61,46,22,16,2,4,13,2,108,70,49,16,16,7,10
2008-429,Stockholm,Hard,32,250,I,20081006,22,R364,,,Bjorn Rehnquist,R,175,SWE,30.752,183,232,R632,,,Michael Ryderstedt,L,188,SWE,23.899,298,122,6-4 6-7(2) 6-3,3,Q2,151,1,3,99,55,38,28,16,4,6,12,7,101,52,41,22,15,2,6
2008-429,Stockholm,Hard,32,250,I,20081006,23,B503,,,George Bastl,R,183,SUI,33.517,327,108,E673,,,Chris Eaton,R,,GBR,20.86,378,88,7-6(5) 3-6 6-3,3,Q2,125,6,1,87,58,44,19,15,4,6,15,5,101,70,53,14,15,4,6
2008-429,Stockholm,Hard,32,250,I,20081006,24,L430,,,Giovanni Lapentti,R,193,ECU,25.697,190,217,Q019,,,Aisam-Ul-Haq Qureshi,R,183,PAK,28.556,206,198,6-7(3) 6-2 7-5,3,Q2,144,3,3,100,74,53,15,16,0,0,13,5,92,51,43,19,16,2,5
2008-429,Stockholm,Hard,32,250,I,20081006,25,N390,,,Frederik Nielsen,R,188,DEN,25.112,248,160,MA21,,,Juan Monaco,R,185,ARG,24.523,43,825,6-2 7-5,3,Q3,83,2,1,70,38,25,18,10,3,5,1,3,71,43,25,12,10,8,13
2008-429,Stockholm,Hard,32,250,I,20081006,26,BC65,,,Matthias Bachinger,R,188,GER,21.514,175,247,C723,3,,Flavio Cipolla,R,173,ITA,24.964,124,383,4-6 7-5 6-1,3,Q3,127,8,2,95,55,39,20,15,3,7,3,6,103,71,42,12,14,6,12
2008-429,Stockholm,Hard,32,250,I,20081006,27,R364,,,Bjorn Rehnquist,R,175,SWE,30.752,183,232,L430,,,Giovanni Lapentti,R,193,ECU,25.697,190,217,6-4 7-6(5),3,Q3,120,4,3,75,41,32,18,11,4,6,2,2,81,49,36,11,11,9,12
2008-429,Stockholm,Hard,32,250,I,20081006,28,B503,,,George Bastl,R,183,SUI,33.517,327,108,K540,,,Lukasz Kubot,R,191,POL,26.393,186,224,6-4 1-6 7-6(3),3,Q3,15,8,3,82,45,33,18,14,3,7,12,4,104,70,49,16,15,5,8
2008-438,Moscow,Hard,32,250,I,20081006,1,103184,,,Jiri Vanek,R,185,CZE,30.453,116,400,104473,,,Konstantin Kravchuk,R,191,RUS,23.617,299,120,6-2 6-2,3,Q1,64,4,1,48,30,24,10,8,0,0,1,3,44,28,14,8,8,4,8
2008-438,Moscow,Hard,32,250,I,20081006,2,104797,,,Denis Istomin,R,185,UZB,22.081,121,386,105128,,,Stanislav Vovk,R,185,RUS,17.629,1222,4,6-2 6-3,3,Q1,72,5,2,55,34,26,12,10,2,3,4,1,62,38,20,10,10,1,5
2008-438,Moscow,Hard,32,250,I,20081006,3,103848,3,,Mikhail Elgin,R,183,RUS,26.979,147,310,104033,,,Andrei Gorban,,,MDA,25.218,374,90,6-7(3) 6-3 6-4,3,Q1,138,8,4,95,58,42,18,17,4,6,5,12,112,68,44,20,16,3,8
2008-438,Moscow,Hard,32,250,I,20081006,4,105001,4,,Andrey Golubev,R,180,KAZ,21.21,153,290,106030,,,Philipp Davydenko,R,183,RUS,16.093,,,6-0 6-0,3,Q1,42,4,0,28,18,16,6,5,0,0,1,0,32,20,8,4,4,6,6
2008-438,Moscow,Hard,32,250,I,20081006,5,105051,5,,Mikhail Kukushkin,R,183,KAZ,20.78,159,272,104331,,,Alexei Filenkov,,,,,816,18,6-0 6-4,3,Q1,68,6,2,48,30,24,10,8,1,2,1,4,52,32,16,8,8,5,9
2008-438,Moscow,Hard,32,250,I,20081006,6,103248,,,Harel Levy,R,185,ISR,30.171,194,210,103986,,,Sergei Krotiouk,,,,,565,44,4-6 6-2 6-1,3,Q1,114,7,3,82,51,38,18,15,3,6,4,8,92,55,32,15,13,4,8
2008-438,Moscow,Hard,32,250,I,20081006,7,105032,7,,Illya Marchenko,R,185,UKR,21.079,209,194,104953,,,Denys Molchanov,R,188,UKR,21.394,447,65,7-5 6-4,3,Q1,96,5,3,72,45,34,14,11,2,3,4,6,82,51,30,12,11,2,6
2008-438,Moscow,Hard,32,250,I,20081006,8,104712,8,,Mikhail Ledovskikh,R,188,RUS,22.163,272,137,105085,,,Ivan Sergeyev,R,175,UKR,20.712,352,97,6-4 6-1,3,Q1,68,8,2,48,30,25,10,8,1,2,3,4,55,32,18,9,8,1,4
2008-438,Moscow,Hard,32,250,I,20081006,9,104889,,,Ilya Belyaev,R,180,RUS,18.16,477,58,104055,,,Sergei Demekhine,,,,,766,21,6-1 5-7 6-4,3,Q1,126,12,5,105,65,48,22,18,4,7,5,8,112,68,44,20,16,4,8
2008-438,Moscow,Hard,32,250,I,20081006,10,105238,,,Alexandr Dolgopolov,R,180,UKR,19.912,332,106,104996,,,Danila Arsenov,,,,,436,69,6-2 6-3,3,Q1,78,6,2,55,34,26,12,10,1,2,3,4,62,38,20,10,10,2,5
2008-438,Moscow,Hard,32,250,I,20081006,11,103362,,,Alexey Kedryuk,R,193,KAZ,28.162,390,85,110254,,,Anton Manegin,,,,,,,6-1 6-0,3,Q1,48,5,1,35,22,18,8,7,0,0,1,0,38,24,10,6,6,5,8
2008-438,Moscow,Hard,32,250,I,20081006,12,105701,,,Andrey Kuznetsov,R,183,RUS,17.621,774,20,104938,,,Sergey Betov,R,185,,20.977,677,29,4-6 6-6 6-4 RET,3,Q1,135,5,4,98,62,44,20,17,4,6,5,8,112,68,42,20,16,3,7
2008-438,Moscow,Hard,32,250,I,20081006,13,104381,,,Denis Matsukevich,R,191,RUS,22.527,400,79,104845,,,Artur Chernov,,,,,633,33,7-5 0-6 6-2,3,Q1,118,6,5,92,58,40,18,15,5,10,4,8,105,62,36,18,15,4,8
2008-438,Moscow,Hard,32,250,I,20081006,14,103212,,,Noam Okun,R,185,ISR,30.475,521,51,105202,,,Andrei Karatchenia,,,BLR,19.759,593,39,6-4 6-2,3,Q1,84,4,2,62,38,30,14,11,1,2,3,4,68,42,24,11,10,2,5
2008-438,Moscow,Hard,32,250,I,20081006,15,104909,,,Valery Rudnev,,,,,479,58,105072,,,Artem Smirnov,L,188,UKR,20.676,399,80,6-3 3-6 6-3,3,Q1,122,5,3,92,55,42,18,17,4,6,5,10,108,65,38,20,17,3,7
2008-438,Moscow,Hard,32,250,I,20081006,16,105312,,,Ilia Starkov,,,,,1200,4,105103,,,Pavel Chekhov,R,,RUS,20.194,290,128,7-6(3) 6-4,3,Q1,98,6,3,78,48,36,15,12,1,2,5,3,84,52,34,14,11,2,5
2008-438,Moscow,Hard,32,250,I,20081006,17,103184,,,Jiri Vanek,R,185,CZE,30.453,116,400,103362,,,Alexey Kedryuk,R,193,KAZ,28.162,390,85,6-2 6-4,3,Q2,78,6,2,55,34,26,12,10,1,2,3,4,62,38,22,10,10,2,5
2008-438,Moscow,Hard,32,250,I,20081006,18,104797,,,Denis Istomin,R,185,UZB,22.081,121,386,105312,,,Ilia Starkov,,,,,1200,4,7-5 6-3,3,Q2,92,8,3,72,45,36,14,11,2,3,4,6,82,51,34,12,11,2,5
2008-438,Moscow,Hard,32,250,I,20081006,19,103848,3,,Mikhail Elgin,R,183,RUS,26.979,147,310,104889,,,Ilya Belyaev,R,180,RUS,18.16,477,58,6-3 6-3,3,Q2,82,6,2,62,40,31,12,10,1,2,3,4,68,42,26,10,9,2,5
2008-438,Moscow,Hard,32,250,I,20081006,20,104909,,,Valery Rudnev,,,,,479,58,105001,4,,Andrey Golubev,R,180,KAZ,21.21,153,290,6-3 3-6 6-4,3,Q2,126,7,4,95,58,42,20,17,4,7,5,8,102,64,38,20,15,4,8
2008-438,Moscow,Hard,32,250,I,20081006,21,105051,5,,Mikhail Kukushkin,R,183,KAZ,20.78,159,272,105701,,,Andrey Kuznetsov,R,183,RUS,17.621,774,20,6-3 6-2,3,Q2,72,5,1,54,32,26,12,9,0,0,1,3,58,35,18,8,8,2,6
2008-438,Moscow,Hard,32,250,I,20081006,22,103248,,,Harel Levy,R,185,ISR,30.171,194,210,105238,,,Alexandr Dolgopolov,R,180,UKR,19.912,332,106,6-3 6-4,3,Q2,88,8,2,65,42,32,15,11,1,2,3,5,72,45,26,12,10,1,4
2008-438,Moscow,Hard,32,250,I,20081006,23,103212,,,Noam Okun,R,185,ISR,30.475,521,51,105032,7,,Illya Marchenko,R,185,UKR,21.079,209,194,6-3 6-0,3,Q2,68,5,1,48,30,24,10,8,0,0,1,1,42,25,12,6,6,3,6
2008-438,Moscow,Hard,32,250,I,20081006,24,104381,,,Denis Matsukevich,R,191,RUS,22.527,400,79,104712,8,,Mikhail Ledovskikh,R,188,RUS,22.163,272,137,7-6(4) 7-6(3),3,Q2,105,10,4,88,52,42,18,15,3,5,4,6,92,58,38,15,13,1,4
2008-438,Moscow,Hard,32,250,I,20081006,25,103184,,,Jiri Vanek,R,185,CZE,30.453,116,400,105051,5,,Mikhail Kukushkin,R,183,KAZ,20.78,159,272,6-3 6-3,3,Q3,84,7,2,62,38,30,14,11,1,2,3,4,68,42,24,11,10,2,5
2008-438,Moscow,Hard,32,250,I,20081006,26,104797,,,Denis Istomin,R,185,UZB,22.081,121,386,104381,,,Denis Matsukevich,R,191,RUS,22.527,400,79,6-3 6-3,3,Q3,86,8,3,65,42,33,15,11,1,2,3,5,72,45,26,12,10,1,4
2008-438,Moscow,Hard,32,250,I,20081006,27,103248,,,Harel Levy,R,185,ISR,30.171,194,210,103848,3,,Mikhail Elgin,R,183,RUS,26.979,147,310,4-6 6-3 6-4,3,Q3,126,10,4,95,58,44,20,17,3,6,5,8,102,64,38,20,15,4,8
2008-438,Moscow,Hard,32,250,I,20081006,28,103212,,,Noam Okun,R,185,ISR,30.475,521,51,104909,,,Valery Rudnev,,,,,479,58,6-4 6-3,3,Q3,92,6,2,68,42,32,15,11,1,2,3,4,75,48,28,12,10,1,4
2008-1536,Madrid Masters,Hard,48,M,O,20081012,1,G569,,,Robby Ginepri,R,183,USA,26.015,64,635,T742,1,,Janko Tipsarevic,R,180,SRB,24.307,41,845,6-3 3-6 6-2,3,Q1,108,13,1,88,59,40,19,13,10,11,9,3,89,52,35,17,13,3,6
2008-1536,Madrid Masters,Hard,48,M,O,20081012,2,BA98,,,Simone Bolelli,R,183,ITA,23.012,46,810,L290,,,Nicolas Lapentti,R,188,ECU,32.164,78,549,6-4 6-3,3,Q1,78,6,2,48,24,20,16,9,0,0,6,0,53,29,22,11,10,0,3
2008-1536,Madrid Masters,Hard,48,M,O,20081012,3,A389,3,,Jose Acasuso,R,191,ARG,25.979,47,803,A596,,,Pablo Andujar,R,180,ESP,22.719,96,478,6-3 3-6 2-0 RET,3,Q1,102,8,1,65,41,34,10,10,3,4,1,6,80,53,35,11,10,2,4
2008-1536,Madrid Masters,Hard,48,M,O,20081012,4,L360,4,,Ivan Ljubicic,R,193,CRO,29.569,49,780,G621,,,Chris Guccione,L,201,AUS,23.203,88,521,6-3 7-5,3,Q1,66,13,4,57,29,26,19,11,0,0,11,5,49,28,24,12,10,2,4
2008-1536,Madrid Masters,Hard,48,M,O,20081012,5,R397,,,Olivier Rochus,R,168,BEL,27.732,110,442,C478,5,,Agustin Calleri,R,183,ARG,32.077,50,745,6-3 6-1,3,Q1,61,4,1,44,25,17,17,8,0,0,6,0,55,29,20,8,8,6,10
2008-1536,Madrid Masters,Hard,48,M,O,20081012,6,B747,6,,Julien Benneteau,R,185,FRA,26.812,52,710,N309,,,Ivan Navarro,R,183,ESP,26.982,74,559,6-7(4) 7-6(4) 6-3,3,Q1,159,10,6,104,74,61,14,17,3,5,13,3,111,62,45,27,16,3,6
2008-1536,Madrid Masters,Hard,48,M,O,20081012,7,S963,,,Florent Serra,R,180,FRA,27.619,53,703,D875,,,Grigor Dimitrov,R,191,BUL,17.41,478,58,6-3 6-3,3,Q1,60,3,0,45,28,22,13,9,1,2,7,3,58,41,27,4,9,2,6
2008-1536,Madrid Masters,Hard,48,M,O,20081012,8,SE66,8,,Eduardo Schwank,R,183,ARG,22.472,54,696,B517,,,Oscar Burrieza-Lopez,R,170,ESP,33.227,653,31,7-6(5) 6-4,3,Q1,90,10,2,70,48,35,16,11,3,3,4,1,64,35,28,19,11,0,1
2008-1536,Madrid Masters,Hard,48,M,O,20081012,9,G710,,,Marcel Granollers,R,191,ESP,22.502,55,696,G985,,,Carlos Gomez-Herrera,R,191,ESP,18.453,1865,1,6-0 6-2,3,Q1,59,6,0,41,23,18,13,7,3,3,0,1,48,21,12,7,7,2,7
2008-1536,Madrid Masters,Hard,48,M,O,20081012,10,D632,,,Steve Darcis,R,175,BEL,24.583,58,689,D469,,,Nicolas Devilder,L,173,FRA,28.55,63,657,6-4 7-6(1),3,Q1,81,2,1,66,38,30,16,11,2,3,2,0,66,42,26,14,11,2,4
2008-1536,Madrid Masters,Hard,48,M,O,20081012,11,H528,,,Victor Hanescu,R,198,ROU,27.228,72,579,G476,11,,Guillermo Garcia-Lopez,R,185,ESP,25.358,59,676,6-1 7-6(2),3,Q1,86,3,0,59,46,36,6,10,2,3,1,2,67,39,23,11,9,9,12
2008-1536,Madrid Masters,Hard,48,M,O,20081012,12,C433,12,,Guillermo Canas,R,185,ARG,30.88,61,670,MA30,,,Gilles Muller,L,193,LUX,25.429,68,602,4-6 6-2 6-4,3,Q1,117,9,7,103,54,41,27,14,11,12,7,2,74,39,34,17,14,2,5
2008-1536,Madrid Masters,Hard,48,M,O,20081012,13,D632,,,Steve Darcis,R,175,BEL,24.583,58,689,BA98,,,Simone Bolelli,R,183,ITA,23.012,46,810,7-6(4) 7-6(2),3,Q2,111,7,0,85,44,34,22,12,3,5,9,2,76,52,36,14,12,1,3
2008-1536,Madrid Masters,Hard,48,M,O,20081012,14,S963,,,Florent Serra,R,180,FRA,27.619,53,703,A389,3,,Jose Acasuso,R,191,ARG,25.979,47,803,6-4 6-4,3,Q2,81,4,2,71,45,36,14,10,1,1,5,2,60,35,22,16,10,1,3
2008-1536,Madrid Masters,Hard,48,M,O,20081012,15,G710,,,Marcel Granollers,R,191,ESP,22.502,55,696,L360,4,,Ivan Ljubicic,R,193,CRO,29.569,49,780,7-5 7-5,3,Q2,109,7,3,71,36,29,22,12,4,5,8,3,76,45,32,13,12,4,7
2008-1536,Madrid Masters,Hard,48,M,O,20081012,16,H528,,,Victor Hanescu,R,198,ROU,27.228,72,579,B747,6,,Julien Benneteau,R,185,FRA,26.812,52,710,6-4 6-3,3,Q2,82,10,2,68,48,36,7,10,2,3,6,5,53,32,22,9,9,1,4
2008-1536,Madrid Masters,Hard,48,M,O,20081012,17,G569,,,Robby Ginepri,R,183,USA,26.015,64,635,SE66,8,,Eduardo Schwank,R,183,ARG,22.472,54,696,7-6(2) 6-4,3,Q2,82,6,4,67,46,36,10,11,3,5,5,3,77,54,40,7,11,1,4
2008-1536,Madrid Masters,Hard,48,M,O,20081012,18,R397,,,Olivier Rochus,R,168,BEL,27.732,110,442,C433,12,,Guillermo Canas,R,185,ARG,30.88,61,670,7-5 6-3,3,Q2,109,2,3,76,45,33,19,11,4,5,10,3,64,27,20,18,10,7,10
2008-328,Basel,Hard,32,250,I,20081020,1,V309,,,Kristof Vliegen,R,193,BEL,26.33,96,482,M800,,,Jan Minar,R,,CZE,27.532,310,114,6-4 6-4,3,Q1,66,3,2,50,33,29,11,10,0,0,2,4,64,35,25,15,10,7,9
2008-328,Basel,Hard,32,250,I,20081020,2,BA86,,,Andreas Beck,L,191,GER,22.705,111,445,M836,,,Dominik Meffert,R,196,GER,27.532,225,179,3-6 6-3 6-4,3,Q1,111,10,3,90,58,39,18,14,0,3,6,8,88,56,39,13,14,4,8
2008-328,Basel,Hard,32,250,I,20081020,3,D875,,,Grigor Dimitrov,R,191,BUL,17.432,482,58,V207,3,,Jiri Vanek,R,185,CZE,30.491,126,382,7-5 4-6 7-6(6),3,Q1,142,3,2,110,70,45,23,17,10,14,5,4,102,61,44,21,17,6,10
2008-328,Basel,Hard,32,250,I,20081020,4,B896,,,Benjamin Becker,R,178,GER,27.346,137,340,T974,,,Yannick Thomet,,,SUI,20.405,1559,2,6-4 6-7(5) 6-1,3,Q1,87,17,0,80,53,47,16,15,1,2,8,9,86,45,35,19,14,6,10
2008-328,Basel,Hard,32,250,I,20081020,5,B503,,,George Bastl,R,183,SUI,33.555,267,135,K310,5,,Stefan Koubek,L,175,AUT,31.797,195,219,6-3 6-4,3,Q1,84,3,2,66,39,30,16,10,2,2,3,1,50,31,25,8,9,4,6
2008-328,Basel,Hard,32,250,I,20081020,6,D385,6,,Benedikt Dorsch,R,178,GER,27.775,169,261,SF76,,,Franko Skugor,R,196,CRO,21.084,345,98,6-4 6-3,3,Q1,87,3,2,55,35,28,14,10,1,1,4,1,82,53,31,16,9,13,15
2008-328,Basel,Hard,32,250,I,20081020,7,P467,7,,Alexander Peya,R,183,AUT,28.315,159,270,MG08,,,Yannick Mertens,R,185,BEL,21.322,384,86,6-3 6-2,3,Q1,55,4,4,51,32,25,11,9,3,4,1,3,57,37,19,10,8,6,10
2008-328,Basel,Hard,32,250,I,20081020,8,D487,,,Lukas Dlouhy,R,185,CZE,25.533,175,251,M983,,,Jonathan Marray,R,183,GBR,27.614,470,60,6-4 5-7 7-5,3,Q1,156,7,6,111,61,43,25,17,1,4,10,14,159,83,55,35,17,20,24
2008-328,Basel,Hard,32,250,I,20081020,9,B977,,,Richard Bloomfield,R,185,GBR,25.484,286,124,D646,,,Ivan Dodig,R,183,CRO,23.797,404,78,7-5 6-1,3,Q1,73,9,4,54,38,30,9,10,3,4,3,2,58,31,22,8,9,3,7
2008-328,Basel,Hard,32,250,I,20081020,10,E196,,,Rainer Eitzinger,R,178,AUT,25.314,294,122,K512,,,Ivo Klec,R,183,SVK,27.893,362,93,6-1 2-6 6-4,3,Q1,104,0,4,98,63,41,19,13,9,11,2,6,92,45,31,23,12,5,8
2008-328,Basel,Hard,32,250,I,20081020,11,G967,,,Peter Gojowczyk,R,188,GER,19.266,332,105,O305,,,Philipp Oswald,R,201,AUT,22.741,387,85,6-4 7-6(3),3,Q1,78,10,3,79,48,33,20,11,3,4,7,3,66,40,28,14,11,2,4
2008-328,Basel,Hard,32,250,I,20081020,12,H704,,,Jesse Huta Galung,R,,NED,23.039,188,228,P701,,,Michal Przysiezny,R,185,POL,24.676,615,36,6-4 2-6 7-6(7),3,Q1,133,11,3,93,45,40,21,15,1,4,9,1,105,61,43,25,15,4,6
2008-328,Basel,Hard,32,250,I,20081020,13,K436,,,Dieter Kindlmann,R,183,GER,26.382,238,167,SD69,,,Louk Sorensen,R,175,IRL,23.784,299,120,6-4 6-0,3,Q1,59,2,0,52,34,27,10,8,5,5,4,2,50,35,20,7,8,1,5
2008-328,Basel,Hard,32,250,I,20081020,14,L523,,,Michael Lammer,R,185,SUI,26.574,363,93,K839,,,Tobias Kamke,R,178,GER,22.418,240,166,6-2 1-1 RET,3,Q1,56,1,0,33,22,16,6,5,4,4,1,3,39,27,18,4,5,7,9
2008-328,Basel,Hard,32,250,I,20081020,15,R782,,,Julian Reister,R,188,GER,22.552,270,133,L513,,,Miguel Angel Lopez Jaen,R,188,ESP,25.892,192,222,6-2 6-2,3,Q1,63,1,1,41,31,28,5,8,0,0,4,1,55,25,15,13,8,3,7
2008-328,Basel,Hard,32,250,I,20081020,16,S813,,,Jean-Claude Scherrer,R,188,SUI,30.253,765,20,SG88,,,Alexander Sadecky,L,193,SUI,21.292,669,31,6-7(3) 7-6(6) 6-4,3,Q1,140,17,3,107,67,52,24,17,3,4,12,5,112,59,47,32,17,2,4
2008-328,Basel,Hard,32,250,I,20081020,17,V309,,,Kristof Vliegen,R,193,BEL,26.33,96,482,S813,,,Jean-Claude Scherrer,R,188,SUI,30.253,765,20,6-2 6-4,3,Q2,58,5,1,52,31,29,10,9,3,3,6,3,46,30,21,8,9,1,4
2008-328,Basel,Hard,32,250,I,20081020,18,BA86,,,Andreas Beck,L,191,GER,22.705,111,445,K436,,,Dieter Kindlmann,R,183,GER,26.382,238,167,4-6 7-6(6) 6-2,3,Q2,153,5,10,114,60,46,25,15,3,5,7,5,115,72,43,23,15,8,11
2008-328,Basel,Hard,32,250,I,20081020,19,B896,,,Benjamin Becker,R,178,GER,27.346,137,340,E196,,,Rainer Eitzinger,R,178,AUT,25.314,294,122,7-6(7) 6-4,3,Q2,84,8,2,70,39,27,20,11,2,4,1,3,84,60,36,13,11,4,7
2008-328,Basel,Hard,32,250,I,20081020,20,B977,,,Richard Bloomfield,R,185,GBR,25.484,286,124,D385,6,,Benedikt Dorsch,R,178,GER,27.775,169,261,3-6 6-3 6-4,3,Q2,110,9,3,78,54,43,12,14,0,1,2,4,84,50,36,19,14,4,6
2008-328,Basel,Hard,32,250,I,20081020,21,L523,,,Michael Lammer,R,185,SUI,26.574,363,93,P467,7,,Alexander Peya,R,183,AUT,28.315,159,270,7-6(1) 6-4,3,Q2,101,6,1,76,46,31,19,11,3,5,6,4,69,44,32,9,11,5,8
2008-328,Basel,Hard,32,250,I,20081020,22,D487,,,Lukas Dlouhy,R,185,CZE,25.533,175,251,H704,,,Jesse Huta Galung,R,,NED,23.039,188,228,6-7(3) 6-3 6-3,3,Q2,121,4,2,89,57,41,21,15,3,5,4,3,115,70,42,23,15,8,13
2008-328,Basel,Hard,32,250,I,20081020,23,B503,,,George Bastl,R,183,SUI,33.555,267,135,G967,,,Peter Gojowczyk,R,188,GER,19.266,332,105,6-2 7-6(5),3,Q2,94,11,7,71,38,31,21,10,3,3,5,2,69,36,29,15,10,7,9
2008-328,Basel,Hard,32,250,I,20081020,24,R782,,,Julian Reister,R,188,GER,22.552,270,133,D875,,,Grigor Dimitrov,R,191,BUL,17.432,482,58,6-2 6-2,3,Q2,57,3,2,51,37,29,5,8,6,7,0,1,42,25,15,5,8,1,6
2008-328,Basel,Hard,32,250,I,20081020,25,V309,,,Kristof Vliegen,R,193,BEL,26.33,96,482,L523,,,Michael Lammer,R,185,SUI,26.574,363,93,6-2 7-5,3,Q3,78,13,1,64,41,33,12,10,2,2,2,0,68,42,24,14,10,6,9
2008-328,Basel,Hard,32,250,I,20081020,26,B503,,,George Bastl,R,183,SUI,33.555,267,135,BA86,,,Andreas Beck,L,191,GER,22.705,111,445,7-6(4) 6-3,3,Q3,92,14,2,70,50,39,14,11,3,3,3,6,62,40,29,11,10,2,3
2008-328,Basel,Hard,32,250,I,20081020,27,B896,,,Benjamin Becker,R,178,GER,27.346,137,340,B977,,,Richard Bloomfield,R,185,GBR,25.484,286,124,6-4 6-4,3,Q3,68,7,1,56,29,24,18,10,1,1,3,3,49,31,23,11,10,0,2
2008-328,Basel,Hard,32,250,I,20081020,28,D487,,,Lukas Dlouhy,R,185,CZE,25.533,175,251,R782,,,Julian Reister,R,188,GER,22.552,270,133,6-4 6-3,3,Q3,67,4,7,62,31,24,16,10,4,6,1,2,53,33,20,9,9,3,7
2008-568,St. Petersburg,Hard,32,250,I,20081020,1,G681,,,Teymuraz Gabashvili,R,185,GEO,23.411,67,623,D864,,,Evgeny Donskoy,R,185,RUS,18.45,689,28,6-3 1-6 7-6(2),3,Q1,105,4,7,87,40,33,28,14,2,5,12,6,88,41,37,21,14,5,7
2008-568,St. Petersburg,Hard,32,250,I,20081020,2,Z168,,,Mischa Zverev,L,191,GER,21.164,78,560,PA46,,,Filip Polasek,R,193,SVK,23.25,767,20,6-3 6-4,3,Q1,59,4,1,52,31,25,16,10,1,1,5,3,54,34,22,10,9,3,5
2008-568,St. Petersburg,Hard,32,250,I,20081020,3,G806,,,Andrey Golubev,R,180,KAZ,21.248,150,290,C445,,,Frantisek Cermak,R,193,CZE,31.932,921,12,6-2 6-3,3,Q1,61,3,1,41,22,21,12,8,0,0,1,7,67,36,23,10,9,6,10
2008-568,St. Petersburg,Hard,32,250,I,20081020,4,K926,,,Mikhail Kukushkin,R,183,KAZ,20.819,158,272,D908,,,Philipp Davydenko,R,183,RUS,16.131,,,6-0 6-0,3,Q1,37,1,0,39,29,21,6,6,1,1,0,9,39,21,9,3,6,3,9
2008-568,St. Petersburg,Hard,32,250,I,20081020,5,SD78,5,,Alexandre Sidorenko,R,185,FRA,20.671,189,225,MC18,,,Denis Matsukevich,R,191,RUS,22.565,445,66,6-7(5) 7-6(4) 6-4,3,Q1,141,10,7,118,67,54,23,17,7,10,5,1,112,74,47,24,17,3,7
2008-568,St. Petersburg,Hard,32,250,I,20081020,6,R628,6,,Laurent Recouderc,R,,AND,24.279,201,209,R790,,,Valery Rudnev,R,,RUS,20.676,483,58,6-4 6-2,3,Q1,69,6,3,59,33,21,15,9,3,5,1,1,48,30,16,8,9,1,6
2008-568,St. Petersburg,Hard,32,250,I,20081020,7,ME89,7,,Illya Marchenko,R,185,UKR,21.117,209,194,Z104,,,Lovro Zovko,R,191,CRO,27.592,517,52,6-2 6-2,3,Q1,58,4,5,42,25,19,7,8,1,4,0,2,43,26,8,4,8,3,10
2008-568,St. Petersburg,Hard,32,250,I,20081020,8,L702,8,,Mikhail Ledovskikh,R,188,RUS,22.201,265,137,BH74,,,Mikhail Balmashev,L,178,,18.209,1580,1,7-6(3) 5-7 6-3,3,Q1,127,8,5,99,54,41,27,17,2,5,6,7,115,86,56,12,16,7,10
2008-568,St. Petersburg,Hard,32,250,I,20081020,9,BC11,,,Sergei Bubka,R,188,UKR,21.692,271,133,BD82,,,Sergey Betov,R,185,,21.016,680,29,6-3 4-6 6-4,3,Q1,111,0,0,79,50,35,19,15,1,5,2,1,97,69,45,11,14,10,15
2008-568,St. Petersburg,Hard,32,250,I,20081020,10,D801,,,Alexandr Dolgopolov,R,180,UKR,19.951,331,106,J259,,,Andis Juska,R,,LAT,23.414,373,90,6-2 7-5,3,Q1,70,7,2,62,36,24,12,10,2,5,0,1,74,53,28,9,10,8,14
2008-568,St. Petersburg,Hard,32,250,I,20081020,11,G642,,,Andrei Gorban,,,MDA,25.257,372,90,K960,,,Vladyslav Klymenko,R,,UKR,20.323,678,29,3-6 6-3 6-3,3,Q1,87,2,3,76,46,38,14,13,4,6,12,2,71,46,34,12,14,3,7
2008-568,St. Petersburg,Hard,32,250,I,20081020,12,K872,,,Andrei Karatchenia,,,BLR,19.797,593,39,PB97,,,Andrei Plotniy,,,RUS,20.537,764,21,6-0 6-4,3,Q1,66,1,4,59,31,25,12,8,6,7,1,4,57,30,15,11,8,6,11
2008-568,St. Petersburg,Hard,32,250,I,20081020,13,K776,,,Konstantin Kravchuk,R,191,RUS,23.655,301,120,B757,,,Rohan Bopanna,R,193,IND,28.63,322,109,7-6(4) 6-7(4) 7-6(3),3,Q1,136,13,3,113,64,48,34,18,5,7,10,8,134,82,62,26,18,7,9
2008-568,St. Petersburg,Hard,32,250,I,20081020,14,MF71,,,Denys Molchanov,R,188,UKR,21.432,448,65,R984,,,Igor Rud,R,,,20.43,1350,3,6-3 6-1,3,Q1,115,1,0,38,26,22,10,8,0,0,0,3,57,40,25,5,8,7,11
2008-568,St. Petersburg,Hard,32,250,I,20081020,15,SE69,,,Ivan Sergeyev,R,175,UKR,20.75,350,97,KA74,,,Vladimir Karusevich,R,180,RUS,18.801,756,21,6-2 6-4,3,Q1,62,4,0,47,26,21,16,9,1,1,3,4,47,28,23,7,9,2,5
2008-568,St. Petersburg,Hard,32,250,I,20081020,16,SH77,,,Artem Smirnov,L,188,UKR,20.715,441,68,Z248,,,Dzmitry Zhyrmont,R,188,BLR,19.639,641,33,6-1 6-4,3,Q1,60,5,2,59,38,30,13,9,4,4,5,6,48,26,19,8,8,5,8
2008-568,St. Petersburg,Hard,32,250,I,20081020,17,104547,,,Teymuraz Gabashvili,R,185,GEO,23.411,67,623,104473,,,Konstantin Kravchuk,R,191,RUS,23.655,301,120,3-6 7-6(3) 6-3,3,Q2,132,10,5,98,58,44,18,15,3,6,6,10,105,68,44,18,17,4,7
2008-568,St. Petersburg,Hard,32,250,I,20081020,18,105023,,,Mischa Zverev,L,191,GER,21.164,78,560,105238,,,Alexandr Dolgopolov,R,180,UKR,19.951,331,106,7-5 6-3,3,Q2,88,8,2,65,42,32,15,11,1,2,3,5,72,45,26,12,10,1,4
2008-568,St. Petersburg,Hard,32,250,I,20081020,19,105001,,,Andrey Golubev,R,180,KAZ,21.248,150,290,105202,,,Andrei Karatchenia,,,BLR,19.797,593,39,6-2 6-4,3,Q2,72,5,1,54,32,26,12,9,0,0,1,3,58,35,18,8,8,2,6
2008-568,St. Petersburg,Hard,32,250,I,20081020,20,105051,,,Mikhail Kukushkin,R,183,KAZ,20.819,158,272,104033,,,Andrei Gorban,,,MDA,25.257,372,90,6-3 3-0 RET,3,Q2,54,4,1,38,24,19,8,7,0,0,1,1,42,25,12,6,6,3,6
2008-568,St. Petersburg,Hard,32,250,I,20081020,21,105085,,,Ivan Sergeyev,R,175,UKR,20.75,350,97,105096,5,,Alexandre Sidorenko,R,185,FRA,20.671,189,225,6-2 6-4,3,Q2,78,2,3,58,35,27,12,9,2,3,4,1,64,38,20,10,10,1,5
2008-568,St. Petersburg,Hard,32,250,I,20081020,22,104351,6,,Laurent Recouderc,R,,AND,24.279,201,209,104868,,,Sergei Bubka,R,188,UKR,21.692,271,133,7-5 2-6 6-3,3,Q2,122,5,4,92,55,40,18,17,4,7,5,8,98,62,36,18,15,4,8
2008-568,St. Petersburg,Hard,32,250,I,20081020,23,105032,7,,Illya Marchenko,R,185,UKR,21.117,209,194,105072,,,Artem Smirnov,L,188,UKR,20.715,441,68,6-4 6-2,3,Q2,82,6,2,62,40,31,12,10,1,2,3,4,68,42,26,10,9,2,5
2008-568,St. Petersburg,Hard,32,250,I,20081020,24,104953,,,Denys Molchanov,R,188,UKR,21.432,448,65,104712,8,,Mikhail Ledovskikh,R,188,RUS,22.201,265,137,6-3 4-6 6-2,3,Q2,126,7,5,95,58,42,20,17,3,6,5,8,102,64,38,20,15,4,8
2008-568,St. Petersburg,Hard,32,250,I,20081020,25,104547,,,Teymuraz Gabashvili,R,185,GEO,23.411,67,623,104351,6,,Laurent Recouderc,R,,AND,24.279,201,209,4-6 7-5 6-3,3,Q3,142,12,4,105,65,48,22,18,4,6,5,11,118,72,44,22,18,4,8
2008-568,St. Petersburg,Hard,32,250,I,20081020,26,105023,,,Mischa Zverev,L,191,GER,21.164,78,560,105085,,,Ivan Sergeyev,R,175,UKR,20.75,350,97,6-0 6-3,3,Q3,65,7,1,48,30,26,10,8,0,0,1,2,52,32,14,8,8,4,8
2008-568,St. Petersburg,Hard,32,250,I,20081020,27,105001,,,Andrey Golubev,R,180,KAZ,21.248,150,290,105032,7,,Illya Marchenko,R,185,UKR,21.117,209,194,6-4 6-1,3,Q3,74,6,2,58,35,28,12,9,1,2,4,2,64,38,20,10,10,3,7
2008-568,St. Petersburg,Hard,32,250,I,20081020,28,105051,,,Mikhail Kukushkin,R,183,KAZ,20.819,158,272,104953,,,Denys Molchanov,R,188,UKR,21.432,448,65,6-2 3-6 7-6(7),3,Q3,156,9,6,118,72,52,24,18,6,11,7,12,125,75,45,25,20,5,10
2008-352,Paris Masters,Hard,48,M,I,20081026,1,BA98,,,Simone Bolelli,R,183,ITA,23.05,42,838,G621,,,Chris Guccione,L,201,AUS,23.242,100,471,6-4 6-7(6) 7-5,3,Q1,119,3,2,99,70,56,19,17,0,1,16,1,94,61,50,19,17,5,8
2008-352,Paris Masters,Hard,48,M,I,20081026,2,L360,,,Ivan Ljubicic,R,193,CRO,29.607,46,785,R628,,,Laurent Recouderc,R,,AND,24.296,201,209,6-3 7-6(3),3,Q1,79,19,5,67,36,31,18,11,0,1,5,4,62,35,25,15,10,2,4
2008-352,Paris Masters,Hard,48,M,I,20081026,3,MA21,,,Juan Monaco,R,185,ARG,24.578,51,740,E678,,,Jonathan Eysseric,L,180,FRA,18.418,279,130,6-7(7) 7-6(1) 2-0 RET,3,Q1,137,4,1,86,52,39,19,13,2,3,3,3,102,51,36,24,13,9,11
2008-352,Paris Masters,Hard,48,M,I,20081026,4,G710,,,Marcel Granollers,R,191,ESP,22.541,52,732,SD78,,,Alexandre Sidorenko,R,185,FRA,20.687,189,225,3-6 6-1 6-3,3,Q1,88,6,0,66,48,37,10,12,3,4,2,2,82,46,33,13,13,6,10
2008-352,Paris Masters,Hard,48,M,I,20081026,5,T840,,,Viktor Troicki,R,193,SRB,22.708,53,726,V309,,,Kristof Vliegen,R,193,BEL,26.346,96,482,6-2 3-1 RET,3,Q1,42,5,1,35,25,20,5,6,2,2,0,0,38,23,11,7,6,0,3
2008-352,Paris Masters,Hard,48,M,I,20081026,6,G569,,,Robby Ginepri,R,183,USA,26.053,57,700,C487,,,Arnaud Clement,R,173,FRA,30.858,95,485,6-2 6-2,3,Q1,65,4,2,61,39,27,12,8,2,2,1,0,42,21,12,11,8,2,6
2008-352,Paris Masters,Hard,48,M,I,20081026,7,R397,,,Olivier Rochus,R,168,BEL,27.77,107,453,G476,7,,Guillermo Garcia-Lopez,R,185,ESP,25.396,60,686,1-6 6-3 7-6(3),3,Q1,138,3,3,101,58,37,23,14,4,8,8,3,111,79,50,13,14,14,17
2008-352,Paris Masters,Hard,48,M,I,20081026,8,S963,,,Florent Serra,R,180,FRA,27.658,61,663,G753,,,David Guez,R,185,FRA,25.884,191,223,1-6 6-3 6-4,3,Q1,87,7,4,84,57,42,13,13,5,7,5,3,71,38,30,18,13,1,3
2008-352,Paris Masters,Hard,48,M,I,20081026,9,M873,,,Nicolas Mahut,R,191,FRA,26.762,92,500,D469,9,,Nicolas Devilder,L,173,FRA,28.589,62,657,6-2 6-4,3,Q1,78,4,2,70,41,35,13,9,6,6,5,5,63,28,18,19,9,8,11
2008-352,Paris Masters,Hard,48,M,I,20081026,10,C433,,,Guillermo Canas,R,185,ARG,30.919,68,620,L657,,,Gary Lugassy,L,,FRA,26.185,292,123,6-0 6-1,3,Q1,60,8,2,37,21,19,10,7,0,0,0,0,50,28,14,7,6,6,11
2008-352,Paris Masters,Hard,48,M,I,20081026,11,N309,11,,Ivan Navarro,R,183,ESP,27.02,79,559,D729,,,Jonathan Dasnieres de Veigy,L,175,FRA,21.807,367,92,6-3 6-2,3,Q1,72,11,2,67,37,29,16,9,3,3,3,2,43,24,17,9,8,2,5
2008-352,Paris Masters,Hard,48,M,I,20081026,12,L290,12,,Nicolas Lapentti,R,188,ECU,32.203,83,544,R851,,,Mathieu Rodrigues,R,180,FRA,22.968,334,104,6-3 6-1,3,Q1,74,8,2,52,38,31,7,8,3,3,5,2,55,31,19,9,8,5,9
2008-352,Paris Masters,Hard,48,M,I,20081026,13,BA98,,,Simone Bolelli,R,183,ITA,23.05,42,838,S963,,,Florent Serra,R,180,FRA,27.658,61,663,6-3 6-4,3,Q2,57,9,0,51,33,30,12,10,0,0,5,2,49,35,27,4,9,2,4
2008-352,Paris Masters,Hard,48,M,I,20081026,14,L360,,,Ivan Ljubicic,R,193,CRO,29.607,46,785,C433,,,Guillermo Canas,R,185,ARG,30.919,68,620,6-4 4-6 6-1,3,Q2,115,13,4,86,39,34,25,14,2,3,5,3,68,39,31,13,13,1,4
2008-352,Paris Masters,Hard,48,M,I,20081026,15,MA21,,,Juan Monaco,R,185,ARG,24.578,51,740,L290,12,,Nicolas Lapentti,R,188,ECU,32.203,83,544,6-3 5-7 6-2,3,Q2,127,6,2,90,55,41,21,15,0,1,2,3,73,42,33,18,14,1,4
2008-352,Paris Masters,Hard,48,M,I,20081026,16,G710,,,Marcel Granollers,R,191,ESP,22.541,52,732,M873,,,Nicolas Mahut,R,191,FRA,26.762,92,500,5-7 6-4 6-2,3,Q2,113,9,4,84,53,42,16,15,0,1,10,6,90,57,43,14,15,1,4
2008-352,Paris Masters,Hard,48,M,I,20081026,17,T840,,,Viktor Troicki,R,193,SRB,22.708,53,726,R397,,,Olivier Rochus,R,168,BEL,27.77,107,453,7-5 7-5,3,Q2,107,14,3,82,48,37,11,12,8,11,1,3,74,34,19,21,12,6,11
2008-352,Paris Masters,Hard,48,M,I,20081026,18,G569,,,Robby Ginepri,R,183,USA,26.053,57,700,N309,11,,Ivan Navarro,R,183,ESP,27.02,79,559,6-3 6-2,3,Q2,67,4,0,49,32,26,11,9,0,0,6,2,62,34,22,12,8,5,8
